{
  "metadata": {
    "timestamps": {
      "start": "2026-02-18T19:56:55.560455",
      "end": "2026-02-18T19:56:55.613303",
      "duration_ms": 52
    },
    "url": {
      "full": "https://arkoselabs.roblox.com/cdn/fc/assets/pow/2.2.0/standard/index.html",
      "protocol": "https",
      "domain": "arkoselabs.roblox.com",
      "path": "/cdn/fc/assets/pow/2.2.0/standard/index.html",
      "normalized_path": "/{slug}/fc/{slug}/pow/2.2.0/{slug}/index.html",
      "query": {}
    },
    "method": "GET",
    "status_code": 200,
    "size": {
      "request_bytes": 0,
      "response_bytes": 395,
      "compressed": false
    },
    "content_type": "text/html",
    "cache_status": ""
  },
  "request": {
    "headers": {
      "sec-ch-ua": "\"Not(A:Brand\";v=\"8\", \"Chromium\";v=\"144\", \"Google Chrome\";v=\"144\"",
      "sec-ch-ua-mobile": "?0",
      "sec-ch-ua-platform": "\"Linux\"",
      "upgrade-insecure-requests": "1",
      "user-agent": "Mozilla/5.0 (X11; Linux x86_64) AppleWebKit/537.36 (KHTML, like Gecko) Chrome/144.0.0.0 Safari/537.36",
      "accept": "text/html,application/xhtml+xml,application/xml;q=0.9,image/avif,image/webp,image/apng,*/*;q=0.8,application/signed-exchange;v=b3;q=0.7",
      "sec-fetch-site": "same-origin",
      "sec-fetch-mode": "navigate",
      "sec-fetch-dest": "iframe",
      "referer": "https://arkoselabs.roblox.com/v2/4.0.14/enforcement.947e5a1f32d245445fcda4ff777843dc.html",
      "accept-encoding": "gzip, deflate, br, zstd",
      "accept-language": "en-US,en;q=0.9,fil;q=0.8",
      "cookie": "GuestData=UserID=-1784413165, RBXcb=RBXViralAcquisition%3Dtrue%26RBXSource%3Dtrue%26GoogleAnalytics%3Dtrue, RBXEventTrackerV2=CreateDate=10/04/2025 09:19:06&rbxid=7108482020&browserid=1759587403750002, _ga=GA1.1.1224127167.1759628996, _ga_F8VP9T1NT3=GS2.1.s1759628996$o1$g0$t1759629006$j50$l0$h0, __utmz=200924205.1769790118.9.3.utmcsr=appsflyer|utmccn=(not%20set)|utmcmd=cpa|utmcct=onelink, _gcl_au=1.1.445633669.1770730834, _scid=Wr9kCEc_3Nlyed1wABxVj3bEIIybNWtk, _scid_r=Wr9kCEc_3Nlyed1wABxVj3bEIIybNWtk, _fbp=fb.1.1770730835055.775171315334809685, _tt_enable_cookie=1, _ttp=01KH3WGKAR3H2AE8S5M5DX1J7W_.tt.1, ttcsid=1770730835310::miqHqGUEZxfvZ_nHbBwv.1.1770730835684.0, ttcsid_CSV31T3C77UDA0827220=1770730835307::XlXvMvpaVhbeZ9pnMwwy.1.1770730835685.0, _sctr=1%7C1770652800000, RBXSource=rbx_acquisition_time=02/10/2026 14:11:35&rbx_acquisition_referrer=&rbx_medium=cpa&rbx_source=appsflyer&rbx_campaign=onelink&rbx_adgroup=&rbx_keyword=&rbx_matchtype=&rbx_send_info=0, rbx-ip2=1, __utma=200924205.1785706367.1759587415.1770730834.1771414933.12, __utmb=200924205.0.10.1771414933, __utmc=200924205, RBXPaymentsFlowContext=6b863465-7439-4466-8678-42b7f0295720,",
      "priority": "u=0, i"
    },
    "payload": null
  },
  "response": {
    "headers": {
      "content-type": "text/html",
      "content-length": "395",
      "last-modified": "Mon, 15 Sep 2025 04:30:18 GMT",
      "x-amz-server-side-encryption": "AES256",
      "x-amz-version-id": "MgQRXelhRdo2Bf.aTcZP_3F8xDtaGopj",
      "accept-ranges": "bytes",
      "server": "cloudfront",
      "date": "Wed, 18 Feb 2026 01:33:51 GMT",
      "etag": "\"bc498a8d7f8873deae5e256dbe6c1cc5\"",
      "vary": "accept-encoding",
      "via": "1.1 3eafd911617df6700f1357b2dcc7380c.cloudfront.net (CloudFront)",
      "alt-svc": "h3=\":443\"; ma=86400",
      "age": "37385",
      "x-xss-protection": "1; mode=block",
      "referrer-policy": "strict-origin-when-cross-origin",
      "x-content-type-options": "nosniff",
      "strict-transport-security": "max-age=31536000; includeSubDomains",
      "accept-ch": "Device-Memory, Sec-CH-UA, Sec-CH-UA-Arch, Sec-CH-UA-Bitness, Sec-CH-DPR, Sec-CH-UA-Full-Version-List, Sec-CH-UA-Mobile, Sec-CH-UA-Model, Sec-CH-Viewport-Width, Sec-CH-UA-Platform, Sec-CH-UA-Platform-Version, Sec-CH-Width, Sec-CH-UA-Form-Factors",
      "content-security-policy": "connect-src 'self' *.arkoselabs.com *.darkoselabs.com *.tarkoselabs.com *.arkoselabs.cn *.arkose.com.cn; font-src 'self' *.arkoselabs.com *.darkoselabs.com *.tarkoselabs.com *.arkoselabs.cn *.arkose.com.cn; frame-src 'self' *.arkoselabs.com *.darkoselabs.com *.tarkoselabs.com *.arkoselabs.cn *.arkose.com.cn; img-src 'self' *.arkoselabs.com *.darkoselabs.com *.tarkoselabs.com *.arkoselabs.cn *.arkose.com.cn blob: data:;script-src 'self' *.arkoselabs.com *.darkoselabs.com *.tarkoselabs.com *.arkoselabs.cn *.arkose.com.cn; style-src 'nonce-MfIH3gn0of06B4ek8vpnbH' 'self' *.arkoselabs.com *.darkoselabs.com *.tarkoselabs.com *.arkoselabs.cn *.arkose.com.cn;",
      "x-cache": "Hit from cloudfront",
      "x-amz-cf-pop": "MNL51-P2",
      "x-amz-cf-id": "p6TnCBu_XAvWiaDZoc7sIka3w5aF8RH0hq1g-6IZFnp0a-rWX68s5w=="
    },
    "body": "<!doctype html><html lang=\"en\"><head><meta charset=\"UTF-8\"/><meta name=\"viewport\" content=\"width=device-width,user-scalable=no,initial-scale=1,maximum-scale=1,minimum-scale=1\"/><meta http-equiv=\"X-UA-Compatible\" content=\"ie=edge\"/><title>Document</title><script defer=\"defer\" src=\"main.8dd2262ea29b167ca1b6.js\"></script><link href=\"main.css\" rel=\"stylesheet\"></head><body id=\"app\"></body></html>"
  }
}