{
  "metadata": {
    "timestamps": {
      "start": "2026-02-18T19:56:58.549991",
      "end": "2026-02-18T19:56:58.908258",
      "duration_ms": 358
    },
    "url": {
      "full": "https://arkoselabs.roblox.com/fc/assets/ec-game-core/game-core/1.31.3/standard/378.chunk.f1945d53abd1f549c5ba.js",
      "protocol": "https",
      "domain": "arkoselabs.roblox.com",
      "path": "/fc/assets/ec-game-core/game-core/1.31.3/standard/378.chunk.f1945d53abd1f549c5ba.js",
      "normalized_path": "/{slug}/assets/{slug}/game-core/1.31.3/{slug}/378.chunk.f1945d53abd1f549c5ba.js",
      "query": {}
    },
    "method": "GET",
    "status_code": 200,
    "size": {
      "request_bytes": 0,
      "response_bytes": 4988,
      "compressed": true
    },
    "content_type": "application/javascript",
    "cache_status": ""
  },
  "request": {
    "headers": {
      "sec-ch-ua-platform": "\"Linux\"",
      "user-agent": "Mozilla/5.0 (X11; Linux x86_64) AppleWebKit/537.36 (KHTML, like Gecko) Chrome/144.0.0.0 Safari/537.36",
      "sec-ch-ua": "\"Not(A:Brand\";v=\"8\", \"Chromium\";v=\"144\", \"Google Chrome\";v=\"144\"",
      "sec-ch-ua-mobile": "?0",
      "accept": "*/*",
      "sec-fetch-site": "same-origin",
      "sec-fetch-mode": "no-cors",
      "sec-fetch-dest": "script",
      "referer": "https://arkoselabs.roblox.com/fc/assets/ec-game-core/game-core/1.31.3/standard/index.html?session=4881895554c448373.7161280104&r=ap-southeast-1&meta=3&metabgclr=transparent&metaiconclr=%23757575&maintxtclr=%23b8b8b8&guitextcolor=%23474747&pk=476068BF-9607-4799-B53D-966BE98E2B81&at=40&rid=94&ag=101&cdn_url=https%3A%2F%2Farkoselabs.roblox.com%2Fcdn%2Ffc&surl=https%3A%2F%2Farkoselabs.roblox.com&smurl=https%3A%2F%2Farkoselabs.roblox.com%2Fcdn%2Ffc%2Fassets%2Fstyle-manager",
      "accept-encoding": "gzip, deflate, br, zstd",
      "accept-language": "en-US,en;q=0.9,fil;q=0.8",
      "cookie": "GuestData=UserID=-1784413165, RBXcb=RBXViralAcquisition%3Dtrue%26RBXSource%3Dtrue%26GoogleAnalytics%3Dtrue, RBXEventTrackerV2=CreateDate=10/04/2025 09:19:06&rbxid=7108482020&browserid=1759587403750002, _ga=GA1.1.1224127167.1759628996, _ga_F8VP9T1NT3=GS2.1.s1759628996$o1$g0$t1759629006$j50$l0$h0, __utmz=200924205.1769790118.9.3.utmcsr=appsflyer|utmccn=(not%20set)|utmcmd=cpa|utmcct=onelink, _gcl_au=1.1.445633669.1770730834, _scid=Wr9kCEc_3Nlyed1wABxVj3bEIIybNWtk, _scid_r=Wr9kCEc_3Nlyed1wABxVj3bEIIybNWtk, _fbp=fb.1.1770730835055.775171315334809685, _tt_enable_cookie=1, _ttp=01KH3WGKAR3H2AE8S5M5DX1J7W_.tt.1, ttcsid=1770730835310::miqHqGUEZxfvZ_nHbBwv.1.1770730835684.0, ttcsid_CSV31T3C77UDA0827220=1770730835307::XlXvMvpaVhbeZ9pnMwwy.1.1770730835685.0, _sctr=1%7C1770652800000, RBXSource=rbx_acquisition_time=02/10/2026 14:11:35&rbx_acquisition_referrer=&rbx_medium=cpa&rbx_source=appsflyer&rbx_campaign=onelink&rbx_adgroup=&rbx_keyword=&rbx_matchtype=&rbx_send_info=0, rbx-ip2=1, __utma=200924205.1785706367.1759587415.1770730834.1771414933.12, __utmb=200924205.0.10.1771414933, __utmc=200924205, RBXPaymentsFlowContext=6b863465-7439-4466-8678-42b7f0295720,, timestamp=177141500818389"
    },
    "payload": null
  },
  "response": {
    "headers": {
      "content-type": "application/javascript",
      "last-modified": "Fri, 31 Oct 2025 07:23:09 GMT",
      "content-encoding": "gzip",
      "x-amz-server-side-encryption": "AES256",
      "x-amz-version-id": "e9ncyEFP5t.zM48domucDRpzWytw6Oyj",
      "server": "cloudfront",
      "date": "Wed, 18 Feb 2026 03:30:21 GMT",
      "etag": "W/\"e82ea3ae8a0b47ac43a65f5e1186fcae\"",
      "vary": "accept-encoding",
      "via": "1.1 3eafd911617df6700f1357b2dcc7380c.cloudfront.net (CloudFront)",
      "alt-svc": "h3=\":443\"; ma=86400",
      "age": "30400",
      "x-xss-protection": "1; mode=block",
      "referrer-policy": "strict-origin-when-cross-origin",
      "x-content-type-options": "nosniff",
      "strict-transport-security": "max-age=31536000; includeSubDomains",
      "accept-ch": "Device-Memory, Sec-CH-UA, Sec-CH-UA-Arch, Sec-CH-UA-Bitness, Sec-CH-DPR, Sec-CH-UA-Full-Version-List, Sec-CH-UA-Mobile, Sec-CH-UA-Model, Sec-CH-Viewport-Width, Sec-CH-UA-Platform, Sec-CH-UA-Platform-Version, Sec-CH-Width, Sec-CH-UA-Form-Factors",
      "content-security-policy": "default-src 'self'; script-src 'self' 'nonce-krdQ2LKmBuZaAHJMxBw28g'; style-src 'self' 'nonce-krdQ2LKmBuZaAHJMxBw28g'; img-src 'self' cdn.funcaptcha.com cdn.arkoselabs.com blob: data:; media-src 'self' blob: data:; connect-src 'self'",
      "x-cache": "Hit from cloudfront",
      "x-amz-cf-pop": "MNL51-P2",
      "x-amz-cf-id": "xZkgl7LogJFzYhF_6la0dDJ637q3agBKXTR8wM9kE7NXuUdQVN-AxA=="
    },
    "body": "(function(m,R){var gc_2me={m:0x162,R:0x12e,x:0x167,l:0x14c,S:0x152,N:0x16d,a:0x165,W:0x13e,u:0x17c,h:0x158,M:0x17d,v:0x184},my=gc_2l,x=m();while(!![]){try{var l=parseInt(my(gc_2me.m))/0x1*(parseInt(my(gc_2me.R))/0x2)+-parseInt(my(gc_2me.x))/0x3*(-parseInt(my(gc_2me.l))/0x4)+-parseInt(my(gc_2me.S))/0x5*(-parseInt(my(gc_2me.N))/0x6)+parseInt(my(gc_2me.a))/0x7+-parseInt(my(gc_2me.W))/0x8+-parseInt(my(gc_2me.u))/0x9*(-parseInt(my(gc_2me.h))/0xa)+-parseInt(my(gc_2me.M))/0xb*(parseInt(my(gc_2me.v))/0xc);if(l===R)break;else x['push'](x['shift']());}catch(S){x['push'](x['shift']());}}}(gc_2x,0xdd8ca));var gc_2R=(function(){var gc_2mg={m:0x15b},m=!![];return function(R,x){var l=m?function(){var mI=gc_2l;if(x){var S=x[mI(gc_2mg.m)](R,arguments);return x=null,S;}}:function(){};return m=![],l;};}()),gc_2m=gc_2R(this,function(){var gc_2mX={m:0x172,R:0x16b,x:0x17e,l:0x172,S:0x130,N:0x17e},mC=gc_2l;return gc_2m[mC(gc_2mX.m)]()[mC(gc_2mX.R)](mC(gc_2mX.x))[mC(gc_2mX.l)]()[mC(gc_2mX.S)](gc_2m)[mC(gc_2mX.R)](mC(gc_2mX.N));});gc_2m();'use strict';function gc_2x(){var Rg=['(((.+)+)+)+$','updater','type','getOwnPropertyNames','Fragment','useImperativeHandle','12jKPTPu','length','@@iterator','abcdefghijklmnopqrst','$&/','0123456789','useState','forwardRef','17.0.2','keys','Component','object','_status','__SECRET_INTERNALS_DO_NOT_USE_OR_YOU_WILL_BE_FIRED','abc','4RuApQA','react.suspense','constructor','isReactComponent','exports','current','react.forward_ref','prototype','number','split','StrictMode','react.context','useCallback','$$typeof','hasOwnProperty','useEffect','11455872ZKneNy','string','value','useContext','context','ref','useMemo','refs','isPureReactComponent','lazy','replace','Suspense','Profiler','propertyIsEnumerable','1396MPUwVx','isValidElement','getOwnPropertySymbols','Children','function','react.lazy','116685wLhMEc','createElement','fromCharCode','isArray','defaultProps','useLayoutEffect','430pnfnXD','createContext','version','apply','useRef','call','PureComponent','enqueueSetState','react.portal','default','328941tWdfxr','_owner','createFactory','11737418jWZFgu','forEach','14451GDoctx','react.memo','undefined','setState','search','Consumer','180KUdMZG','boolean','children','props','iterator','toString','join','react.provider','assign','react.fragment','key','useReducer','enqueueForceUpdate','next','_result','287766XJGNtS','41264641oWozFn'];gc_2x=function(){return Rg;};return gc_2x();}function gc_2l(m,R){var x=gc_2x();return gc_2l=function(l,S){l=l-0x123;var N=x[l];return N;},gc_2l(m,R);}(self['webpackChunkgame_core']=self['webpackChunkgame_core']||[])['push']([[0x17a],{0x9dd:function(m){var gc_2R4={m:0x14e,R:0x135,x:0x135,l:0x14b,S:0x132},gc_2R3={m:0x15d,R:0x185},gc_2R1={m:0x175,R:0x12d,x:0x181,l:0x154,S:0x124,N:0x181,a:0x187,W:0x137,u:0x166,h:0x187,M:0x128,v:0x173},mK=gc_2l,R=Object[mK(gc_2R4.m)],x=Object[mK(gc_2R4.R)]['hasOwnProperty'],l=Object[mK(gc_2R4.x)][mK(gc_2R4.l)];m[mK(gc_2R4.S)]=(function(){var mE=mK;try{if(!Object[mE(gc_2R1.m)])return!0x1;var S=new String(mE(gc_2R1.R));if(S[0x5]='de','5'===Object[mE(gc_2R1.x)](S)[0x0])return!0x1;for(var N={},a=0x0;a<0xa;a++)N['_'+String[mE(gc_2R1.l)](a)]=a;if(mE(gc_2R1.S)!==Object[mE(gc_2R1.N)](N)['map'](function(u){return N[u];})['join'](''))return!0x1;var W={};return mE(gc_2R1.a)[mE(gc_2R1.W)]('')[mE(gc_2R1.u)](function(u){W[u]=u;}),mE(gc_2R1.h)===Object[mE(gc_2R1.M)](Object[mE(gc_2R1.m)]({},W))[mE(gc_2R1.v)]('');}catch(u){return!0x1;}}())?Object['assign']:function(S,N){var mp=mK;for(var W,h,M=function(I){if(null==I)throw new TypeError('Object.assign cannot be called with null or undefined');return Object(I);}(S),v=0x1;v<arguments['length'];v++){for(var F in W=Object(arguments[v]))x[mp(gc_2R3.m)](W,F)&&(M[F]=W[F]);if(R){h=R(W);for(var y=0x0;y<h[mp(gc_2R3.R)];y++)l['call'](W,h[y])&&(M[h[y]]=W[h[y]]);}}return M;};},0x5ff:function(N,W,M){var gc_2Rn={m:0x182,R:0x138,x:0x14a,l:0x149,S:0x150,N:0x160,a:0x182,W:0x176,u:0x14a,h:0x174,M:0x139,v:0x134,F:0x12f,y:0x168,I:0x151,C:0x171,K:0x131,E:0x16a,p:0x135,J:0x135,O:0x130,G:0x146,j:0x135,U:0x14f,H:0x129,L:0x15e,b:0x12c,d:0x159,k:0x153,i:0x164,V:0x126,Z:0x14d,f:0x147,o:0x13a,w:0x141,q:0x13d,P:0x183,B:0x157,T:0x144,A:0x178,s:0x15c,D:0x125,r:0x15a,Q:0x127},gc_2Rr={m:0x15c},gc_2Rs={m:0x144},gc_2RA={m:0x157},gc_2RB={m:0x13d},gc_2Rq={m:0x141},gc_2Rw={m:0x13a},gc_2Rk={m:0x16c},gc_2Rd={m:0x170,R:0x177,x:0x143,l:0x163,S:0x143,N:0x133,a:0x180,W:0x180,u:0x156,h:0x180,M:0x15d,v:0x13c,F:0x185,y:0x16f,I:0x180},gc_2RJ={m:0x133},gc_2Rp={m:0x17b,R:0x12b,x:0x17b,l:0x12b,S:0x17b},gc_2Ry={m:0x169,R:0x16e,x:0x13f,l:0x136,S:0x12a,N:0x155,a:0x123,W:0x177,u:0x177,h:0x123,M:0x185,v:0x15d,F:0x17a,y:0x140},gc_2RF={m:0x12a,R:0x150,x:0x186},gc_2Rh={m:0x12a,R:0x177,x:0x172},gc_2Ru={m:0x148},gc_2Ra={m:0x12a,R:0x13b},gc_2RN={m:0x143,R:0x177,x:0x15d,l:0x13c,S:0x185,N:0x16f},gc_2RS={m:0x17f,R:0x179},gc_2Rl={m:0x150,R:0x17f,x:0x15f,l:0x16a},gc_2Rx={m:0x170,R:0x145,x:0x17f},gc_2Rm={m:0x170,R:0x142,x:0x145,l:0x17f},mJ=gc_2l,F=M(0x9dd),I=0xeac7,K=0xeaca;W[mJ(gc_2Rn.m)]=0xeacb,W[mJ(gc_2Rn.R)]=0xeacc,W[mJ(gc_2Rn.x)]=0xead2;var J=0xeacd,G=0xeace,U=0xead0;W[mJ(gc_2Rn.l)]=0xead1;var H=0xead3,L=0xead4;if(mJ(gc_2Rn.S)==typeof Symbol&&Symbol['for']){var V=Symbol['for'];I=V('react.element'),K=V(mJ(gc_2Rn.N)),W[mJ(gc_2Rn.a)]=V(mJ(gc_2Rn.W)),W[mJ(gc_2Rn.R)]=V('react.strict_mode'),W[mJ(gc_2Rn.u)]=V('react.profiler'),J=V(mJ(gc_2Rn.h)),G=V(mJ(gc_2Rn.M)),U=V(mJ(gc_2Rn.v)),W['Suspense']=V(mJ(gc_2Rn.F)),H=V(mJ(gc_2Rn.y)),L=V(mJ(gc_2Rn.I));}var Z='function'==typeof Symbol&&Symbol[mJ(gc_2Rn.C)];function q(mx){for(var ml='https://reactjs.org/docs/error-decoder.html?invariant='+mx,mS=0x1;mS<arguments['length'];mS++)ml+='&args[]='+encodeURIComponent(arguments[mS]);return'Minified React error #'+mx+'; visit '+ml+' for the full message or use the non-minified dev environment for full errors and additional helpful warnings.';}var B={'isMounted':function(){return!0x1;},'enqueueForceUpdate':function(){},'enqueueReplaceState':function(){},'enqueueSetState':function(){}},T={};function D(mx,ml,mS){var mO=mJ;this[mO(gc_2Rm.m)]=mx,this[mO(gc_2Rm.R)]=ml,this[mO(gc_2Rm.x)]=T,this[mO(gc_2Rm.l)]=mS||B;}function Q(){}function Y(mx,ml,mS){var mG=mJ;this[mG(gc_2Rx.m)]=mx,this['context']=ml,this[mG(gc_2Rx.R)]=T,this[mG(gc_2Rx.x)]=mS||B;}D['prototype'][mJ(gc_2Rn.K)]={},D['prototype'][mJ(gc_2Rn.E)]=function(mx,ml){var mj=mJ;if('object'!=typeof mx&&mj(gc_2Rl.m)!=typeof mx&&null!=mx)throw Error(q(0x55));this[mj(gc_2Rl.R)][mj(gc_2Rl.x)](this,mx,ml,mj(gc_2Rl.l));},D[mJ(gc_2Rn.p)]['forceUpdate']=function(mx){var mU=mJ;this[mU(gc_2RS.m)][mU(gc_2RS.R)](this,mx,'forceUpdate');},Q[mJ(gc_2Rn.p)]=D[mJ(gc_2Rn.J)];var z=Y[mJ(gc_2Rn.p)]=new Q();z[mJ(gc_2Rn.O)]=Y,F(z,D[mJ(gc_2Rn.p)]),z[mJ(gc_2Rn.G)]=!0x0;var X={'current':null},m0=Object[mJ(gc_2Rn.j)]['hasOwnProperty'],m1={'key':!0x0,'ref':!0x0,'__self':!0x0,'__source':!0x0};function m2(mx,ml,mS){var mH=mJ,mN,ma={},mW=null,mu=null;if(null!=ml){for(mN in(void 0x0!==ml[mH(gc_2RN.m)]&&(mu=ml['ref']),void 0x0!==ml['key']&&(mW=''+ml[mH(gc_2RN.R)]),ml))m0[mH(gc_2RN.x)](ml,mN)&&!m1[mH(gc_2RN.l)](mN)&&(ma[mN]=ml[mN]);}var mh=arguments[mH(gc_2RN.S)]-0x2;if(0x1===mh)ma['children']=mS;else{if(0x1<mh){for(var mM=Array(mh),mv=0x0;mv<mh;mv++)mM[mv]=arguments[mv+0x2];ma[mH(gc_2RN.N)]=mM;}}if(mx&&mx['defaultProps']){for(mN in mh=mx['defaultProps'])void 0x0===ma[mN]&&(ma[mN]=mh[mN]);}return{'$$typeof':I,'type':mx,'key':mW,'ref':mu,'props':ma,'_owner':X['current']};}function m3(mx){var mL=mJ;return mL(gc_2Ra.m)==typeof mx&&null!==mx&&mx[mL(gc_2Ra.R)]===I;}var m4=/\\/+/g;function m5(mx,ml){var mb=mJ;return mb(gc_2Rh.m)==typeof mx&&null!==mx&&null!=mx[mb(gc_2Rh.R)]?function(mS){var md=mb,mN={'=':'=0',':':'=2'};return'$'+mS[md(gc_2Ru.m)](/[=:]/g,function(ma){return mN[ma];});}(''+mx[mb(gc_2Rh.R)]):ml[mb(gc_2Rh.x)](0x24);}function m6(mx,ml,mS,mN,ma){var gc_2Rv={m:0x180,R:0x143,x:0x170},mk=mJ,mW=typeof mx;mk(gc_2Ry.m)!==mW&&mk(gc_2Ry.R)!==mW||(mx=null);var mu=!0x1;if(null===mx)mu=!0x0;else switch(mW){case mk(gc_2Ry.x):case mk(gc_2Ry.l):mu=!0x0;break;case mk(gc_2Ry.S):switch(mx['$$typeof']){case I:case K:mu=!0x0;}}if(mu)return ma=ma(mu=mx),mx=''===mN?'.'+m5(mu,0x0):mN,Array[mk(gc_2Ry.N)](ma)?(mS='',null!=mx&&(mS=mx['replace'](m4,mk(gc_2Ry.a))+'/'),m6(ma,ml,mS,'',function(mv){return mv;})):null!=ma&&(m3(ma)&&(ma=function(mv,mF){var mi=mk;return{'$$typeof':I,'type':mv[mi(gc_2Rv.m)],'key':mF,'ref':mv[mi(gc_2Rv.R)],'props':mv[mi(gc_2Rv.x)],'_owner':mv['_owner']};}(ma,mS+(!ma['key']||mu&&mu[mk(gc_2Ry.W)]===ma[mk(gc_2Ry.u)]?'':(''+ma[mk(gc_2Ry.W)])['replace'](m4,mk(gc_2Ry.h))+'/')+mx)),ml['push'](ma)),0x1;if(mu=0x0,mN=''===mN?'.':mN+':',Array[mk(gc_2Ry.N)](mx))for(var mh=0x0;mh<mx[mk(gc_2Ry.M)];mh++){var mM=mN+m5(mW=mx[mh],mh);mu+=m6(mW,ml,mS,mM,ma);}else{if(mM=function(mv){var mV=mk;return null===mv||mV(gc_2RF.m)!=typeof mv?null:mV(gc_2RF.R)==typeof(mv=Z&&mv[Z]||mv[mV(gc_2RF.x)])?mv:null;}(mx),'function'==typeof mM){for(mx=mM[mk(gc_2Ry.v)](mx),mh=0x0;!(mW=mx[mk(gc_2Ry.F)]())['done'];)mu+=m6(mW=mW[mk(gc_2Ry.y)],ml,mS,mM=mN+m5(mW,mh++),ma);}else{if(mk(gc_2Ry.S)===mW)throw ml=''+mx,Error(q(0x1f,'[object Object]'===ml?'object with keys {'+Object['keys'](mx)['join'](', ')+'}':ml));}}return mu;}function m7(mx,ml,mS){var gc_2RI={m:0x15d};if(null==mx)return mx;var mN=[],ma=0x0;return m6(mx,mN,'','',function(mW){var mZ=gc_2l;return ml[mZ(gc_2RI.m)](mS,mW,ma++);}),mN;}function m8(mx){var gc_2RE={m:0x12b,R:0x17b},gc_2RK={m:0x12b,R:0x161,x:0x17b},mf=mJ;if(-0x1===mx['_status']){var ml=mx[mf(gc_2Rp.m)];ml=ml(),mx[mf(gc_2Rp.R)]=0x0,mx[mf(gc_2Rp.x)]=ml,ml['then'](function(mS){var mo=mf;0x0===mx[mo(gc_2RK.m)]&&(mS=mS[mo(gc_2RK.R)],mx['_status']=0x1,mx[mo(gc_2RK.x)]=mS);},function(mS){var mw=mf;0x0===mx[mw(gc_2RE.m)]&&(mx['_status']=0x2,mx[mw(gc_2RE.R)]=mS);});}if(0x1===mx[mf(gc_2Rp.l)])return mx[mf(gc_2Rp.S)];throw mx[mf(gc_2Rp.x)];}var m9={'current':null};function mm(){var mq=mJ,mx=m9[mq(gc_2RJ.m)];if(null===mx)throw Error(q(0x141));return mx;}var mR={'ReactCurrentDispatcher':m9,'ReactCurrentBatchConfig':{'transition':0x0},'ReactCurrentOwner':X,'IsSomeRendererActing':{'current':!0x1},'assign':F};W[mJ(gc_2Rn.U)]={'map':m7,'forEach':function(mx,ml,mS){var gc_2RO={m:0x15b};m7(mx,function(){var mP=gc_2l;ml[mP(gc_2RO.m)](this,arguments);},mS);},'count':function(mx){var ml=0x0;return m7(mx,function(){ml++;}),ml;},'toArray':function(mx){return m7(mx,function(ml){return ml;})||[];},'only':function(mx){if(!m3(mx))throw Error(q(0x8f));return mx;}},W[mJ(gc_2Rn.H)]=D,W[mJ(gc_2Rn.L)]=Y,W[mJ(gc_2Rn.b)]=mR,W['cloneElement']=function(mx,ml,mS){var mB=mJ;if(null==mx)throw Error(q(0x10b,mx));var mN=F({},mx[mB(gc_2Rd.m)]),ma=mx[mB(gc_2Rd.R)],mW=mx[mB(gc_2Rd.x)],mu=mx[mB(gc_2Rd.l)];if(null!=ml){if(void 0x0!==ml['ref']&&(mW=ml[mB(gc_2Rd.S)],mu=X[mB(gc_2Rd.N)]),void 0x0!==ml[mB(gc_2Rd.R)]&&(ma=''+ml['key']),mx[mB(gc_2Rd.a)]&&mx[mB(gc_2Rd.W)][mB(gc_2Rd.u)])var mh=mx[mB(gc_2Rd.h)]['defaultProps'];for(mM in ml)m0[mB(gc_2Rd.M)](ml,mM)&&!m1[mB(gc_2Rd.v)](mM)&&(mN[mM]=void 0x0===ml[mM]&&void 0x0!==mh?mh[mM]:ml[mM]);}var mM=arguments[mB(gc_2Rd.F)]-0x2;if(0x1===mM)mN[mB(gc_2Rd.y)]=mS;else{if(0x1<mM){mh=Array(mM);for(var mv=0x0;mv<mM;mv++)mh[mv]=arguments[mv+0x2];mN['children']=mh;}}return{'$$typeof':I,'type':mx[mB(gc_2Rd.I)],'key':ma,'ref':mW,'props':mN,'_owner':mu};},W[mJ(gc_2Rn.d)]=function(mx,ml){var mT=mJ;return void 0x0===ml&&(ml=null),(mx={'$$typeof':G,'_calculateChangedBits':ml,'_currentValue':mx,'_currentValue2':mx,'_threadCount':0x0,'Provider':null,'Consumer':null})['Provider']={'$$typeof':J,'_context':mx},mx[mT(gc_2Rk.m)]=mx;},W[mJ(gc_2Rn.k)]=m2,W[mJ(gc_2Rn.i)]=function(mx){var ml=m2['bind'](null,mx);return ml['type']=mx,ml;},W['createRef']=function(){return{'current':null};},W[mJ(gc_2Rn.V)]=function(mx){return{'$$typeof':U,'render':mx};},W[mJ(gc_2Rn.Z)]=m3,W[mJ(gc_2Rn.f)]=function(mx){return{'$$typeof':L,'_payload':{'_status':-0x1,'_result':mx},'_init':m8};},W['memo']=function(mx,ml){return{'$$typeof':H,'type':mx,'compare':void 0x0===ml?null:ml};},W[mJ(gc_2Rn.o)]=function(mx,ml){var mA=mJ;return mm()[mA(gc_2Rw.m)](mx,ml);},W[mJ(gc_2Rn.w)]=function(mx,ml){var ms=mJ;return mm()[ms(gc_2Rq.m)](mx,ml);},W['useDebugValue']=function(){},W[mJ(gc_2Rn.q)]=function(mx,ml){var mD=mJ;return mm()[mD(gc_2RB.m)](mx,ml);},W[mJ(gc_2Rn.P)]=function(mx,ml,mS){return mm()['useImperativeHandle'](mx,ml,mS);},W[mJ(gc_2Rn.B)]=function(mx,ml){var mr=mJ;return mm()[mr(gc_2RA.m)](mx,ml);},W[mJ(gc_2Rn.T)]=function(mx,ml){var mQ=mJ;return mm()[mQ(gc_2Rs.m)](mx,ml);},W[mJ(gc_2Rn.A)]=function(mx,ml,mS){return mm()['useReducer'](mx,ml,mS);},W[mJ(gc_2Rn.s)]=function(mx){var mn=mJ;return mm()[mn(gc_2Rr.m)](mx);},W[mJ(gc_2Rn.D)]=function(mx){return mm()['useState'](mx);},W[mJ(gc_2Rn.r)]=mJ(gc_2Rn.Q);},0x1cd2:function(m,R,x){m['exports']=x(0x5ff);}}]);"
  }
}