{
  "metadata": {
    "timestamps": {
      "start": "2026-02-18T19:59:00.093206",
      "end": "2026-02-18T19:59:00.358423",
      "duration_ms": 265
    },
    "url": {
      "full": "https://css.rbxcdn.com/4c3fec0ce872f94f2c2be18e6fd016e43fdc4ccecad591cdaa3a63116f512178.css",
      "protocol": "https",
      "domain": "css.rbxcdn.com",
      "path": "/4c3fec0ce872f94f2c2be18e6fd016e43fdc4ccecad591cdaa3a63116f512178.css",
      "normalized_path": "/4c3fec0ce872f94f2c2be18e6fd016e43fdc4ccecad591cdaa3a63116f512178.css",
      "query": {}
    },
    "method": "GET",
    "status_code": 200,
    "size": {
      "request_bytes": 0,
      "response_bytes": 1397,
      "compressed": true
    },
    "content_type": "text/css",
    "cache_status": "public, max-age=30768944"
  },
  "request": {
    "headers": {
      "sec-ch-ua-platform": "\"Linux\"",
      "user-agent": "Mozilla/5.0 (X11; Linux x86_64) AppleWebKit/537.36 (KHTML, like Gecko) Chrome/144.0.0.0 Safari/537.36",
      "sec-ch-ua": "\"Not(A:Brand\";v=\"8\", \"Chromium\";v=\"144\", \"Google Chrome\";v=\"144\"",
      "sec-ch-ua-mobile": "?0",
      "accept": "text/css,*/*;q=0.1",
      "sec-fetch-site": "cross-site",
      "sec-fetch-mode": "no-cors",
      "sec-fetch-dest": "style",
      "sec-fetch-storage-access": "none",
      "referer": "https://www.roblox.com/",
      "accept-encoding": "gzip, deflate, br, zstd",
      "accept-language": "en-US,en;q=0.9,fil;q=0.8",
      "priority": "u=0"
    },
    "payload": null
  },
  "response": {
    "headers": {
      "x-amz-id-2": "Czj+NG43BGMFog87pRXE03DsMGJuZow0fsTq8JD4il1xHTOfBAirK/LIXW74iF8jOOcvhzrAwjE=",
      "x-amz-request-id": "MRD58RCXMYB6ATVD",
      "last-modified": "Wed, 08 Mar 2023 22:50:48 GMT",
      "etag": "\"06d3bf8317cddebd3fd720ebec6e836a\"",
      "x-amz-server-side-encryption": "AES256",
      "x-amz-version-id": "MhOkg1Wf0O.nsS88dHWl3jhYDuX_xL92",
      "accept-ranges": "bytes",
      "content-type": "text/css",
      "server": "AmazonS3",
      "vary": "Accept-Encoding",
      "content-encoding": "gzip",
      "cache-control": "public, max-age=30768944",
      "date": "Wed, 18 Feb 2026 11:59:01 GMT",
      "content-length": "1397",
      "akamai-request-bc": "[a=1.37.68.182,b=445452053,c=g,n=PH_00_QUEZONCITY,o=4775]",
      "nel": "{\"report_to\":\"network-errors\",\"max_age\":604800,\"success_fraction\":0,\"failure_fraction\":0.05}",
      "report-to": "{\"group\":\"network-errors\",\"max_age\":604800,\"endpoints\":[{\"url\":\"https://ncs.roblox.com/upload\"}]}",
      "rbx-cdn-provider": "ak",
      "access-control-expose-headers": "Rbx-Cdn-Provider,Akamai-Request-BC",
      "access-control-allow-origin": "*"
    },
    "body": ".modal{text-align:center}.modal:before{display:inline-block;vertical-align:middle;content:\" \";height:100%}@media (max-width:767px){.modal{padding:12px}}.modal-confirmation{display:none}.modal-open-noscroll{overflow:auto}.modal-dialog .modal-content{background-color:#fff}.modal-dialog .modal-content.light-theme{background-color:#fff;color:#393b3d}.modal-dialog .modal-content.light-theme.remove-panel{background-color:transparent}.light-theme .modal-dialog .modal-content{background-color:#fff;color:#393b3d}.light-theme .modal-dialog .modal-content.remove-panel{background-color:transparent}.modal-dialog .modal-content.dark-theme{background-color:#393b3d;color:#fff}.modal-dialog .modal-content.dark-theme.remove-panel{background-color:transparent}.dark-theme .modal-dialog .modal-content{background-color:#393b3d;color:#fff}.dark-theme .modal-dialog .modal-content.remove-panel{background-color:transparent}.modal-dialog{-webkit-box-sizing:border-box;-moz-box-sizing:border-box;box-sizing:border-box;max-width:100%;width:400px;display:inline-block;text-align:left;vertical-align:middle;margin:0}@media (max-width:767px){.modal-dialog{min-width:296px;width:100%}}.modal-dialog.modal-sm{width:400px}.modal-dialog.modal-md{width:600px}.modal-dialog.modal-lg{width:800px}.modal-dialog .modal-content{border-radius:0}.modal-dialog .modal-content .modal-header{text-align:left;padding:12px;border-bottom:1px solid #e3e3e3}.modal-dialog .modal-content .modal-header .icon-close{background-position:0 -588px;background-size:56px auto;width:28px;height:28px;vertical-align:top}.modal-dialog .modal-content .modal-header .modal-title span{vertical-align:middle;display:inline-block;margin-right:6px}.modal-dialog .modal-content .modal-header .modal-title h4,.modal-dialog .modal-content .modal-header .modal-title h5{vertical-align:middle;display:inline-block;margin:0}.modal-dialog .modal-content .modal-header .close{margin:0;opacity:1}.modal-dialog .modal-content .modal-body{text-align:left;padding:12px}.modal-dialog .modal-content .modal-body .modal-image-container{text-align:center;min-height:174px}.modal-dialog .modal-content .modal-body .modal-image-container .modal-thumb{float:none;display:inline-block}.modal-dialog .modal-content .modal-body .modal-thumb{width:auto;height:150px;margin:12px auto}@media (max-width:767px){.modal-dialog .modal-content .modal-body .modal-thumb{width:auto;height:126px}}.modal-dialog .modal-content .modal-body p{white-space:pre-line;line-height:1.5em}@media (max-width:767px){.modal-dialog .modal-content .modal-body p{font-size:12px;font-weight:400}}.modal-dialog .modal-content .modal-body .modal-list-item{margin:0 0 12px}.modal-dialog .modal-content .modal-body .modal-list-item .form-group{display:inline-block}.modal-dialog .modal-content .modal-body .modal-btns{text-align:center;margin:6px 0 0}.modal-dialog .modal-content .modal-body .modal-btns a{min-width:90px;margin:0 5px}.modal-dialog .modal-content .modal-body .modal-processing{display:none}.modal-dialog .modal-content .modal-buttons .modal-button{min-width:90px;margin:0 6px;display:inline-block}.modal-dialog .modal-content .modal-buttons,.modal-dialog .modal-content .modal-footer{border-top:0;text-align:center;margin:0 12px 12px;padding:0}.modal-dialog .modal-content .modal-buttons:after,.modal-dialog .modal-content .modal-buttons:before,.modal-dialog .modal-content .modal-footer:after,.modal-dialog .modal-content .modal-footer:before{content:\" \";display:table}.modal-dialog .modal-content .modal-buttons:after,.modal-dialog .modal-content .modal-footer:after{clear:both}.modal-dialog .modal-content .modal-buttons span[class^=icon],.modal-dialog .modal-content .modal-footer span[class^=icon]{vertical-align:top}.modal-dialog .modal-content .modal-footer-center span[class^=icon]{vertical-align:middle}.modal-dialog .modal-content .modal-footer-note{border-top:1px solid #b8b8b8;color:#b8b8b8;margin:12px auto 0;padding:5px;text-align:center}@media (max-width:767px){.modal-mask{overflow:hidden}}.noImage .modal-image-container{display:none}.modal-dialog-lg{width:970px}@media (max-width:767px){.modal-dialog-lg{width:100%}}.modal-col-3:after,.modal-col-3:before{content:\" \";display:table}.modal-col-3:after{clear:both}.modal-col-3 h1{color:#00a2ff}.modal-col-3 li{float:left;padding:0 12px;width:33.33333%;text-align:left}.modal-col-3 li:first-child{padding-left:0}.modal-col-3 li:last-child{border-right:0;padding-right:0}@media (max-width:991px){.modal-col-3 li img{width:70%;width:calc(100% - 24px);margin:0 auto}}.modal-col-3 li .btn-primary-lg{margin:12px auto 0}.close{opacity:.2;filter:alpha(opacity=20);float:right}.close:focus,.close:hover{opacity:.5;filter:alpha(opacity=50);text-decoration:none;cursor:pointer}button.close{padding:0;cursor:pointer;background:transparent;border:0;-webkit-appearance:none}div[role=dialog]:not(:first-of-type) .modal-backdrop{opacity:0}div[role=dialog]:not(:first-of-type) .modal{background:rgba(0,0,0,.5)}.captcha-container.modal,captcha .modal{background-color:#000;background-color:rgba(0,0,0,.5);padding:0;width:100%;height:100vh;overflow:visible}.captcha-container.modal.captcha-activated,captcha .modal.captcha-activated{display:block}.captcha-container.modal .modal-dialog,captcha .modal .modal-dialog{position:absolute;top:100px;left:calc(50% - 165px);width:330px}.captcha-container.modal .modal-dialog .modal-content,captcha .modal .modal-dialog .modal-content{overflow:hidden}.captcha-container.modal .modal-dialog .modal-content .modal-header,captcha .modal .modal-dialog .modal-content .modal-header{border-bottom:none}.captcha-container.modal .modal-dialog .modal-content .captchav2-funcaptcha-modal-body,captcha .modal .modal-dialog .modal-content .captchav2-funcaptcha-modal-body{margin:0 auto;display:block;width:303px}.app-captcha-container{text-align:center;position:absolute;top:50%;left:50%;-webkit-transform:translate(-50%,-50%);-ms-transform:translate(-50%,-50%);-o-transform:translate(-50%,-50%);transform:translate(-50%,-50%)}.app-captcha-error{display:none}"
  }
}