{
  "metadata": {
    "timestamps": {
      "start": "2026-02-18T19:56:58.202168",
      "end": "2026-02-18T19:56:58.258460",
      "duration_ms": 56
    },
    "url": {
      "full": "https://arkoselabs.roblox.com/fc/assets/ec-game-core/game-core/1.31.3/standard/index.html?session=4881895554c448373.7161280104&r=ap-southeast-1&meta=3&metabgclr=transparent&metaiconclr=%23757575&maintxtclr=%23b8b8b8&guitextcolor=%23474747&pk=476068BF-9607-4799-B53D-966BE98E2B81&at=40&rid=94&ag=101&cdn_url=https%3A%2F%2Farkoselabs.roblox.com%2Fcdn%2Ffc&surl=https%3A%2F%2Farkoselabs.roblox.com&smurl=https%3A%2F%2Farkoselabs.roblox.com%2Fcdn%2Ffc%2Fassets%2Fstyle-manager",
      "protocol": "https",
      "domain": "arkoselabs.roblox.com",
      "path": "/fc/assets/ec-game-core/game-core/1.31.3/standard/index.html",
      "normalized_path": "/{slug}/assets/{slug}/game-core/1.31.3/{slug}/index.html",
      "query": {
        "session": [
          "4881895554c448373.7161280104"
        ],
        "r": [
          "ap-southeast-1"
        ],
        "meta": [
          "3"
        ],
        "metabgclr": [
          "transparent"
        ],
        "metaiconclr": [
          "#757575"
        ],
        "maintxtclr": [
          "#b8b8b8"
        ],
        "guitextcolor": [
          "#474747"
        ],
        "pk": [
          "476068BF-9607-4799-B53D-966BE98E2B81"
        ],
        "at": [
          "40"
        ],
        "rid": [
          "94"
        ],
        "ag": [
          "101"
        ],
        "cdn_url": [
          "https://arkoselabs.roblox.com/cdn/fc"
        ],
        "surl": [
          "https://arkoselabs.roblox.com"
        ],
        "smurl": [
          "https://arkoselabs.roblox.com/cdn/fc/assets/style-manager"
        ]
      }
    },
    "method": "GET",
    "status_code": 200,
    "size": {
      "request_bytes": 0,
      "response_bytes": 584,
      "compressed": false
    },
    "content_type": "text/html",
    "cache_status": ""
  },
  "request": {
    "headers": {
      "sec-ch-ua": "\"Not(A:Brand\";v=\"8\", \"Chromium\";v=\"144\", \"Google Chrome\";v=\"144\"",
      "sec-ch-ua-mobile": "?0",
      "sec-ch-ua-platform": "\"Linux\"",
      "upgrade-insecure-requests": "1",
      "user-agent": "Mozilla/5.0 (X11; Linux x86_64) AppleWebKit/537.36 (KHTML, like Gecko) Chrome/144.0.0.0 Safari/537.36",
      "accept": "text/html,application/xhtml+xml,application/xml;q=0.9,image/avif,image/webp,image/apng,*/*;q=0.8,application/signed-exchange;v=b3;q=0.7",
      "sec-fetch-site": "same-origin",
      "sec-fetch-mode": "navigate",
      "sec-fetch-dest": "iframe",
      "referer": "https://arkoselabs.roblox.com/v2/4.0.14/enforcement.947e5a1f32d245445fcda4ff777843dc.html",
      "accept-encoding": "gzip, deflate, br, zstd",
      "accept-language": "en-US,en;q=0.9,fil;q=0.8",
      "cookie": "GuestData=UserID=-1784413165, RBXcb=RBXViralAcquisition%3Dtrue%26RBXSource%3Dtrue%26GoogleAnalytics%3Dtrue, RBXEventTrackerV2=CreateDate=10/04/2025 09:19:06&rbxid=7108482020&browserid=1759587403750002, _ga=GA1.1.1224127167.1759628996, _ga_F8VP9T1NT3=GS2.1.s1759628996$o1$g0$t1759629006$j50$l0$h0, __utmz=200924205.1769790118.9.3.utmcsr=appsflyer|utmccn=(not%20set)|utmcmd=cpa|utmcct=onelink, _gcl_au=1.1.445633669.1770730834, _scid=Wr9kCEc_3Nlyed1wABxVj3bEIIybNWtk, _scid_r=Wr9kCEc_3Nlyed1wABxVj3bEIIybNWtk, _fbp=fb.1.1770730835055.775171315334809685, _tt_enable_cookie=1, _ttp=01KH3WGKAR3H2AE8S5M5DX1J7W_.tt.1, ttcsid=1770730835310::miqHqGUEZxfvZ_nHbBwv.1.1770730835684.0, ttcsid_CSV31T3C77UDA0827220=1770730835307::XlXvMvpaVhbeZ9pnMwwy.1.1770730835685.0, _sctr=1%7C1770652800000, RBXSource=rbx_acquisition_time=02/10/2026 14:11:35&rbx_acquisition_referrer=&rbx_medium=cpa&rbx_source=appsflyer&rbx_campaign=onelink&rbx_adgroup=&rbx_keyword=&rbx_matchtype=&rbx_send_info=0, rbx-ip2=1, __utma=200924205.1785706367.1759587415.1770730834.1771414933.12, __utmb=200924205.0.10.1771414933, __utmc=200924205, RBXPaymentsFlowContext=6b863465-7439-4466-8678-42b7f0295720,",
      "priority": "u=0, i"
    },
    "payload": null
  },
  "response": {
    "headers": {
      "content-type": "text/html",
      "last-modified": "Fri, 31 Oct 2025 07:23:09 GMT",
      "content-encoding": "br",
      "x-amz-server-side-encryption": "AES256",
      "x-amz-version-id": "UyzD_BsCDzF9w_qUO4dgfE0_U0HmUzHE",
      "server": "cloudfront",
      "date": "Tue, 17 Feb 2026 19:48:25 GMT",
      "etag": "W/\"eca109e13d1966ceb84a738270d0fa6f\"",
      "vary": "accept-encoding",
      "via": "1.1 3eafd911617df6700f1357b2dcc7380c.cloudfront.net (CloudFront)",
      "alt-svc": "h3=\":443\"; ma=86400",
      "age": "58115",
      "x-xss-protection": "1; mode=block",
      "referrer-policy": "strict-origin-when-cross-origin",
      "x-content-type-options": "nosniff",
      "strict-transport-security": "max-age=31536000; includeSubDomains",
      "accept-ch": "Device-Memory, Sec-CH-UA, Sec-CH-UA-Arch, Sec-CH-UA-Bitness, Sec-CH-DPR, Sec-CH-UA-Full-Version-List, Sec-CH-UA-Mobile, Sec-CH-UA-Model, Sec-CH-Viewport-Width, Sec-CH-UA-Platform, Sec-CH-UA-Platform-Version, Sec-CH-Width, Sec-CH-UA-Form-Factors",
      "content-security-policy": "default-src 'self'; script-src 'self' 'nonce-krdQ2LKmBuZaAHJMxBw28g'; style-src 'self' 'nonce-krdQ2LKmBuZaAHJMxBw28g'; img-src 'self' cdn.funcaptcha.com cdn.arkoselabs.com blob: data:; media-src 'self' blob: data:; connect-src 'self'",
      "x-cache": "Hit from cloudfront",
      "x-amz-cf-pop": "MNL51-P2",
      "x-amz-cf-id": "1abuecddpdG4IgqPZOcnoM84aEmZPyLtqmEV99davAKGVB0m1c4ecg=="
    },
    "body": "<!doctype html><html lang=\"en\"><head>\n          <script nonce=\"krdQ2LKmBuZaAHJMxBw28g\">\n          var nonce = \"krdQ2LKmBuZaAHJMxBw28g\";\n          window.__webpack_nonce__ = nonce; // eslint-disable-line\n\n          addEventListener('unhandledrejection', function(event) { if (event.reason && event.reason.name === 'ChunkLoadError') { parent.postMessage({ type: 'error', payload: { error: 'FC_SCRIPT_ERROR', source: event.reason.request } }, '*'); } });\n          </script>\n          <meta charset=\"UTF-8\"><meta http-equiv=\"X-UA-Compatible\" content=\"IE=edge\"><meta name=\"viewport\" content=\"width=device-width,initial-scale=1\"><style nonce=\"krdQ2LKmBuZaAHJMxBw28g\">html, body, #root{\n        height: 100%;\n      }\n      body {\n        margin: 0;\n      }</style><script nonce=\"krdQ2LKmBuZaAHJMxBw28g\">var h=document.getElementsByTagName('head')[0];var s=document.createElement('script');s.src='main.ee68c2617da22072ebbe.js';s.type='text/javascript';s.async=false;s.integrity='sha384-EdW/A3dHEULkPHuMMO+lihBUdv3DTQIIF3ro7ByTxwekZswSalIp1/32/LyzhQE+';s.crossorigin='anonymous';s.onerror=function() { parent.postMessage({ type: 'error', payload: { error: 'FC_SCRIPT_ERROR', source: 'main.ee68c2617da22072ebbe.js' } }, '*'); };h.appendChild(s);</script></head><body><div id=\"root\"></div></body></html>"
  }
}