{
  "metadata": {
    "timestamps": {
      "start": "2026-02-18T19:59:01.141715",
      "end": "2026-02-18T19:59:01.246763",
      "duration_ms": 105
    },
    "url": {
      "full": "https://apis.rbxcdn.com/captcha/v1/metadata",
      "protocol": "https",
      "domain": "apis.rbxcdn.com",
      "path": "/captcha/v1/metadata",
      "normalized_path": "/{slug}/v1/metadata",
      "query": {}
    },
    "method": "GET",
    "status_code": 200,
    "size": {
      "request_bytes": 0,
      "response_bytes": 968,
      "compressed": false
    },
    "content_type": "application/json",
    "cache_status": ""
  },
  "request": {
    "headers": {
      "sec-ch-ua-platform": "\"Linux\"",
      "user-agent": "Mozilla/5.0 (X11; Linux x86_64) AppleWebKit/537.36 (KHTML, like Gecko) Chrome/144.0.0.0 Safari/537.36",
      "accept": "*/*",
      "sec-ch-ua": "\"Not(A:Brand\";v=\"8\", \"Chromium\";v=\"144\", \"Google Chrome\";v=\"144\"",
      "sec-ch-ua-mobile": "?0",
      "origin": "https://www.roblox.com",
      "sec-fetch-site": "cross-site",
      "sec-fetch-mode": "cors",
      "sec-fetch-dest": "empty",
      "referer": "https://www.roblox.com/",
      "accept-encoding": "gzip, deflate, br, zstd",
      "accept-language": "en-US,en;q=0.9,fil;q=0.8",
      "priority": "u=1, i"
    },
    "payload": null
  },
  "response": {
    "headers": {
      "content-type": "application/json",
      "content-length": "968",
      "grpc-metadata-content-type": "application/grpc",
      "date": "Tue, 17 Feb 2026 16:21:30 GMT",
      "x-envoy-upstream-service-time": "48",
      "server": "public-gateway",
      "x-terms-message": "Terms apply https://rblx.co/TOU.",
      "strict-transport-security": "max-age=3600",
      "x-ratelimit-limit": "10000, 10000;w=60",
      "x-ratelimit-remaining": "9999",
      "x-ratelimit-reset": "30",
      "x-ingress-proxy": "true",
      "x-roblox-edge": "c081",
      "report-to": "{\"group\":\"network-errors\",\"max_age\":604800,\"endpoints\":[{\"url\":\"https://ncs.roblox.com/upload\"}]}",
      "nel": "{\"report_to\":\"network-errors\",\"max_age\":604800,\"success_fraction\":0,\"failure_fraction\":0.05,\"response_headers\":[\"Rbx-Cdn-Provider\",\"vary\"]}",
      "x-cache": "Hit from cloudfront",
      "via": "1.1 3ec86593f80e10f8ce4ca4f47a7e0804.cloudfront.net (CloudFront)",
      "x-amz-cf-pop": "MNL52-P2",
      "x-amz-cf-id": "J67XBeF89D1FQoKAKjTEDqgcKLINqox-2bHciioA6nU0QbWXo9--eA==",
      "age": "70652",
      "rbx-cdn-provider": "aws",
      "timing-allow-origin": "*",
      "access-control-allow-origin": "*",
      "access-control-expose-headers": "Rbx-Cdn-Provider",
      "server-timing": "cdn-cache-hit,cdn-pop;desc=\"MNL52-P2\",cdn-rid;desc=\"J67XBeF89D1FQoKAKjTEDqgcKLINqox-2bHciioA6nU0QbWXo9--eA==\",cdn-hit-layer;desc=\"EDGE\",cdn-downstream-fbl;dur=1"
    },
    "body": "{\"funCaptchaPublicKeys\":{\"ACTION_TYPE_ASSET_COMMENT\":\"63E4117F-E727-42B4-6DAA-C8448E9B137F\",\"ACTION_TYPE_CLOTHING_ASSET_UPLOAD\":\"63E4117F-E727-42B4-6DAA-C8448E9B137F\",\"ACTION_TYPE_FOLLOW_USER\":\"63E4117F-E727-42B4-6DAA-C8448E9B137F\",\"ACTION_TYPE_GENERIC_CHALLENGE\":\"CC30DB96-0C88-4DEB-86E5-6601927ACBB4\",\"ACTION_TYPE_GROUP_JOIN\":\"63E4117F-E727-42B4-6DAA-C8448E9B137F\",\"ACTION_TYPE_GROUP_WALL_POST\":\"63E4117F-E727-42B4-6DAA-C8448E9B137F\",\"ACTION_TYPE_MARKETPLACE\":\"63E4117F-E727-42B4-6DAA-C8448E9B137F\",\"ACTION_TYPE_PASSIVE\":\"EA7F44A3-D0DF-460D-A66F-1775B978E5E1\",\"ACTION_TYPE_SUPPORT_REQUEST\":\"63E4117F-E727-42B4-6DAA-C8448E9B137F\",\"ACTION_TYPE_WEB_GAMECARD_REDEMPTION\":\"1B154715-ACB4-2706-19ED-0DC7E3F7D855\",\"ACTION_TYPE_WEB_LOGIN\":\"476068BF-9607-4799-B53D-966BE98E2B81\",\"ACTION_TYPE_WEB_RESET_PASSWORD\":\"476068BF-9607-4799-B53D-966BE98E2B81\",\"ACTION_TYPE_WEB_SIGNUP\":\"A2A14B1D-1AF3-C791-9BBC-EE33CC7A0A6F\"},\"captchaVersion\":\"\",\"disableCaptchaVersionExperiment\":false}"
  }
}