{
  "metadata": {
    "timestamps": {
      "start": "2026-02-18T19:59:08.593084",
      "end": "2026-02-18T19:59:09.220110",
      "duration_ms": 627
    },
    "url": {
      "full": "https://js.rbxcdn.com/fe9fdb8533d630e13ad9c3f21a7971059e01fcf6ef253e1ad70c23ba8084fb79.js",
      "protocol": "https",
      "domain": "js.rbxcdn.com",
      "path": "/fe9fdb8533d630e13ad9c3f21a7971059e01fcf6ef253e1ad70c23ba8084fb79.js",
      "normalized_path": "/fe9fdb8533d630e13ad9c3f21a7971059e01fcf6ef253e1ad70c23ba8084fb79.js",
      "query": {}
    },
    "method": "GET",
    "status_code": 200,
    "size": {
      "request_bytes": 0,
      "response_bytes": 4243,
      "compressed": false
    },
    "content_type": "application/javascript",
    "cache_status": "public, max-age=31536000"
  },
  "request": {
    "headers": {
      "sec-ch-ua-platform": "\"Linux\"",
      "user-agent": "Mozilla/5.0 (X11; Linux x86_64) AppleWebKit/537.36 (KHTML, like Gecko) Chrome/144.0.0.0 Safari/537.36",
      "sec-ch-ua": "\"Not(A:Brand\";v=\"8\", \"Chromium\";v=\"144\", \"Google Chrome\";v=\"144\"",
      "sec-ch-ua-mobile": "?0",
      "accept": "*/*",
      "sec-fetch-site": "cross-site",
      "sec-fetch-mode": "no-cors",
      "sec-fetch-dest": "script",
      "sec-fetch-storage-access": "none",
      "referer": "https://www.roblox.com/",
      "accept-encoding": "gzip, deflate, br, zstd",
      "accept-language": "en-US,en;q=0.9,fil;q=0.8",
      "priority": "u=2"
    },
    "payload": null
  },
  "response": {
    "headers": {
      "content-type": "application/javascript",
      "date": "Mon, 02 Feb 2026 21:57:38 GMT",
      "last-modified": "Mon, 02 Feb 2026 21:56:21 GMT",
      "content-encoding": "br",
      "x-amz-server-side-encryption": "AES256",
      "cache-control": "public, max-age=31536000",
      "x-amz-version-id": "1ALTEXhKti8DfOGAtSluQL6xUchjyLo8",
      "server": "AmazonS3",
      "etag": "W/\"44f59e09d657aef01f0908427e0facf8\"",
      "vary": "accept-encoding, Origin",
      "x-cache": "Hit from cloudfront",
      "via": "1.1 1b7c94274bd830ddf26396883b21ed8a.cloudfront.net (CloudFront)",
      "x-amz-cf-pop": "MNL51-P1",
      "x-amz-cf-id": "sDnPjgUsh2-rPwLGwQeGbIHeFz7N0VBQNzy4_DA9Ft4yaW3PFhPWWA==",
      "age": "1346493",
      "rbx-cdn-provider": "aws",
      "timing-allow-origin": "*",
      "nel": "{\"report_to\":\"network-errors\",\"max_age\":604800,\"success_fraction\":0,\"failure_fraction\":0.05,\"response_headers\":[\"Rbx-Cdn-Provider\",\"vary\"]}",
      "report-to": "{\"group\":\"network-errors\",\"max_age\":604800,\"endpoints\":[{\"url\":\"https://ncs.roblox.com/upload\"}]}",
      "server-timing": "cdn-cache-hit,cdn-pop;desc=\"MNL51-P1\",cdn-rid;desc=\"sDnPjgUsh2-rPwLGwQeGbIHeFz7N0VBQNzy4_DA9Ft4yaW3PFhPWWA==\",cdn-hit-layer;desc=\"EDGE\",cdn-downstream-fbl;dur=1"
    },
    "body": "var Roblox = Roblox || {};\nRoblox.LangDynamic = Roblox.LangDynamic || {};\nRoblox.LangDynamic[\"Feature.Payment\"] = {\"Message.FraudBlockedPaymentErrorMessage\":\"Your charge has been blocked due to suspicious activity. If you believe this is in error, please contact us at {linkStart}roblox.com/support{linkEnd}.\",\"Message.FraudBlockedPaymentCheckInfoErrorMessage\":\"Unfortunately we are unable to process your payment. Please confirm the billing information entered matches the card provided and try again. If this fails, please try another card or different payment method.\\t\",\"Message.PaymentUnavailable\":\"Payment services are currently unavailable. Please try again later.\",\"Message.FraudWarningMesgForUnder13UsingCreditCard\":\"Make sure you have your parent's permission before using their credit cards. Card owners may be contacted for confirmation.{lineStart}Using a card without permission will result in your account being deleted.{lineEnd}\",\"Action.Print\":\"Print\",\"Description.ThanksNote\":\"Thanks again, {lineBreak} The Roblox Team\",\"Description.VisitSupportPage\":\"Please visit our {linkStart}support page{linkEnd} if you are experiencing any issues or have any questions.\",\"Heading.SecureCreditCardPayment\":\"Secure Credit Card Payment\",\"Action.PreviewCard\":\"Preview Card\",\"Heading.Success\":\"Success\",\"Heading.ThankYouForPurchase\":\"Thank you for your purchase!\",\"Description.AfterUpgrades\":\"Please allow up to 5 minutes for the upgrades or changes you have purchased to be applied to your account. We hope you find your time at Roblox to be both safe and fun. If there is ever anything we can do to make your experience even better, please let us know.\",\"Label.PrintGiftCard\":\"Print your gift card now!\",\"Action.DownloadPDF\":\"Download PDF\",\"Description.ThankYouForSupporting\":\"Thank you for supporting {starNameSpan}!\",\"Heading.Failure\":\"Failure\",\"Response.PurchaseFailed\":\"Purchase Failed!\",\"Description.AlreadyPurchased\":\"You've already successfully purchased Premium for this month. {lineBreak} If you need further assistance, please contact {linkStart}customer support{linkEnd}.\",\"Description.RedeemOrOtherOptions\":\"{linkStart}Click here{linkEnd} to redeem ROBLOX credit or to view other payment options.\",\"Heading.PaymentAlmostComplete\":\"Your payment is almost complete!\",\"Description.PaymentBeingProcessed\":\"Your purchase is being processed. We are waiting for confirmation from our 3rd party payment provider. This can take a few days. Please check your email inbox and find the barcode to complete this transaction. For questions regarding your payment processing status, please contact {linkStart}Xsolla{linkEnd}. {lineBreak}{lineBreak} We hope you find your time at Roblox to be both safe and fun. If there is ever anything we can do to make your experience even better, please let us know.\",\"Heading.BillingInfo\":\"Billing Info\",\"Label.FirstName\":\"First Name:\",\"Label.LastName\":\"Last Name:\",\"Label.AddressLineOne\":\"Address Line 1:\",\"Label.AddressLineTwo\":\"Address Line 2:\",\"Label.City\":\"City:\",\"Label.StateOrProvince\":\"State/Province:\",\"Label.ZipOrPostalCode\":\"Zip/Postal Code:\",\"Label.Country\":\"Country:\",\"Label.Email\":\"Email:\",\"Label.Phone\":\"Phone:\",\"Heading.SecureCreditCard\":\"Secure Credit Card\",\"Label.CreditCardNumber\":\"Credit Card Number:\",\"Description.CreditCardNumber\":\"The 16 digits of your credit card\",\"Label.CardSecurityCode\":\"Card Security Code:\",\"Description.CardSecurityCode\":\"The {digitSpanStart}3{digitSpanEnd} digits displayed on the {locationSpanStart}back{locationSpanEnd} of your card\",\"Label.ExpirationDate\":\"Expiration Date:\",\"Heading.SuperchargeYourPurchase\":\"Supercharge Your Purchase!\",\"Label.AddProductForPrice\":\"Add {productName} for {productPrice}\",\"Label.BalanceDue\":\"Balance Due:\",\"Action.SubmitOrder\":\"Submit Order\",\"Description.AllSalesAreFinal\":\"All sales are final. See our {linkStart}Terms and Conditions{linkEnd}.\",\"Heading.ConfirmPurchase\":\"Confirm Purchase\",\"Description.DepulicatedRecentPurchase\":\"You've purchased this item within the last 5 minutes. Are you sure you want to continue with this purchase?\",\"Heading.SecurePaymentWithRoblox\":\"Secure Payment with Roblox\",\"Label.SelectPaymentType\":\"Select payment type:\",\"Label.RobloxCredit\":\"Roblox Credit\",\"Label.CreditCard\":\"Credit Card\",\"Label.DebitCard\":\"Debit Card\",\"Label.Paypal\":\"PayPal\",\"Label.Rixty\":\"Rixty\",\"Label.Boleto\":\"Boleto\",\"Label.OXXO\":\"OXXO\",\"Label.SOFORT\":\"SOFORT\",\"Label.AmazonPay\":\"Amazon Pay\",\"Label.RedeemRobloxCard\":\"Redeem Roblox Card\",\"Label.ClickHere\":\"Click here!\",\"Label.Validate\":\"Validate\",\"Action.Continue\":\"Continue\",\"Response.Error\":\"{errorMessage} For more information or questions about purchasing, please visit our {linkStart}Help Center{linkEnd}.\",\"Label.EnterAStarCode\":\"Enter a star code:\",\"Label.HaveACode\":\"Have a code to support your favorite Roblox Video Star?\",\"Response.MontlyPurchaseLimit\":\"You have reached the purchase limit on this account for the current month.\",\"Response.PaymentMethodNotSupported\":\"That payment method is not supported for the selected product.\",\"Response.InvalidEmail\":\"Invalid email\",\"Response.ExpirationDateInvalid\":\"Your Expiration Date is invalid.\",\"Response.TransactionFailed\":\"Transaction failed. Error code: {errorCode}\",\"Response.TransactionDeclined\":\"Transaction declined by bank.\",\"Response.GeneralErrorOccurred\":\"Sorry an error has occurred. Please try again later.\",\"Response.CannotUseCreditCard\":\"One or more of the products you selected cannot be purchased with a credit card.\",\"Response.PriceChanged\":\"One or more of the products you selected has changed in price. Please review your order before continuing.\",\"Description.ClickSubmitOrder\":\"*By clicking \\\"Submit Order\\\", you authorize us to charge you {priceInfoSpanStart}{priceInfoSpanEnd}{priceSpanStart}{priceText}{priceSpanEnd} automatically until you cancel.\",\"Description.SubmitOrderAcknowledgement\":\"You acknowledge that you understand and agree to the {linkStart}Terms and Conditions{linkEnd}. You can cancel at any time by clicking cancel membership on the billing tab of the settings page.\",\"Label.RenewsOn\":\"Renews On: {renewDate}\",\"Label.ExpiresOn\":\"Expires On: {expireDate}\",\"Label.BalanceDueText\":\"Balance Due: {balance}\",\"Description.SubmitOrderAcknowledgementV2\":\"You acknowledge that you understand and agree to the {linkStart}Terms and Conditions{linkEnd}. You can cancel at any time by clicking cancel subscription on the billing tab of the settings page.\",\"Label.AddressLineOnePlaceholder\":\"Street address\",\"Label.AddressLineTwoPlaceholder\":\"Apartment, suite, unit, floor, etc.\",\"Label.Other\":\"Other\",\"Heading.SecurePayment\":\"Secure Payment\",\"Message.AgeUnder13PurchaseLimitReached\":\"Sorry, your transaction cannot be completed as you have reached a purchasing limit. Please try your transaction again in 24-72 hours. If unsuccessful, you may need to wait up to 30 days to make a new purchase. Purchasing limits cannot be changed or removed.\",\"Heading.PaypalPayment\":\"PayPal\",\"Response.Declined\":\"ERROR: PayPal transaction has been declined.\",\"Response.DeclinedByPaypal\":\"ERROR: Transaction was declined by payment provider.\",\"Response.DuplicatePurchase\":\"Duplicate transaction detected from the payment provider. Purchase did not go through. Please try again in a few minutes. Do not refresh the payment web page.\",\"Response.PaypalPaymentBlocked\":\"ERROR: PayPal transaction has been blocked.\",\"Response.UnexpectedError\":\"An unexpected error has occurred. Please try again in a few minutes.\",\"Response.CardNotValid\":\"This card number is not valid. Please check number and try again.\",\"Response.TooFewDigits\":\"This card number has too few digits. Please check number and try again.\",\"Response.TooManyDigits\":\"This card number has too many digits. Please check number and try again.\",\"Response.NonNumericCharacters\":\"The card entry included non-numeric characters. Please check number and try again.\",\"Response.ExperiencedErrrorOnProcessing\":\"We have experienced an error in processing your payment. Please try again.\",\"Response.InvalidSecurityCode\":\"This security code is invalid. Please check number and try again.\",\"Response.SecurityCodeTooFewDigits\":\"This security code has too few digits. Please check number and try again.\",\"Response.SecurityCodeTooManyDigits\":\"This security code has too many digits. Please check number and try again.\",\"Response.ErrorProcessingPayment\":\"There was an error in processing your payment. Please try again.\",\"Response.PaymentFail\":\"Payment has failed. Please try again.\",\"Action.Cancel\":\"Cancel\",\"Description.AuthorizingPayment\":\"Authorizing Payment\",\"Action.Back\":\"Back\",\"Response.UnexpectedPaypalError\":\"An unexpected error has occurred with your payment.\",\"Message.FraudWarningMessageFor13To17\":\"By selecting a payment type, I agree that I am the parent or legal guardian of the account owner and I authorize this purchase.\",\"Message.FraudWarningMessageForUnder13UsingCreditCard\":\"You must be the parent or legal guardian of the account owner to make this purchase. Card owners may be contacted for confirmation. \",\"Message.FraudWarningMessageForUnder13UsingCreditCard2\":\"Using a card without permission will result in the account being deleted.\",\"Response.TransactionLimit\":\"Your transaction cannot be completed at this time, as you have reached a transaction limit. Please visit our {startLink}Help Center{endLink} for general information on purchasing. Please note Customer Support cannot change or remove these limits.\",\"Label.DurationTitle\":\"Monthly\",\"Label.PIX\":\"PIX\",\"Label.XsollaPIX\":\"PIX\",\"Label.DurationTitleYearly\":\"Yearly\",\"Response.BraintreePending\":\"An unexpected error occurred. It may take up to 5 minutes for your transaction to process. Please check the My Transactions page to see if it processed successfully.\",\"Response.BraintreeDeclined\":\"An error occurred and payment was unsuccessful. Please try again.\",\"Label.Error\":\"Error\",\"Message.BraintreePayPalPreparePaymentError\":\"There was an error connecting to PayPal. Please try again.\",\"Label.Ok\":\"OK\",\"Message.RefreshAndTryAgain\":\"Something went wrong, please refresh and try again.\",\"Description.SubscriptionPurchaseSuccess\":\"Thank you for your purchase! Your subscription will be reflected in your account shortly. Cancel anytime in {linkStart}Subscriptions settings{linkEnd}. No partial refunds.\",\"Description.SubscriptionCopyReceipt\":\"For any issues or questions, please see our Subscriptions {linkStart}help pages{linkEnd}.\",\"Label.PerMonth\":\"/month\",\"Description.RenewsMonthly\":\"Renews monthly. Cancel anytime.\",\"Message.DiscoverAvatarItems\":\"Discover Avatar items on Marketplace and personalize your Avatar!\",\"Action.GoToMarketplace\":\"Go to Marketplace\",\"Action.NotNow\":\"Not Now\",\"Label.Venmo\":\"Venmo\",\"Label.CreditDebit\":\"Credit / Debit\",\"Description.AfterUpgradesV2\":\"Thank you for your purchase! Your account will be updated shortly. Check out the {linkStart}top recommended avatar outfits{linkEnd} for you!\",\"Message.BraintreePreparePaymentError\":\"There was an error connecting to Braintree. Please try again.\",\"Label.XsollaPayPal\":\"PayPal (Xsolla)\",\"Description.PersonalizedBonusThanksNote\":\"Your account will be updated shortly. Please visit our {linkStart}support page{linkEnd} if you are experiencing any issues or have any questions. {lineBreak} {lineBreak} Thanks again, {lineBreak} The Roblox Team\",\"Label.BillingAddress.Country\":\"Country\",\"Label.BillingAddress.City\":\"City\",\"Label.BillingAddress.State\":\"State\",\"Label.BillingAddress.PostalCode\":\"Postal Code\",\"Header.BillingAddress.BillingInformation\":\"Billing information\",\"Header.AddBillingInformation\":\"Add Billing Information\",\"Button.BillingAddress.SaveBillingInformation\":\"Save billing information\",\"Labels.Tax\":\"Tax\",\"Label.Toss\":\"Toss\",\"Label.NaverPay\":\"NaverPay\",\"Label.KakaoPay\":\"KakaoPay\",\"Label.Klarna\":\"Klarna\",\"Label.MercadoPago\":\"MercadoPago\",\"Label.Blik\":\"Blik\",\"Label.PaySafeCard\":\"PaySafeCard\",\"Label.CreditAndDebitCard\":\"Credit / Debit Card\",\"Label.PriceAmount\":\"Amount:{price}\",\"Label.PurchaseDate\":\"Date:{date}\",\"Header.EnjoyYourRobux\":\"Enjoy your Robux!\",\"Message.CheckoutSuccessBody\":\"Thank you for your purchase. A receipt has been sent to your email.\",\"Message.CheckoutSuccessNeedHelp\":\"Need help? Visit our {linkStart}support page{linkEnd}.\",\"Action.ReturnToAll\":\"Return to app\",\"Label.OtherWaysToPay\":\"Other ways to pay\",\"Label.ExpressCheckout\":\"Express checkout\",\"Label.PayPay\":\"PayPay\",\"Label.Upi\":\"UPI\",\"Label.Konbini\":\"Konbini\",\"Label.StcPay\":\"STC Pay\",\"Label.TrueMoney\":\"TrueMoney\",\"Label.PromptPay\":\"PromptPay\",\"Label.AlipayHK\":\"AlipayHK\",\"Label.Ideal\":\"iDEAL\",\"Label.GCash\":\"GCash\",\"Label.GrabPay\":\"GrabPay\",\"Label.TouchnGo\":\"Touch 'n Go\",\"Label.ShopeePay\":\"ShopeePay\",\"Label.PayNow\":\"PayNow\",\"Label.GoPay\":\"GoPay\",\"Label.Dana\":\"DANA\",\"Label.Ovo\":\"OVO\",\"Action.GoToApp\":\"Go to app\",\"Label.RedirectCountdown\":\"Redirecting to app in {seconds}\",\"Label.RedirectCountdownFinished\":\"Redirecting to app\",\"Label.OrderSummary\":\"Order summary\",\"Label.LinkedPayPalAccount\":\"Linked PayPal account\",\"Button.Unlink\":\"Unlink\",\"Label.Price\":\"Price\",\"Label.Tax\":\"Tax\",\"Description.TaxInfoTooltip\":\"Tax is determined by billing information\",\"Label.Total\":\"Total\",\"Button.PayNow\":\"Pay now\",\"Heading.UnlinkPayPalAccount\":\"Unlink PayPal account\",\"Description.UnlinkPayPalAccount\":\"Removing the link to your PayPal account will take you back to choose your payment type. You can link another PayPal account at any time.\",\"Action.Unlink\":\"Unlink\",\"Label.DurationTitleWeekly\":\"Weekly\",\"Heading.SecureCheckout\":\"Secure checkout\",\"Description.LegalDisclosurePaymentMethods\":\"By purchasing Robux I agree to the {termsLinkStart}Terms{termsLinkEnd}. If under 18, my parent/guardian agrees to the {termsLinkStart}Terms{termsLinkEnd}.\",\"Label.FreeBonusItem\":\"Free bonus item\",\"Label.Bonus\":\"bonus\"};\nwindow.Roblox && window.Roblox.BundleDetector && window.Roblox.BundleDetector.bundleDetected(\"DynamicLocalizationResourceScript_Feature.Payment\");\n"
  }
}