{
  "metadata": {
    "timestamps": {
      "start": "2026-02-18T19:57:15.561457",
      "end": "2026-02-18T19:57:15.617093",
      "duration_ms": 55
    },
    "url": {
      "full": "https://arkoselabs.roblox.com/fc/assets/ec-game-core/match-game/1.31.3/standard/292.chunk.cdc31100001976709e26.js",
      "protocol": "https",
      "domain": "arkoselabs.roblox.com",
      "path": "/fc/assets/ec-game-core/match-game/1.31.3/standard/292.chunk.cdc31100001976709e26.js",
      "normalized_path": "/{slug}/assets/{slug}/match-game/1.31.3/{slug}/292.chunk.cdc31100001976709e26.js",
      "query": {}
    },
    "method": "GET",
    "status_code": 200,
    "size": {
      "request_bytes": 0,
      "response_bytes": 4195,
      "compressed": true
    },
    "content_type": "application/javascript",
    "cache_status": ""
  },
  "request": {
    "headers": {
      "sec-ch-ua-platform": "\"Linux\"",
      "user-agent": "Mozilla/5.0 (X11; Linux x86_64) AppleWebKit/537.36 (KHTML, like Gecko) Chrome/144.0.0.0 Safari/537.36",
      "sec-ch-ua": "\"Not(A:Brand\";v=\"8\", \"Chromium\";v=\"144\", \"Google Chrome\";v=\"144\"",
      "sec-ch-ua-mobile": "?0",
      "accept": "*/*",
      "sec-fetch-site": "same-origin",
      "sec-fetch-mode": "no-cors",
      "sec-fetch-dest": "script",
      "referer": "https://arkoselabs.roblox.com/fc/assets/ec-game-core/game-core/1.31.3/standard/index.html?session=4881895554c448373.7161280104&r=ap-southeast-1&meta=3&metabgclr=transparent&metaiconclr=%23757575&maintxtclr=%23b8b8b8&guitextcolor=%23474747&pk=476068BF-9607-4799-B53D-966BE98E2B81&at=40&rid=94&ag=101&cdn_url=https%3A%2F%2Farkoselabs.roblox.com%2Fcdn%2Ffc&surl=https%3A%2F%2Farkoselabs.roblox.com&smurl=https%3A%2F%2Farkoselabs.roblox.com%2Fcdn%2Ffc%2Fassets%2Fstyle-manager",
      "accept-encoding": "gzip, deflate, br, zstd",
      "accept-language": "en-US,en;q=0.9,fil;q=0.8",
      "cookie": "GuestData=UserID=-1784413165, RBXcb=RBXViralAcquisition%3Dtrue%26RBXSource%3Dtrue%26GoogleAnalytics%3Dtrue, RBXEventTrackerV2=CreateDate=10/04/2025 09:19:06&rbxid=7108482020&browserid=1759587403750002, _ga=GA1.1.1224127167.1759628996, _ga_F8VP9T1NT3=GS2.1.s1759628996$o1$g0$t1759629006$j50$l0$h0, __utmz=200924205.1769790118.9.3.utmcsr=appsflyer|utmccn=(not%20set)|utmcmd=cpa|utmcct=onelink, _gcl_au=1.1.445633669.1770730834, _scid=Wr9kCEc_3Nlyed1wABxVj3bEIIybNWtk, _scid_r=Wr9kCEc_3Nlyed1wABxVj3bEIIybNWtk, _fbp=fb.1.1770730835055.775171315334809685, _tt_enable_cookie=1, _ttp=01KH3WGKAR3H2AE8S5M5DX1J7W_.tt.1, ttcsid=1770730835310::miqHqGUEZxfvZ_nHbBwv.1.1770730835684.0, ttcsid_CSV31T3C77UDA0827220=1770730835307::XlXvMvpaVhbeZ9pnMwwy.1.1770730835685.0, _sctr=1%7C1770652800000, RBXSource=rbx_acquisition_time=02/10/2026 14:11:35&rbx_acquisition_referrer=&rbx_medium=cpa&rbx_source=appsflyer&rbx_campaign=onelink&rbx_adgroup=&rbx_keyword=&rbx_matchtype=&rbx_send_info=0, rbx-ip2=1, __utma=200924205.1785706367.1759587415.1770730834.1771414933.12, __utmb=200924205.0.10.1771414933, __utmc=200924205, RBXPaymentsFlowContext=6b863465-7439-4466-8678-42b7f0295720,, timestamp=177141500835230"
    },
    "payload": null
  },
  "response": {
    "headers": {
      "content-type": "application/javascript",
      "last-modified": "Fri, 31 Oct 2025 07:22:44 GMT",
      "content-encoding": "gzip",
      "x-amz-server-side-encryption": "AES256",
      "x-amz-version-id": "d839JPmIdUSlb1AFwc6w4vQ7D5f_2oB.",
      "server": "cloudfront",
      "date": "Wed, 18 Feb 2026 01:38:18 GMT",
      "etag": "W/\"1b15d3c872a7c9b62e4929684072528d\"",
      "vary": "accept-encoding",
      "via": "1.1 3eafd911617df6700f1357b2dcc7380c.cloudfront.net (CloudFront)",
      "alt-svc": "h3=\":443\"; ma=86400",
      "age": "44529",
      "x-xss-protection": "1; mode=block",
      "referrer-policy": "strict-origin-when-cross-origin",
      "x-content-type-options": "nosniff",
      "strict-transport-security": "max-age=31536000; includeSubDomains",
      "accept-ch": "Device-Memory, Sec-CH-UA, Sec-CH-UA-Arch, Sec-CH-UA-Bitness, Sec-CH-DPR, Sec-CH-UA-Full-Version-List, Sec-CH-UA-Mobile, Sec-CH-UA-Model, Sec-CH-Viewport-Width, Sec-CH-UA-Platform, Sec-CH-UA-Platform-Version, Sec-CH-Width, Sec-CH-UA-Form-Factors",
      "content-security-policy": "default-src 'self'; script-src 'self' 'nonce-krdQ2LKmBuZaAHJMxBw28g'; style-src 'self' 'nonce-krdQ2LKmBuZaAHJMxBw28g'; img-src 'self' cdn.funcaptcha.com cdn.arkoselabs.com blob: data:; media-src 'self' blob: data:; connect-src 'self'",
      "x-cache": "Hit from cloudfront",
      "x-amz-cf-pop": "MNL51-P2",
      "x-amz-cf-id": "UqNnBRpDilbUaoz5gBDMWC1UqdeFYxaQfKqLzIyf_cgXiQysLPOUtQ=="
    },
    "body": "function mg_6Y(X,M){var m=mg_6m();return mg_6Y=function(Y,h){Y=Y-0x75;var T=m[Y];return T;},mg_6Y(X,M);}function mg_6m(){var Mn=['bind','alert','img','propertyIsEnumerable','push','sc-1f9sfpg-0','description','webpackChunkmatch_game','center','answer','match-game-alert','iterator','width:200px;height:200px;','toString','components','sc-1x0xkkd-0','div','asset','withConfig','useCallback','fail_button','every','fail_top','concat','call','10CLmwrz','session','includes','Map','game','backgroundColor','slice','search','match-game-fail','(((.+)+)+)+$','getOwnPropertySymbols','isEmbeddedSessionIDEnabled','basePath','constructor','13900222dqUMAo','row-reverse','layoutOrder','4226088FzuTzF','theme','forwardRef','length','aria.correct_image_alt','try-again-button','string','rtl','name','290452jkbamK','undefined','hasOwnProperty','62421830NSITcg','background-color:','prototype','isArray','sc-xzxnex-0','done','createElement','example-container','.icon-button','onRetry','5210984VoKeRE','hint','key','919761cEwHRO','color','12SJsIPP','apply','return','message','value','frameWidth','indexOf','test','contain','1475895MAxrcL','loading','map',';justify-content:space-between;margin-top:7px;margin-bottom:7px;','row','18AoMWiq'];mg_6m=function(){return Mn;};return mg_6m();}var mg_6XD=mg_6Y;(function(X,M){var mg_6M3={X:0xb6,M:0x9b,m:0xab,Y:0xad,h:0x81,T:0x92,Z:0x8f,F:0xa8,B:0xbb,z:0x9e},XS=mg_6Y,m=X();while(!![]){try{var Y=parseInt(XS(mg_6M3.X))/0x1+parseInt(XS(mg_6M3.M))/0x2+-parseInt(XS(mg_6M3.m))/0x3*(-parseInt(XS(mg_6M3.Y))/0x4)+-parseInt(XS(mg_6M3.h))/0x5*(-parseInt(XS(mg_6M3.T))/0x6)+parseInt(XS(mg_6M3.Z))/0x7+-parseInt(XS(mg_6M3.F))/0x8*(-parseInt(XS(mg_6M3.B))/0x9)+-parseInt(XS(mg_6M3.z))/0xa;if(Y===M)break;else m['push'](m['shift']());}catch(h){m['push'](m['shift']());}}}(mg_6m,0xf322f));var mg_6M=(function(){var X=!![];return function(M,m){var mg_6M4={X:0xae},Y=X?function(){var Xs=mg_6Y;if(m){var h=m[Xs(mg_6M4.X)](M,arguments);return m=null,h;}}:function(){};return X=![],Y;};}()),mg_6X=mg_6M(this,function(){var mg_6M8={X:0x88,M:0x8a,m:0x75},Xn=mg_6Y;return mg_6X['toString']()[Xn(mg_6M8.X)](Xn(mg_6M8.M))[Xn(mg_6M8.m)]()['constructor'](mg_6X)['search']('(((.+)+)+)+$');});mg_6X();'use strict';(self[mg_6XD(0xc3)]=self[mg_6XD(0xc3)]||[])['push']([[0x124],{0xdf6:function(X,M,m){m['d'](M,{'$G':function(){return h;}}),(m(0x182b),m(0x21f2),m(0x240c),m(0x178f),m(0x693),m(0xa67),m(0xc9b),m(0xdbd),m(0x16be),m(0x774),m(0x1851),m(0x11d7),m(0xc37),m(0x586),m(0x23b3),m(0xfab),m(0x178c),m(0x1f8b),m(0x209d),m(0x1bde),m(0x597),m(0xb58),m(0x2693),m(0x1aa3),m(0x311));var Y=m(0x445),h=function(){return(0x0,Y['useTranslation'])();};},0x2481:function(X,M,m){m['d'](M,{'UU':function(){return Y['U'];}}),(m(0xc92),m(0x623),m(0x1324),m(0x6c7),m(0x1ad0),m(0x1371));var Y=m(0x12f6);},0x961:function(X,M,Y){var mg_6Ms={X:0xb0,M:0x94,m:0x7a,Y:0x77,h:0x9f,T:0x78,Z:0xa2,F:0xbe,B:0xc8,z:0xa5,O:0xc2,A:0x97,x:0xc1,d:0xb9},mg_6MS={X:0xa7,M:0x85,m:0x82,Y:0x8d,h:0x91,T:0x8c,Z:0xaa,F:0x79,B:0xb7,z:0xc5,O:0xb7,A:0xa6,x:0x7d,d:0x7b,N:0x7b,r:0x7b,u:0xa4,j:0x7e,i:0xc4,R:0xc6,k:0x89,U:0xb8},mg_6Mv={X:0xa4},mg_6MK={X:0xa5,M:0xc2,m:0x97,Y:0x7f},mg_6Mc={X:0xa4,M:0xa5,m:0xb5,Y:0xa4},mg_6Mq={X:0x83},mg_6MU={X:0x99,M:0x90,m:0xba},mg_6Mk={X:0xb2,M:0xb8},mg_6MR={X:0x7f,M:0x7f},mg_6Mi={X:0xb7,M:0xa4,m:0xa4,Y:0x96},mg_6Mj={X:0x95},mg_6MA={X:0x93,M:0xbd,m:0xac},mg_6MO={X:0x93,M:0x76,m:0x86},mg_6Mz={X:0xbd,M:0xa4},mg_6MB={X:0x8b,M:0xb3,m:0xa0,Y:0xbf,h:0x80},mg_6MF={X:0xb3},mg_6MZ={X:0xbc,M:0xae},Xf=mg_6XD;Y['r'](M),Y['d'](M,{'default':function(){return XM;}}),(Y(0x693),Y(0x17b2),Y(0x19e2),Y(0x586),Y(0xd2a));var T=Y(0x2ba),Z=Y['n'](T),F=Y(0x14ed),B=Y['n'](F),z=(Y(0x182b),Y(0xa63),Y(0xc37),Y(0x1aeb)),N=Y(0x1de7),R=[Xf(mg_6Ms.X)];function q(){var mg_6MT={X:0x95,M:0xa0,m:0x9d,Y:0x80},Xa=Xf;return q=Object['assign']?Object['assign'][Xa(mg_6MZ.X)]():function(Xm){var XL=Xa;for(var XY=0x1;XY<arguments[XL(mg_6MT.X)];XY++){var Xh=arguments[XY];for(var XT in Xh)Object[XL(mg_6MT.M)][XL(mg_6MT.m)][XL(mg_6MT.Y)](Xh,XT)&&(Xm[XT]=Xh[XT]);}return Xm;},q[Xa(mg_6MZ.M)](this,arguments);}function H(Xm,XY){var Xe=Xf;if(null==Xm)return{};var Xh,XT,XZ=function(XB,Xz){var Xg=mg_6Y;if(null==XB)return{};var XO,XA,Xx={},Xd=Object['keys'](XB);for(XA=0x0;XA<Xd['length'];XA++)XO=Xd[XA],Xz[Xg(mg_6MF.X)](XO)>=0x0||(Xx[XO]=XB[XO]);return Xx;}(Xm,XY);if(Object[Xe(mg_6MB.X)]){var XF=Object['getOwnPropertySymbols'](Xm);for(XT=0x0;XT<XF['length'];XT++)Xh=XF[XT],XY[Xe(mg_6MB.M)](Xh)>=0x0||Object[Xe(mg_6MB.m)][Xe(mg_6MB.Y)][Xe(mg_6MB.h)](Xm,Xh)&&(XZ[Xh]=Xm[Xh]);}return XZ;}var K=(0x0,T[Xf(mg_6Ms.M)])(function(Xm,XY){var XE=Xf,Xh=Xm['message'],XT=H(Xm,R);return Z()['createElement'](D,{'className':XE(mg_6Mz.X)},Z()[XE(mg_6Mz.M)](N['O'],q({'ref':XY,'fontSize':1.25,'fontWeight':0x2bc,'aria-label':Xh,'as':'h2'},XT),Xh));}),D=B()(z['x'])[Xf(mg_6Ms.m)]({'componentId':Xf(mg_6Ms.Y)})([Xf(mg_6Ms.h),';padding:4px 24px;color:',';'],function(Xm){var XV=Xf;return Xm[XV(mg_6MO.X)][XV(mg_6MO.M)]['alert'][XV(mg_6MO.m)];},function(Xm){var Xt=Xf;return Xm[Xt(mg_6MA.X)]['components'][Xt(mg_6MA.M)][Xt(mg_6MA.m)];}),L=Y(0xcab),V=Y(0x16d9),W=Y(0x26f9),J=Y(0x24a4),G=Y(0x1779),Q=Y(0x527),X0=Y(0xbba),X1=Y(0x1f5a),X2=(Y(0x21f2),Y(0x240c),Y(0x103f),Y(0x4f6),Y(0xc9b),Y(0xdbd),Y(0x21c6),Y(0x22f5),Y(0x23b3),Y(0x4a),Y(0x1026),Y(0xfab),Y(0x597),Y(0x874)),X3=Y(0xcff);function X4(Xm,XY){var mg_6MN={X:0x98,M:0xa0,m:0x75,Y:0x80,h:0x87,T:0x8e,Z:0x9a,F:0x84,B:0xb4},mg_6Md={X:0x9c,M:0xc7,m:0x80,Y:0xa3,h:0xc0,T:0xb1,Z:0x95,F:0xaf},mg_6Mx={X:0xa1};return function(Xh){var Xl=mg_6Y;if(Array[Xl(mg_6Mx.X)](Xh))return Xh;}(Xm)||function(Xh,XT){var XI=mg_6Y,XZ=null==Xh?null:XI(mg_6Md.X)!=typeof Symbol&&Xh[Symbol[XI(mg_6Md.M)]]||Xh['@@iterator'];if(null!=XZ){var XF,XB,Xz,XO,XA=[],Xx=!0x0,Xd=!0x1;try{if(Xz=(XZ=XZ['call'](Xh))['next'],0x0===XT){if(Object(XZ)!==XZ)return;Xx=!0x1;}else{for(;!(Xx=(XF=Xz[XI(mg_6Md.m)](XZ))[XI(mg_6Md.Y)])&&(XA[XI(mg_6Md.h)](XF[XI(mg_6Md.T)]),XA[XI(mg_6Md.Z)]!==XT);Xx=!0x0);}}catch(XN){Xd=!0x0,XB=XN;}finally{try{if(!Xx&&null!=XZ[XI(mg_6Md.F)]&&(XO=XZ['return'](),Object(XO)!==XO))return;}finally{if(Xd)throw XB;}}return XA;}}(Xm,XY)||function(Xh,XT){var XP=mg_6Y;if(!Xh)return;if(XP(mg_6MN.X)==typeof Xh)return X5(Xh,XT);var XZ=Object[XP(mg_6MN.M)][XP(mg_6MN.m)][XP(mg_6MN.Y)](Xh)[XP(mg_6MN.h)](0x8,-0x1);'Object'===XZ&&Xh[XP(mg_6MN.T)]&&(XZ=Xh[XP(mg_6MN.T)][XP(mg_6MN.Z)]);if(XP(mg_6MN.F)===XZ||'Set'===XZ)return Array['from'](Xh);if('Arguments'===XZ||/^(?:Ui|I)nt(?:8|16|32)(?:Clamped)?Array$/[XP(mg_6MN.B)](XZ))return X5(Xh,XT);}(Xm,XY)||(function(){throw new TypeError('Invalid attempt to destructure non-iterable instance.\\nIn order to be iterable, non-array objects must have a [Symbol.iterator]() method.');}());}function X5(Xm,XY){var Xp=Xf;(null==XY||XY>Xm[Xp(mg_6Mj.X)])&&(XY=Xm[Xp(mg_6Mj.X)]);for(var Xh=0x0,XT=new Array(XY);Xh<XY;Xh++)XT[Xh]=Xm[Xh];return XT;}var X6=function(Xm){var XW=Xf,XY=Xm[XW(mg_6Mi.X)],Xh=Xm['challengeImageUrl'],XT=(0x0,X0['$'])();return Z()[XW(mg_6Mi.M)](X7,null,Z()[XW(mg_6Mi.M)](z['x'],null,XY&&Z()['createElement'](X2['O'],null),Z()[XW(mg_6Mi.m)](X8,{'aria-label':XT(XW(mg_6Mi.Y)),'src':Xh,'frameWidth':0xc8})));},X7=B()[Xf(mg_6Ms.T)][Xf(mg_6Ms.m)]({'componentId':Xf(mg_6Ms.Z)})(['position:relative;']),X8=B()[Xf(mg_6Ms.F)]['withConfig']({'componentId':'sc-xzxnex-1'})([Xf(mg_6Ms.B),''],function(Xm){var XJ=Xf,XY=Xm[XJ(mg_6Mk.X)];return X3['x'][XJ(mg_6Mk.M)](function(Xh){var Xo=XJ,XT=X4(Xh,0x2),XZ=XT[0x0],XF=XT[0x1];return'\\n    @media only screen and (max-width: '[Xo(mg_6MR.X)](XZ,'px) {\\n      width: ')[Xo(mg_6MR.M)](XY*XF,'px;\\n      height: ')[Xo(mg_6MR.X)](XY*XF,'px;\\n    }\\n  ');});}),X9=[Xf(mg_6Ms.z),Xf(mg_6Ms.O),Xf(mg_6Ms.A)],XX=B()(z['x'])[Xf(mg_6Ms.m)]({'componentId':Xf(mg_6Ms.x)})(['flex-direction:',Xf(mg_6Ms.d)],function(Xm){var XG=Xf;return XG(mg_6MU.X)===Xm['dir']?XG(mg_6MU.M):XG(mg_6MU.m);}),XM=function(Xm){var mg_6MH={X:0x7c},mg_6Mb={X:0xa4,M:0xa9},XQ=Xf,XY,Xh=Xm['onError'],XT=Xm[XQ(mg_6MS.X)],XZ=Xm[XQ(mg_6MS.M)],XF=Xm['dir'],XB=Xm[XQ(mg_6MS.m)],Xz=Xm[XQ(mg_6MS.Y)],XO=Xm[XQ(mg_6MS.h)],XA=XZ['exampleImages'],Xx=XZ[XQ(mg_6MS.T)],Xd=(0x0,X0['$'])(),XN=(0x0,Q['H'])(XA[XQ(mg_6MS.Z)],Xh,{'basePath':Xz,'retryTimes':0x2}),Xr=XN[XQ(mg_6MS.F)],Xu=XN[XQ(mg_6MS.B)],Xj=(0x0,Q['H'])(XA[XQ(mg_6MS.z)],Xh,{'basePath':Xz,'retryTimes':0x2}),Xi=Xj[XQ(mg_6MS.F)],XR=Xj[XQ(mg_6MS.O)],Xk=(0x0,G['J'])({'selectors':['.button',XQ(mg_6MS.A)],'focusDelay':0x1f4}),XU=XO;XO&&0x3===XO['length']&&X9[XQ(mg_6MS.x)](function(XK){var Xy=XQ;return XO[Xy(mg_6Mq.X)](XK);})||(XU=X9);var Xq=(0x0,T[XQ(mg_6MS.d)])(function(){var Xw=XQ;return Z()[Xw(mg_6Mc.X)](XX,{'dir':XF,'row':!0x0,'className':Xw(mg_6Mc.M)},Z()[Xw(mg_6Mc.X)](X1['I'],{'loading':Xu,'challengeImageUrl':Xr,'backgroundSize':Xw(mg_6Mc.m)}),Z()[Xw(mg_6Mc.Y)](X6,{'loading':XR,'challengeImageUrl':Xi}));},[XF,Xu,Xr,XR,Xi]),Xc=(0x0,T[XQ(mg_6MS.N)])(function(){var XC=XQ;return Z()[XC(mg_6Mb.X)](N['O'],{'bold':!0x0,'marginVertical':0x8},Xd(XC(mg_6Mb.M)));},[Xd]),Xb=(0x0,T[XQ(mg_6MS.d)])(function(){var M0=XQ;return Z()['createElement'](L['z'],{'marginTop':0x7,'onClick':XT},Xd(M0(mg_6MH.X)));},[XT,Xd]),XH=(0x0,T[XQ(mg_6MS.r)])(function(XK){var M1=XQ;switch(XK){case M1(mg_6MK.X):return Xq;case M1(mg_6MK.M):return Xc;case M1(mg_6MK.m):return Xb;default:throw new Error('Invalid UI component: \"'[M1(mg_6MK.Y)](XK,'\\x22'));}},[Xq,Xc,Xb]);return Z()[XQ(mg_6MS.u)](Z()['Fragment'],null,Z()['createElement'](W['P'],{'shouldFocus':!Xk,'delay':0x1f4},Z()['createElement'](K,{'message':Xd(XQ(mg_6MS.j)),'textAlign':XQ(mg_6MS.i),'className':XQ(mg_6MS.R)})),Z()['createElement'](V['U'],{'className':XQ(mg_6MS.k)},null===(XY=XU)||void 0x0===XY?void 0x0:XY[XQ(mg_6MS.U)](function(XK){var M2=XQ,Xv=XH(XK);return Z()[M2(mg_6Mv.X)](Xv,{'key':XK});}),Xx&&Z()['createElement'](J['U'],{'sessionToken':XB})));};}}]);"
  }
}