{
  "metadata": {
    "timestamps": {
      "start": "2026-02-18T19:57:15.252323",
      "end": "2026-02-18T19:57:15.468682",
      "duration_ms": 216
    },
    "url": {
      "full": "https://arkoselabs.roblox.com/fc/gfct/",
      "protocol": "https",
      "domain": "arkoselabs.roblox.com",
      "path": "/fc/gfct/",
      "normalized_path": "/{slug}/gfct/",
      "query": {}
    },
    "method": "POST",
    "status_code": 200,
    "size": {
      "request_bytes": 166,
      "response_bytes": 3159,
      "compressed": true
    },
    "content_type": "application/json; charset=utf-8",
    "cache_status": ""
  },
  "request": {
    "headers": {
      "content-length": "166",
      "sec-ch-ua-platform": "\"Linux\"",
      "cache-control": "no-cache",
      "sec-ch-ua": "\"Not(A:Brand\";v=\"8\", \"Chromium\";v=\"144\", \"Google Chrome\";v=\"144\"",
      "sec-ch-ua-mobile": "?0",
      "x-newrelic-timestamp": "177141500835230",
      "x-requested-id": "{\"ct\":\"swixsFHwZdrBNnjmBY9FMKPvZKCx2sGHxa4/4Cu6Yp4=\",\"iv\":\"68c0590f91fc4aded93f20a521bdc087\",\"s\":\"4a1646aace4bcce7\"}",
      "x-requested-with": "XMLHttpRequest",
      "user-agent": "Mozilla/5.0 (X11; Linux x86_64) AppleWebKit/537.36 (KHTML, like Gecko) Chrome/144.0.0.0 Safari/537.36",
      "accept": "*/*",
      "content-type": "application/x-www-form-urlencoded; charset=UTF-8",
      "origin": "https://arkoselabs.roblox.com",
      "sec-fetch-site": "same-origin",
      "sec-fetch-mode": "cors",
      "sec-fetch-dest": "empty",
      "referer": "https://arkoselabs.roblox.com/fc/assets/ec-game-core/game-core/1.31.3/standard/index.html?session=4881895554c448373.7161280104&r=ap-southeast-1&meta=3&metabgclr=transparent&metaiconclr=%23757575&maintxtclr=%23b8b8b8&guitextcolor=%23474747&pk=476068BF-9607-4799-B53D-966BE98E2B81&at=40&rid=94&ag=101&cdn_url=https%3A%2F%2Farkoselabs.roblox.com%2Fcdn%2Ffc&surl=https%3A%2F%2Farkoselabs.roblox.com&smurl=https%3A%2F%2Farkoselabs.roblox.com%2Fcdn%2Ffc%2Fassets%2Fstyle-manager",
      "accept-encoding": "gzip, deflate, br, zstd",
      "accept-language": "en-US,en;q=0.9,fil;q=0.8",
      "cookie": "GuestData=UserID=-1784413165, RBXcb=RBXViralAcquisition%3Dtrue%26RBXSource%3Dtrue%26GoogleAnalytics%3Dtrue, RBXEventTrackerV2=CreateDate=10/04/2025 09:19:06&rbxid=7108482020&browserid=1759587403750002, _ga=GA1.1.1224127167.1759628996, _ga_F8VP9T1NT3=GS2.1.s1759628996$o1$g0$t1759629006$j50$l0$h0, __utmz=200924205.1769790118.9.3.utmcsr=appsflyer|utmccn=(not%20set)|utmcmd=cpa|utmcct=onelink, _gcl_au=1.1.445633669.1770730834, _scid=Wr9kCEc_3Nlyed1wABxVj3bEIIybNWtk, _scid_r=Wr9kCEc_3Nlyed1wABxVj3bEIIybNWtk, _fbp=fb.1.1770730835055.775171315334809685, _tt_enable_cookie=1, _ttp=01KH3WGKAR3H2AE8S5M5DX1J7W_.tt.1, ttcsid=1770730835310::miqHqGUEZxfvZ_nHbBwv.1.1770730835684.0, ttcsid_CSV31T3C77UDA0827220=1770730835307::XlXvMvpaVhbeZ9pnMwwy.1.1770730835685.0, _sctr=1%7C1770652800000, RBXSource=rbx_acquisition_time=02/10/2026 14:11:35&rbx_acquisition_referrer=&rbx_medium=cpa&rbx_source=appsflyer&rbx_campaign=onelink&rbx_adgroup=&rbx_keyword=&rbx_matchtype=&rbx_send_info=0, rbx-ip2=1, __utma=200924205.1785706367.1759587415.1770730834.1771414933.12, __utmb=200924205.0.10.1771414933, __utmc=200924205, RBXPaymentsFlowContext=6b863465-7439-4466-8678-42b7f0295720,, timestamp=177141500835230",
      "priority": "u=1, i"
    },
    "payload": "token=4881895554c448373.7161280104&sid=ap-southeast-1&render_type=canvas&lang=&isAudioGame=false&analytics_tier=40&is_compatibility_mode=false&apiBreakerVersion=green"
  },
  "response": {
    "headers": {
      "content-type": "application/json; charset=utf-8",
      "vary": "Accept-Encoding",
      "access-control-allow-origin": "*",
      "content-security-policy": "default-src 'self'; script-src 'self'; style-src 'self'; img-src 'self' cdn.funcaptcha.com cdn.arkoselabs.com data:; media-src 'self' data:; connect-src 'self'",
      "date": "Wed, 18 Feb 2026 11:57:16 GMT",
      "hackers": "www.arkoselabs.com/whitehat/",
      "server": "cloudfront",
      "sregion": "ap-southeast-1",
      "version": "2.0",
      "x-envoy-upstream-service-time": "43",
      "content-encoding": "gzip",
      "x-cache": "Miss from cloudfront",
      "via": "1.1 3eafd911617df6700f1357b2dcc7380c.cloudfront.net (CloudFront)",
      "x-amz-cf-pop": "MNL51-P2",
      "alt-svc": "h3=\":443\"; ma=86400",
      "x-amz-cf-id": "aplWH6e4G1tZLQ7rZM4HiYBu9hgalMtmlJoz1MChK1VPzFb8_C1u-w==",
      "x-xss-protection": "1; mode=block",
      "referrer-policy": "strict-origin-when-cross-origin",
      "x-content-type-options": "nosniff",
      "strict-transport-security": "max-age=31536000; includeSubDomains",
      "accept-ch": "Device-Memory, Sec-CH-UA, Sec-CH-UA-Arch, Sec-CH-UA-Bitness, Sec-CH-DPR, Sec-CH-UA-Full-Version-List, Sec-CH-UA-Mobile, Sec-CH-UA-Model, Sec-CH-Viewport-Width, Sec-CH-UA-Platform, Sec-CH-UA-Platform-Version, Sec-CH-Width, Sec-CH-UA-Form-Factors",
      "server-timing": "cdn-cache-hit,cdn-pop;desc=\"MNL51-P2\",cdn-rid;desc=\"aplWH6e4G1tZLQ7rZM4HiYBu9hgalMtmlJoz1MChK1VPzFb8_C1u-w==\",cdn-hit-layer;desc=\"REC\",cdn-downstream-fbl;dur=122"
    },
    "body": "{\"session_token\":\"4881895554c448373.7161280104\",\"challengeID\":\"21418955551481f99.9818514704\",\"challengeURL\":\"https://arkoselabs.roblox.com/fc/assets/match-game-ui/0.33.0/standard/index.html\",\"sec\":30,\"game_data\":{\"feature_game4_at_availability\":true,\"customGUI\":{\"example_images\":{\"key\":\"https://arkoselabs.roblox.com/cdn/fc/assets/game4failureexamples/painterlyRollball/painterlyRollball_v1_key.png\",\"answer\":\"https://arkoselabs.roblox.com/cdn/fc/assets/game4failureexamples/painterlyRollball/painterlyRollball_v1_ans.png\"},\"_challenge_imgs\":[\"https://arkoselabs.roblox.com/rtig/image?challenge=0\\u0026expires=1771419436\\u0026gameToken=21418955551481f99.9818514704\\u0026sessionToken=4881895554c448373.7161280104\\u0026signature=YVEu2GCwIM7em97Vz%2BzRgt%2F3gVdDni9RaHG7vEs8N5%2Bdh39Y6Br6WPpIVkHP45v4Ywhe21CTMJOWU7SsNxQvI0LEwO3G8WEoHVTqjDOcPYKY7ir4fFAOkGv%2BKvdEcAFqAIUmWczEpyblZ5On5GRb7iKcSFbCFfuQ2LNe3Yc96nM%2BhD89pmN3zdgOQRkbtHU%2B3DRHdBWNJe8m7y%2F7a7KZVQe2KLtvuNa9vllAMHTjHEapplsmK5UQoUi73ZlkiuJSovAZvW9gvpoDjgw8hKMAXagFeFItoLSnIJLTHnJkckcmB%2F0lyxujViZCJbNhga2by7U1sj22R7Ndxpdf4cCFsw%3D%3D\"],\"audio_disabled\":false,\"embedded_session_id_enabled\":1,\"_guiTheme\":3,\"_end_banner\":\"https://arkoselabs.roblox.com/cdn/fc/assets/graphics/roblox/roblox-victory-green2.jpg\",\"_meta_bg_colour\":\"transparent\",\"_guiTextColor\":\"#474747\",\"_guiProgressColorMain\":\"#f8fdff\",\"_meta_icon_colour\":\"#757575\"},\"waves\":3,\"gameType\":4,\"game_difficulty\":8,\"instruction_string\":\"3DRollball_v2_var1\",\"answer_height\":200,\"answer_width\":200,\"key_height\":200,\"key_width\":125},\"sid\":\"ap-southeast-1\",\"lang\":\"en\",\"string_table_prefixes\":[\"roblox_custom_instructions\"],\"string_table\":{\"4.challenge_progress\":\"{{currentChallenge}} of {{numChallenges}}\",\"4.fail_button\":\"Try again\",\"4.fail_info_timed_middle_hidden\":\"Try to answer before too much time runs out!\",\"4.fail_info_timed_top\":\"That was not quite fast enough.\",\"4.fail_top\":\"That was not quite right.\",\"4.finish_message\":\"\\u003cb\\u003eVerification Complete\\u003c/b\\u003e \\u003cbr\\u003eYou've proven you're a human. \\u003cbr\\u003eContinue your action.\",\"4.game_progress\":\"{{currentChallenge}} of {{numChallenges}}\",\"4.hint\":\"Make sure to select an image that matches what you see in the example image.\",\"4.hint-3DRollball_v2_var1\":\"Make sure the object/animal in the right image, is facing in the same direction as the object/animal in the left image\",\"4.instructions\":\"\\u003cstrong\\u003ePress the arrows\\u003c/strong\\u003e to see different images. When the image \\u003cstrong\\u003ematches the example\\u003c/strong\\u003e on the left, press Submit!\",\"4.instructions-3DRollball_v2_var1\":\"\\u003cstrong\\u003eUse the arrows\\u003c/strong\\u003e to \\u003cstrong\\u003erotate the asset\\u003c/strong\\u003e to face in the \\u003cstrong\\u003esame direction as the asset in the left image\\u003c/strong\\u003e\",\"4.instructions_3d_rollball_animalss\":\"\\u003cstrong\\u003eUse the arrows\\u003c/strong\\u003e to \\u003cstrong\\u003erotate the object\\u003c/strong\\u003e to face in the \\u003cstrong\\u003edirection of the hand.\\u003c/strong\\u003e\",\"4.interstitial_progress_1\":\"{{currentChallenge}} done\",\"4.interstitial_progress_2\":\"{{currentChallenge}} of {{numChallenges}}\",\"4.intro_title\":\"Verification\",\"4.key_image_annotation\":\"Match This!\",\"4.key_image_annotation-3DRollball_v2_var1\":\"Match the direction!\",\"4.submit_button\":\"Submit\",\"aria.answer_field\":\"Answer field\",\"aria.audio_answer_input\":\"Challenge answer\",\"aria.audio_challenge\":\"Audio challenge\",\"aria.challenge_image_alt\":\"Image {{count}}.\",\"aria.correct_image_alt\":\"Example for correct answer.\",\"aria.cross_icon_alt\":\"Example for incorrect answer.\",\"aria.input_placeholder\":\"Type here...\",\"aria.left_arrow\":\"Navigate to previous image\",\"aria.restart_challenge\":\"Restarting challenge\",\"aria.right_arrow\":\"Navigate to next image\",\"aria.tick_icon_alt\":\"Example for correct answer.\",\"aria.visual_challenge\":\"Visual challenge. Audio challenge is available below, compatible with screen reader software.\",\"aria.visual_challenge_describe\":\"Audio challenge is available below. Compatible with screen reader software.\",\"aria.visual_challenge_label\":\"Visual challenge.\",\"aria.wrong_image_alt\":\"Example for incorrect answer.\",\"game_meta.challenge\":\"Challenge {{count}}\",\"game_meta.checking\":\"Checking\",\"game_meta.game_check\":\"Check!\",\"game_meta.game_good\":\"Good\",\"game_meta.game_great\":\"Great\",\"game_meta.game_perfect\":\"Perfect\",\"game_meta.interstitial_progress_1\":\"{{currentChallenge}} done\",\"game_meta.landing_button\":\"Verify\",\"game_meta.landing_heading\":\"Protecting your account\",\"game_meta.landing_info\":\"Please solve this puzzle so we know you are a real person\",\"game_meta.landing_start\":\"Start Puzzle\",\"game_meta.not_for_public_watermark\":\"NOT FOR PRODUCTION USE\",\"game_meta.seconds\":\"seconds\",\"game_meta.verification\":\"Verification\",\"game_meta.wait_text\":\"Please wait while we check your score.\",\"meta.api_timeout_error\":\"The connection to a verification server was interrupted. Please reload the challenge to try again. \",\"meta.audio_alert\":\"Please enter your answer into the input box.\",\"meta.audio_answer_input\":\"Challenge Answer\",\"meta.audio_challenge\":\"Change to an audio challenge\",\"meta.audio_challenge_frame_title\":\"Audio challenge\",\"meta.audio_challenge_label\":\"Audio\",\"meta.audio_disabled\":\"The audio challenge has been disabled. Please use the visual challenge, or contact the customer support team for assistance.\",\"meta.audio_download\":\"Download Sound\",\"meta.audio_incorrect\":\"Incorrect, try again\",\"meta.audio_info\":\"Enter the numbers you hear:\",\"meta.audio_info_ctrl\":\"Press CTRL to play again.\",\"meta.audio_info_play\":\"Press Play and type what you hear:\",\"meta.audio_info_play-3\":\"Press Play, type the number of the song that is the most sad, then press enter:\",\"meta.audio_new_puzzle\":\"Start over with a different challenge\",\"meta.audio_play\":\"Play Sound\",\"meta.audio_play_again\":\"Play sound again\",\"meta.audio_play_button\":\"Play\",\"meta.audio_please_download_info\":\"Please download and listen to the sound, then type what you heard:\",\"meta.audio_please_download_info-3\":\"Please download and listen to the sound, type the number of the song that is the most sad:\",\"meta.audio_rate_limit\":\"Use of the audio challenge for this user has been too high. Please try again.\",\"meta.audio_sending_answer\":\"Committing your answer. Please wait...\",\"meta.audio_sent_info\":\"Verification complete! You've proven you're a human. Continue your action.\",\"meta.audio_verify_button\":\"Verify\",\"meta.audio_version\":\"Change to an audio challenge\",\"meta.close_button\":\"Close\",\"meta.compat_mode_error_string\":\"For security reasons, your device or browser cannot connect to a verification server. To verify that you are a real person, please update your device or browser.\",\"meta.finished_info\":\"You've proven you're a human. Continue your action.\",\"meta.footer_finished_info-1\":\"\\u003cp\\u003e\\u003cstrong\\u003eVerification complete!\\u003c/strong\\u003e\\u003c/p\\u003e\\u003cp\\u003eYou've proven you're a human.\\u003c/p\\u003e\\u003cp\\u003eContinue your action.\\u003c/p\\u003e\",\"meta.footer_finished_info-3\":\"\\u003cb\\u003eVerification complete!\\u003c/b\\u003e\\u003cbr\\u003eYou've proven you're a human.\\u003cbr\\u003eContinue your action.\",\"meta.footer_general_info\":\"Play like humans do.\",\"meta.footer_general_info-1\":\"Please solve the puzzle.\",\"meta.footer_patent\":\"Patent pending\",\"meta.footer_phone_mode_on\":\"This isn't working for me\",\"meta.funcaptcha\":\"Arkose Labs\",\"meta.funcaptcha_solved_phrase\":\"Verification challenge has been solved\",\"meta.funcaptcha_website\":\"Open Arkose Labs website\",\"meta.generic_error\":\"Something went wrong. Please reload the challenge to try again.\",\"meta.help\":\"Get answers to your questions\",\"meta.html_verify_button\":\"Verify\",\"meta.html_verify_info\":\"Please prove you're not a spammer by doing this quick activity!\",\"meta.loading_info\":\"Working, please wait...\",\"meta.meta_start_cta\":\"Start visual challenge\",\"meta.reload_challenge\":\"Reload Challenge\",\"meta.restart_label\":\"Restart\",\"meta.session_reset\":\"Your session was reset. Please try again.\",\"meta.session_timeout\":\"The connection to a verification server was interrupted. Please \\u003cstrong\\u003erefresh this page\\u003c/strong\\u003e to try again.\",\"meta.star_info\":\"Stars you have earned\",\"meta.stars_link\":\"Stars\",\"meta.text_info\":\"Enter the text you see:\",\"meta.verification_complete\":\"Verification complete!\",\"meta.visual_challenge_frame_title\":\"Visual challenge\",\"meta.visual_challenge_label\":\"Visual\",\"meta.visual_version\":\"Change to a visual challenge\",\"roblox_custom_instructions-game_meta.landing_heading\":\"Verification\",\"roblox_custom_instructions-game_meta.landing_info\":\"Please solve this challenge so we know you are a real person\",\"roblox_custom_instructions_pair-3.instructions\":\"Pick the image with matching items\",\"roblox_custom_instructions_pair-game_meta.landing_start\":\"Verify\"},\"style_theme\":\"modal\",\"dapib_url\":\"https://arkoselabs.roblox.com/dapib/ap-southeast-1/45cb63bd-789a-417a-91a4-1eb62a7ceb2c/511.js?expiry=1771417636719\\u0026mac=S9YvvXgniwDTJJ6U%2B%2BpLKXi3F1ns2chOAy%2F0%2FpblnV4%3D\"}"
  }
}