{
  "metadata": {
    "timestamps": {
      "start": "2026-02-18T19:59:07.764104",
      "end": "2026-02-18T19:59:07.993512",
      "duration_ms": 229
    },
    "url": {
      "full": "https://js.rbxcdn.com/5edd7f1130b96f22eb577df8df578dfd.js",
      "protocol": "https",
      "domain": "js.rbxcdn.com",
      "path": "/5edd7f1130b96f22eb577df8df578dfd.js",
      "normalized_path": "/5edd7f1130b96f22eb577df8df578dfd.js",
      "query": {}
    },
    "method": "GET",
    "status_code": 200,
    "size": {
      "request_bytes": 0,
      "response_bytes": 3647,
      "compressed": true
    },
    "content_type": "application/javascript",
    "cache_status": "public, max-age=31536000"
  },
  "request": {
    "headers": {
      "sec-ch-ua-platform": "\"Linux\"",
      "user-agent": "Mozilla/5.0 (X11; Linux x86_64) AppleWebKit/537.36 (KHTML, like Gecko) Chrome/144.0.0.0 Safari/537.36",
      "sec-ch-ua": "\"Not(A:Brand\";v=\"8\", \"Chromium\";v=\"144\", \"Google Chrome\";v=\"144\"",
      "sec-ch-ua-mobile": "?0",
      "accept": "*/*",
      "sec-fetch-site": "cross-site",
      "sec-fetch-mode": "no-cors",
      "sec-fetch-dest": "script",
      "sec-fetch-storage-access": "none",
      "referer": "https://www.roblox.com/",
      "accept-encoding": "gzip, deflate, br, zstd",
      "accept-language": "en-US,en;q=0.9,fil;q=0.8",
      "priority": "u=2"
    },
    "payload": null
  },
  "response": {
    "headers": {
      "content-type": "application/javascript",
      "date": "Wed, 29 Oct 2025 18:07:43 GMT",
      "last-modified": "Fri, 24 Oct 2025 17:55:11 GMT",
      "content-encoding": "gzip",
      "x-amz-server-side-encryption": "AES256",
      "cache-control": "public, max-age=31536000",
      "x-amz-version-id": "NvogirZANnnHep2zx4Cj3ypTYZAFUbif",
      "server": "AmazonS3",
      "etag": "W/\"5edd7f1130b96f22eb577df8df578dfd\"",
      "vary": "accept-encoding, Origin",
      "x-cache": "Hit from cloudfront",
      "via": "1.1 1b7c94274bd830ddf26396883b21ed8a.cloudfront.net (CloudFront)",
      "x-amz-cf-pop": "MNL51-P1",
      "x-amz-cf-id": "23RuovtgjL3dbP08h4fk2b0Vhpr6pBwY53KyPJw_oI1SQtI8_UwrqA==",
      "age": "9654687",
      "rbx-cdn-provider": "aws",
      "timing-allow-origin": "*",
      "nel": "{\"report_to\":\"network-errors\",\"max_age\":604800,\"success_fraction\":0,\"failure_fraction\":0.05,\"response_headers\":[\"Rbx-Cdn-Provider\",\"vary\"]}",
      "report-to": "{\"group\":\"network-errors\",\"max_age\":604800,\"endpoints\":[{\"url\":\"https://ncs.roblox.com/upload\"}]}",
      "server-timing": "cdn-cache-hit,cdn-pop;desc=\"MNL51-P1\",cdn-rid;desc=\"23RuovtgjL3dbP08h4fk2b0Vhpr6pBwY53KyPJw_oI1SQtI8_UwrqA==\",cdn-hit-layer;desc=\"EDGE\",cdn-downstream-fbl;dur=0"
    },
    "body": ";// bundle: page___fd347845fb3e0e06f44712567252fa67_m\n;// files: Tracking/FormEvents.js, utilities/dialog.js, common/deviceMeta.js, AbuseReport/AbuseReportDispatcher.js\n\n;// Tracking/FormEvents.js\nif(typeof(Roblox)==='undefined'){Roblox={};}\nif(typeof(Roblox.FormEvents)==='undefined'){Roblox.FormEvents=function(){function sendEvent(eventName,context,properties){if(!Roblox.EventStream){return;}\nRoblox.EventStream.SendEvent(eventName,context,properties);}\nfunction sendValidationFailed(context,field,input,msg){var properties={msg:msg,input:input,field:field,vis:true};sendEvent(\"formValidation\",context,properties);}\nfunction sendInteractionFocus(context,field){var properties={aType:\"focus\",field:field};sendEvent(\"formInteraction\",context,properties);}\nfunction sendInteractionOffFocus(context,field,input){var properties={aType:'offFocus',field:field};if(input){properties.input=input;}\nsendEvent(\"formInteraction\",context,properties);}\nfunction sendInteractionClick(context,field,input,additionalParams){var properties={aType:\"click\",field:field}\nif(input){properties.input=input;}\nif(additionalParams){properties=$.extend(properties,additionalParams);}\nsendEvent(\"formInteraction\",context,properties);}\nvar my={SendValidationFailed:sendValidationFailed,SendInteractionFocus:sendInteractionFocus,SendInteractionOffFocus:sendInteractionOffFocus,SendInteractionClick:sendInteractionClick};return my;}();}\n\n;// utilities/dialog.js\nif(typeof Roblox===\"undefined\"){Roblox={};}\nif(typeof Roblox.Dialog===\"undefined\"){Roblox.Dialog=function(){var CONTAINER_SELECTOR=\".simplemodal-container\";var BUTTON_CLASS_GREEN=\"btn-primary-md\";var BUTTON_CLASS_BLUE=\"btn-secondary-md\";var BUTTON_CLASS_WHITE=\"btn-control-md\";var BUTTON_CLASS_GREEN_DISABLED=\"btn-primary-md disabled\";var BUTTON_CLASS_BLUE_DISABLED=\"btn-secondary-md disabled\";var BUTTON_CLASS_WHITE_DISABLED=\"btn-control-md disabled\";var BUTTON_CLASS_NONE=\"btn-none\";var BUTTON_SELECTOR_YES=\".modal-btns #confirm-btn\";var BUTTON_SELECTOR_NO=\".modal-btns #decline-btn\";var MODAL_CHECKBOX_SELECTOR=\"#modal-checkbox-input\";var status={isOpen:false};var modalProperties={overlayClose:true,escClose:true,opacity:80,zIndex:1040,overlayCss:{backgroundColor:\"#000\"},onClose:close,focus:false};var dialogDefaults={Yes:\"Yes\",No:\"No\",Agree:\"Agree\"};function open(properties){status.isOpen=true;var defaults={titleText:\"\",bodyContent:\"\",footerText:\"\",footerMiddleAligned:false,acceptText:Roblox.Lang.ControlsResources[\"Action.Yes\"]||dialogDefaults.Yes,declineText:Roblox.Lang.ControlsResources[\"Action.No\"]||dialogDefaults.No,acceptColor:BUTTON_CLASS_BLUE,declineColor:BUTTON_CLASS_WHITE,xToCancel:false,onAccept:function(){return false;},onDecline:function(){return false;},onCancel:function(){return false;},imageUrl:null,showAccept:true,showDecline:true,allowHtmlContentInBody:false,allowHtmlContentInFooter:false,dismissable:true,fieldValidationRequired:false,onOpenCallback:function(){},onCloseCallback:close,cssClass:null,checkboxAgreementText:Roblox.Lang.ControlsResources[\"Action.Agree\"]||dialogDefaults.Agree,checkboxAgreementRequired:false};properties=$.extend({},defaults,properties);modalProperties.overlayClose=properties.dismissable;modalProperties.escClose=properties.dismissable;if(properties.onCloseCallback){modalProperties.onClose=function(){properties.onCloseCallback();close();}}\nvar yesBtn=$(BUTTON_SELECTOR_YES);yesBtn.html(properties.acceptText);yesBtn.attr(\"class\",properties.acceptColor);yesBtn.unbind();yesBtn.bind('click',function(){if(_buttonIsDisabled(yesBtn)){return false;}\nif(properties.fieldValidationRequired){btnClickCallbackFirst(properties.onAccept);}else{btnClick(properties.onAccept);}\nreturn false;});var noBtn=$(BUTTON_SELECTOR_NO);noBtn.html(properties.declineText);noBtn.attr(\"class\",properties.declineColor);noBtn.unbind();noBtn.bind('click',function(){if(_buttonIsDisabled(noBtn)){return false;}\nbtnClick(properties.onDecline);return false;});var checkbox=$(MODAL_CHECKBOX_SELECTOR);checkbox.unbind();checkbox.bind(\"change\",function(){if(checkbox.is(\":checked\")){_enableButton(yesBtn);}else{_disableButton(yesBtn);}});var modal=$('[data-modal-type=\"confirmation\"]');modal.find(\".modal-title\").text(properties.titleText);if(properties.imageUrl==null){modal.addClass('noImage');}else{modal.find('img.modal-thumb').attr('src',properties.imageUrl);modal.removeClass('noImage');}\nif(status.extraClass){modal.removeClass(status.extraClass);status.extraClass=false;}\nif(properties.cssClass!=null){modal.addClass(properties.cssClass);status.extraClass=properties.cssClass;}\nif(properties.allowHtmlContentInBody){modal.find(\".modal-message\").html(properties.bodyContent);}else{modal.find(\".modal-message\").text(properties.bodyContent);}\nif(properties.checkboxAgreementRequired){_disableButton(yesBtn);modal.find(\".modal-checkbox.checkbox > input\").prop(\"checked\",false);modal.find(\".modal-checkbox.checkbox > label\").text(properties.checkboxAgreementText);modal.find(\".modal-checkbox.checkbox\").show();}else{modal.find(\".modal-checkbox.checkbox > input\").prop(\"checked\",true);modal.find(\".modal-checkbox.checkbox\").hide();}\nif($.trim(properties.footerText)==\"\"){modal.find(\".modal-footer\").hide();}else{modal.find(\".modal-footer\").show();}\nif(properties.allowHtmlContentInFooter){modal.find(\".modal-footer\").html(properties.footerText);}else{modal.find(\".modal-footer\").text(properties.footerText);}\nif(properties.footerMiddleAligned){modal.find(\".modal-footer\").addClass(\"modal-footer-center\");}\nmodal.modal(modalProperties);var cancelBtn=$(CONTAINER_SELECTOR+\" .modal-header .close\");cancelBtn.unbind();cancelBtn.bind('click',function(){btnClick(properties.onCancel);return false;});if(!properties.xToCancel){cancelBtn.hide();}\nif(!properties.showAccept){yesBtn.hide();}\nif(!properties.showDecline){noBtn.hide();}\n$(\"#rbx-body\").addClass(\"modal-mask\");properties.onOpenCallback();}\nfunction _disableButton(btn){if(btn.hasClass(BUTTON_CLASS_WHITE)){btn.addClass(BUTTON_CLASS_WHITE_DISABLED);}else if(btn.hasClass(BUTTON_CLASS_GREEN)){btn.addClass(BUTTON_CLASS_GREEN_DISABLED);}else if(btn.hasClass(BUTTON_CLASS_BLUE)){btn.addClass(BUTTON_CLASS_BLUE_DISABLED);}}\nfunction _buttonIsDisabled(btn){if(btn.hasClass(BUTTON_CLASS_BLUE_DISABLED)||btn.hasClass(BUTTON_CLASS_WHITE_DISABLED)||btn.hasClass(BUTTON_CLASS_GREEN_DISABLED)){return true;}\nreturn false;}\nfunction disableButtons(){var yesBtn=$(BUTTON_SELECTOR_YES);var noBtn=$(BUTTON_SELECTOR_NO);_disableButton(yesBtn);_disableButton(noBtn);}\nfunction _enableButton(btn){if(btn.hasClass(BUTTON_CLASS_WHITE_DISABLED)){btn.removeClass(BUTTON_CLASS_WHITE_DISABLED);btn.addClass(BUTTON_CLASS_WHITE);}else if(btn.hasClass(BUTTON_CLASS_GREEN_DISABLED)){btn.removeClass(BUTTON_CLASS_GREEN_DISABLED);btn.addClass(BUTTON_CLASS_GREEN);}else if(btn.hasClass(BUTTON_CLASS_BLUE_DISABLED)){btn.removeClass(BUTTON_CLASS_BLUE_DISABLED);btn.addClass(BUTTON_CLASS_BLUE);}}\nfunction enableButtons(){var yesBtn=$(BUTTON_SELECTOR_YES);var noBtn=$(BUTTON_SELECTOR_NO);_enableButton(yesBtn);_enableButton(noBtn);}\nfunction clickYes(){if(status.isOpen){var yesBtn=$(BUTTON_SELECTOR_YES);yesBtn.click();}}\nfunction clickNo(){var noBtn=$(BUTTON_SELECTOR_NO);noBtn.click();}\nfunction close(id){status.isOpen=false;if(typeof id!=='undefined'){$.modal.close(id);}else{$.modal.close();}\n$(\"#rbx-body\").removeClass(\"modal-mask\");}\nfunction btnClick(callBack){close();if(typeof callBack==='function'){callBack();}}\nfunction btnClickCallbackFirst(callBack){if(typeof callBack==='function'){var returnVal=callBack();if(returnVal!=='undefined'){if(returnVal==false){return false;}}}\nclose();}\nfunction toggleProcessing(isShown,closeClass){var modal=$(\".modal-body\");if(isShown){modal.find(\".modal-btns\").hide();modal.find(\".modal-processing\").show();}else{modal.find(\".modal-btns\").show();modal.find(\".modal-processing\").hide();}\nif(typeof closeClass!==\"undefined\"&&closeClass!==\"\"){$.modal.close(\".\"+closeClass);}}\nreturn{open:open,close:close,disableButtons:disableButtons,enableButtons:enableButtons,clickYes:clickYes,clickNo:clickNo,status:status,toggleProcessing:toggleProcessing,green:BUTTON_CLASS_GREEN,blue:BUTTON_CLASS_BLUE,white:BUTTON_CLASS_WHITE,none:BUTTON_CLASS_NONE};}();}\n$(document).keypress(function(e){if(Roblox.Dialog.isOpen&&e.which===13){Roblox.Dialog.clickYes();}});\n\n;// common/deviceMeta.js\nvar Roblox=Roblox||{};Roblox.DeviceMeta=(function(){var metaTag=document.querySelector('meta[name=\"device-meta\"]');if(metaTag===null){console.debug(\"Error loading device information from meta tag - please check if meta tag is present\");return;}\nvar keyMap=metaTag.dataset||{};var appTypes={android:\"android\",ios:\"ios\",xbox:\"xbox\",uwp:\"uwp\",amazon:\"amazon\",win32:\"win32\",universalapp:\"universalApp\",unknown:\"unknown\"};var deviceTypes={computer:\"computer\",tablet:\"tablet\",phone:\"phone\",console:\"console\"};return function(){return{deviceType:deviceTypes[keyMap.deviceType]||'',appType:appTypes[keyMap.appType]||'',isInApp:keyMap.isInApp==='true',isDesktop:keyMap.isDesktop==='true',isPhone:keyMap.isPhone==='true',isTablet:keyMap.isTablet==='true',isConsole:keyMap.isConsole==='true',isAndroidApp:keyMap.isAndroidApp==='true',isIosApp:keyMap.isIosApp==='true',isUWPApp:keyMap.isUwpApp==='true',isXboxApp:keyMap.isXboxApp==='true',isAmazonApp:keyMap.isAmazonApp==='true',isWin32App:keyMap.isWin32App==='true',isStudio:keyMap.isStudio==='true',isIosDevice:keyMap.isIosDevice==='true',isAndroidDevice:keyMap.isAndroidDevice==='true',isUniversalApp:keyMap.isUniversalApp==='true',isChromeOs:keyMap.isChromeOs==='true',isPcGdkApp:keyMap.isPcGdkApp==='true',isSamsungGalaxyStoreApp:keyMap.isSamsungGalaxyStoreApp==='true',}};})();\n\n;// AbuseReport/AbuseReportDispatcher.js\nvar Roblox=Roblox||{};Roblox.AbuseReportDispatcher=(function(){var isInitialized=false;var getParamFromQueryString=function(param,url){param=param.replace(/[\\[\\]]/g,\"\\\\$&\");var regex=new RegExp(\"[?&]\"+param+\"(=([^&#]*)|&|#|$)\"),results=regex.exec(url);if(!results){return null;}\nif(!results[2]){return\"\";}\nreturn decodeURIComponent(results[2].replace(/\\+/g,\" \"));}\nvar triggerUrlAction=function(url){if(typeof(url)!==\"string\"){return false;}\nurl=url.toLowerCase();var parts=url.split(\"?\");var link=parts[0];var action;var pvMeta=Roblox.AbuseReportPVMeta;var deviceMeta=Roblox.DeviceMeta();pvMeta.inApp=deviceMeta.isInApp;if(link&&typeof(link)===\"string\"){action=link.split(\"abusereport/\")[1];}\nif(action){var payload={actionName:action,id:getParamFromQueryString(\"id\",url),redirectUrl:getParamFromQueryString(\"redirecturl\",url)};if(getParamFromQueryString(\"conversationid\",url)){payload[\"conversationId\"]=getParamFromQueryString(\"conversationid\",url);}\nif(getParamFromQueryString(\"stringid\",url)){payload[\"stringId\"]=getParamFromQueryString(\"stringid\",url);}\nif(getParamFromQueryString(\"forumPostId\",url)){payload[\"forumPostId\"]=getParamFromQueryString(\"forumPostId\",url);}\nif(getParamFromQueryString(\"partyguid\",url)){payload[\"partyGuid\"]=getParamFromQueryString(\"partyguid\",url);}\nif(payload.id&&payload.redirectUrl){var newQuerystring=$.param(payload);var embedUrlPath=\"abusereport/embedded/\"+action+\"?\"+newQuerystring;var embeddedUrl=Roblox.Endpoints.getAbsoluteUrl(\"/\"+embedUrlPath);if(pvMeta.inApp){if(pvMeta.inAppEnabled){var params={urlPath:embedUrlPath,feature:\"Abuse Report\"};console.debug(\"Calling navigateToFeature for Hybrid Overlay\");Roblox.Hybrid.Navigation.navigateToFeature(params,function(status){console.debug(\"navigateToFeature ---- status:\"+status);});}\nelse{window.location.href=url;}}\nelse if(pvMeta.phoneEnabled){window.location.href=embeddedUrl;}\nelse{window.location.href=url;}}}}\nvar listener=function(e){e.preventDefault();var url=$(this).attr(\"href\");if(url){triggerUrlAction(url);}}\nvar initialize=function(){if(!isInitialized){$(\".abuse-report-modal\").click(listener);$(\".messages-container\").on(\"click\",\".abuse-report-modal\",listener);$(\"#AjaxCommentsContainer\").on(\"click\",\".abuse-report-modal\",listener);$(\"#item-context-menu\").on(\"click\",\".abuse-report-modal\",listener);$(\".GroupWallPane\").on(\"click\",\".abuse-report-modal\",listener);$(\".group-details-container\").on(\"click\",\".abuse-report-modal\",listener);isInitialized=true;}}\nreturn{triggerUrlAction:triggerUrlAction,initialize:initialize};})();$(document).ready(function(){Roblox.AbuseReportDispatcher.initialize();});\n\n;//Bundle detector\nRoblox && Roblox.BundleDetector && Roblox.BundleDetector.bundleDetected('page');"
  }
}