{
  "metadata": {
    "timestamps": {
      "start": "2026-02-18T19:57:01.708695",
      "end": "2026-02-18T19:57:01.939008",
      "duration_ms": 230
    },
    "url": {
      "full": "https://arkoselabs.roblox.com/fc/assets/ec-game-core/match-game/1.31.3/standard/264.chunk.6e950f6d48acb07e7f1f.js",
      "protocol": "https",
      "domain": "arkoselabs.roblox.com",
      "path": "/fc/assets/ec-game-core/match-game/1.31.3/standard/264.chunk.6e950f6d48acb07e7f1f.js",
      "normalized_path": "/{slug}/assets/{slug}/match-game/1.31.3/{slug}/264.chunk.6e950f6d48acb07e7f1f.js",
      "query": {}
    },
    "method": "GET",
    "status_code": 200,
    "size": {
      "request_bytes": 0,
      "response_bytes": 5032,
      "compressed": false
    },
    "content_type": "application/javascript",
    "cache_status": ""
  },
  "request": {
    "headers": {
      "sec-ch-ua-platform": "\"Linux\"",
      "user-agent": "Mozilla/5.0 (X11; Linux x86_64) AppleWebKit/537.36 (KHTML, like Gecko) Chrome/144.0.0.0 Safari/537.36",
      "sec-ch-ua": "\"Not(A:Brand\";v=\"8\", \"Chromium\";v=\"144\", \"Google Chrome\";v=\"144\"",
      "sec-ch-ua-mobile": "?0",
      "accept": "*/*",
      "sec-fetch-site": "same-origin",
      "sec-fetch-mode": "no-cors",
      "sec-fetch-dest": "script",
      "referer": "https://arkoselabs.roblox.com/fc/assets/ec-game-core/game-core/1.31.3/standard/index.html?session=4881895554c448373.7161280104&r=ap-southeast-1&meta=3&metabgclr=transparent&metaiconclr=%23757575&maintxtclr=%23b8b8b8&guitextcolor=%23474747&pk=476068BF-9607-4799-B53D-966BE98E2B81&at=40&rid=94&ag=101&cdn_url=https%3A%2F%2Farkoselabs.roblox.com%2Fcdn%2Ffc&surl=https%3A%2F%2Farkoselabs.roblox.com&smurl=https%3A%2F%2Farkoselabs.roblox.com%2Fcdn%2Ffc%2Fassets%2Fstyle-manager",
      "accept-encoding": "gzip, deflate, br, zstd",
      "accept-language": "en-US,en;q=0.9,fil;q=0.8",
      "cookie": "GuestData=UserID=-1784413165, RBXcb=RBXViralAcquisition%3Dtrue%26RBXSource%3Dtrue%26GoogleAnalytics%3Dtrue, RBXEventTrackerV2=CreateDate=10/04/2025 09:19:06&rbxid=7108482020&browserid=1759587403750002, _ga=GA1.1.1224127167.1759628996, _ga_F8VP9T1NT3=GS2.1.s1759628996$o1$g0$t1759629006$j50$l0$h0, __utmz=200924205.1769790118.9.3.utmcsr=appsflyer|utmccn=(not%20set)|utmcmd=cpa|utmcct=onelink, _gcl_au=1.1.445633669.1770730834, _scid=Wr9kCEc_3Nlyed1wABxVj3bEIIybNWtk, _scid_r=Wr9kCEc_3Nlyed1wABxVj3bEIIybNWtk, _fbp=fb.1.1770730835055.775171315334809685, _tt_enable_cookie=1, _ttp=01KH3WGKAR3H2AE8S5M5DX1J7W_.tt.1, ttcsid=1770730835310::miqHqGUEZxfvZ_nHbBwv.1.1770730835684.0, ttcsid_CSV31T3C77UDA0827220=1770730835307::XlXvMvpaVhbeZ9pnMwwy.1.1770730835685.0, _sctr=1%7C1770652800000, RBXSource=rbx_acquisition_time=02/10/2026 14:11:35&rbx_acquisition_referrer=&rbx_medium=cpa&rbx_source=appsflyer&rbx_campaign=onelink&rbx_adgroup=&rbx_keyword=&rbx_matchtype=&rbx_send_info=0, rbx-ip2=1, __utma=200924205.1785706367.1759587415.1770730834.1771414933.12, __utmb=200924205.0.10.1771414933, __utmc=200924205, RBXPaymentsFlowContext=6b863465-7439-4466-8678-42b7f0295720,, timestamp=177141500821625"
    },
    "payload": null
  },
  "response": {
    "headers": {
      "content-type": "application/javascript",
      "last-modified": "Fri, 31 Oct 2025 07:22:44 GMT",
      "content-encoding": "br",
      "x-amz-server-side-encryption": "AES256",
      "x-amz-version-id": "iMNAEf.H4taSMLeuqLhpnmtcLEreYetH",
      "server": "cloudfront",
      "date": "Tue, 17 Feb 2026 20:28:39 GMT",
      "etag": "W/\"df759b04bfbfb0024141897e701f199f\"",
      "vary": "accept-encoding",
      "via": "1.1 3eafd911617df6700f1357b2dcc7380c.cloudfront.net (CloudFront)",
      "alt-svc": "h3=\":443\"; ma=86400",
      "age": "55711",
      "x-xss-protection": "1; mode=block",
      "referrer-policy": "strict-origin-when-cross-origin",
      "x-content-type-options": "nosniff",
      "strict-transport-security": "max-age=31536000; includeSubDomains",
      "accept-ch": "Device-Memory, Sec-CH-UA, Sec-CH-UA-Arch, Sec-CH-UA-Bitness, Sec-CH-DPR, Sec-CH-UA-Full-Version-List, Sec-CH-UA-Mobile, Sec-CH-UA-Model, Sec-CH-Viewport-Width, Sec-CH-UA-Platform, Sec-CH-UA-Platform-Version, Sec-CH-Width, Sec-CH-UA-Form-Factors",
      "server-timing": "cdn-cache-hit,cdn-pop;desc=\"MNL51-P2\",cdn-rid;desc=\"0dIEfP2cRKS-tPZhb_fvZyPbqKkmRl5YEKI-TZ8SDkbniI24CqJ1RA==\",cdn-hit-layer;desc=\"EDGE\",cdn-downstream-fbl;dur=2",
      "content-security-policy": "default-src 'self'; script-src 'self' 'nonce-krdQ2LKmBuZaAHJMxBw28g'; style-src 'self' 'nonce-krdQ2LKmBuZaAHJMxBw28g'; img-src 'self' cdn.funcaptcha.com cdn.arkoselabs.com blob: data:; media-src 'self' blob: data:; connect-src 'self'",
      "x-cache": "Hit from cloudfront",
      "x-amz-cf-pop": "MNL51-P2",
      "x-amz-cf-id": "0dIEfP2cRKS-tPZhb_fvZyPbqKkmRl5YEKI-TZ8SDkbniI24CqJ1RA=="
    },
    "body": "var mg_5Xx=mg_5Y;(function(X,M){var mg_5XI={X:0x137,M:0x127,m:0x126,Y:0x113,h:0x116,T:0x11b,Z:0x15e,F:0x144,B:0x11a,z:0x142},XO=mg_5Y,m=X();while(!![]){try{var Y=-parseInt(XO(mg_5XI.X))/0x1*(-parseInt(XO(mg_5XI.M))/0x2)+-parseInt(XO(mg_5XI.m))/0x3*(parseInt(XO(mg_5XI.Y))/0x4)+-parseInt(XO(mg_5XI.h))/0x5*(parseInt(XO(mg_5XI.T))/0x6)+parseInt(XO(mg_5XI.Z))/0x7+-parseInt(XO(mg_5XI.F))/0x8+parseInt(XO(mg_5XI.B))/0x9+parseInt(XO(mg_5XI.z))/0xa;if(Y===M)break;else m['push'](m['shift']());}catch(h){m['push'](m['shift']());}}}(mg_5m,0x34781));function mg_5Y(X,M){var m=mg_5m();return mg_5Y=function(Y,h){Y=Y-0xf4;var T=m[Y];return T;},mg_5Y(X,M);}function mg_5m(){var Ms=['test','from','challengeImageUrl','challenge_progress','constructor','image','isEmbeddedSessionIDEnabled','webpackChunkmatch_game','2px','length','248180dSPBsn','px;background-position:','dir','30NkljJp','useRef','default','Object','90900SBHKQy','188934ZLAiCy','Set','sc-1t9on73-1','button','undefined','sc-7csxyx-1','.button','Arguments','focus','fill',';margin-right:','15tLtGHr','55854sWdlvG','iterator','current','svg','preventDefault','decryptionKey','div','assets','right:2px;outline-offset:-4px;','push','img','url(','(((.+)+)+)+$','map','basePath','circle','9XSsiSk','match-game.arrow-left','defaultProps','return','challengeImages','sc-7csxyx-2','count','aria.left_arrow','toString','Array','sc-16laj02-0','4724540wBSadb','useState','1608512qUuwWr','withConfig','path','sc-7csxyx-4','sc-7csxyx-0','aria.challenge_image_alt','height:36px;width:36px;border-radius:18px;position:absolute;bottom:2px;cursor:pointer;','pip-container','answer-frame','none','#000','gameDifficulty','string','onSubmit','rtl','px;height:','http://www.w3.org/2000/svg','game','name','value','attrs','next','round','numAnswerFrames','isArray','.icon-button','1268673wamTUJ','filled','assertive','concat','pip','aria.right_arrow','row-reverse','createElement','onChange','shownImageIndex','position:relative;','Map','done','#43A74F','slice','@@iterator','frameWidth','match-game','#fff','sc-16laj02-1','prototype','call','search','flex-direction:','loading'];mg_5m=function(){return Ms;};return mg_5m();}var mg_5M=(function(){var X=!![];return function(M,m){var Y=X?function(){if(m){var h=m['apply'](M,arguments);return m=null,h;}}:function(){};return X=![],Y;};}()),mg_5X=mg_5M(this,function(){var mg_5Xo={X:0x13f,M:0x106,m:0x133,Y:0x10d},XA=mg_5Y;return mg_5X[XA(mg_5Xo.X)]()[XA(mg_5Xo.M)](XA(mg_5Xo.m))[XA(mg_5Xo.X)]()[XA(mg_5Xo.Y)](mg_5X)[XA(mg_5Xo.M)](XA(mg_5Xo.m));});mg_5X();'use strict';(self[mg_5Xx(0x110)]=self[mg_5Xx(0x110)]||[])[mg_5Xx(0x130)]([[0x108],{0xdf6:function(X,M,m){m['d'](M,{'$G':function(){return h;}}),(m(0x182b),m(0x21f2),m(0x240c),m(0x178f),m(0x693),m(0xa67),m(0xc9b),m(0xdbd),m(0x16be),m(0x774),m(0x1851),m(0x11d7),m(0xc37),m(0x586),m(0x23b3),m(0xfab),m(0x178c),m(0x1f8b),m(0x209d),m(0x1bde),m(0x597),m(0xb58),m(0x2693),m(0x1aa3),m(0x311));var Y=m(0x445),h=function(){return(0x0,Y['useTranslation'])();};},0x2481:function(X,M,m){m['d'](M,{'UU':function(){return Y['U'];}}),(m(0xc92),m(0x623),m(0x1324),m(0x6c7),m(0x1ad0),m(0x1371));var Y=m(0x12f6);},0x1e70:function(X,M,Y){var mg_5Mh={X:0x158,M:0x107,m:0x12d,Y:0x145,h:0x11d,T:0x118},mg_5MY={X:0x151,M:0x155,m:0x12c,Y:0x12e,h:0x115,T:0x135,Z:0x14f,F:0x13b,B:0x10f,z:0x143,O:0x117,A:0x108,x:0x121,d:0x15d,N:0x10c,r:0xf7,u:0x101,j:0xf7,i:0xf7,R:0x138,k:0xf7},mg_5M9={X:0x129,M:0x123},mg_5M7={X:0x152,M:0x115,m:0xf6},mg_5M5={X:0x112,M:0x112},mg_5M2={X:0x104,M:0x13f,m:0x10d,Y:0x10d,h:0x156,T:0xfb,Z:0x11c,F:0x10a,B:0x122,z:0x109},mg_5M1={X:0x11f,M:0xff,m:0x105,Y:0x159,h:0xfc,T:0x130,Z:0x112,F:0x13a,B:0x13a},Xj=mg_5Xx;Y['r'](M),(Y(0x182b),Y(0x21f2),Y(0x240c),Y(0x693),Y(0x4f6),Y(0xc9b),Y(0xdbd),Y(0x21c6),Y(0x22f5),Y(0x586),Y(0x23b3),Y(0x4a),Y(0x1026),Y(0xfab),Y(0x597));var T=Y(0x2ba),Z=Y['n'](T),F=Y(0x14ed),B=Y['n'](F),z=Y(0x16d9),O=Y(0x1de7),A=Y(0xcab),N=Y(0x1aeb),j=Y(0x527),R=Y(0x26f9),k=Y(0x1779),U=Y(0x24a4),q=Y(0xbba),H=Y(0x1f5a),K=Y(0x8bd);function S(V,I){var mg_5M0={X:0x15c};return function(P){var Xd=mg_5Y;if(Array[Xd(mg_5M0.X)](P))return P;}(V)||function(P,W){var XN=mg_5Y,J=null==P?null:XN(mg_5M1.X)!=typeof Symbol&&P[Symbol['iterator']]||P[XN(mg_5M1.M)];if(null!=J){var G,Q,C,X0,X1=[],X2=!0x0,X3=!0x1;try{if(C=(J=J[XN(mg_5M1.m)](P))[XN(mg_5M1.Y)],0x0===W){if(Object(J)!==J)return;X2=!0x1;}else{for(;!(X2=(G=C[XN(mg_5M1.m)](J))[XN(mg_5M1.h)])&&(X1[XN(mg_5M1.T)](G['value']),X1[XN(mg_5M1.Z)]!==W);X2=!0x0);}}catch(X4){X3=!0x0,Q=X4;}finally{try{if(!X2&&null!=J[XN(mg_5M1.F)]&&(X0=J[XN(mg_5M1.B)](),Object(X0)!==X0))return;}finally{if(X3)throw Q;}}return X1;}}(V,I)||function(P,W){var Xr=mg_5Y;if(!P)return;if('string'==typeof P)return D(P,W);var J=Object[Xr(mg_5M2.X)][Xr(mg_5M2.M)]['call'](P)['slice'](0x8,-0x1);'Object'===J&&P[Xr(mg_5M2.m)]&&(J=P[Xr(mg_5M2.Y)][Xr(mg_5M2.h)]);if(Xr(mg_5M2.T)===J||Xr(mg_5M2.Z)===J)return Array[Xr(mg_5M2.F)](P);if(Xr(mg_5M2.B)===J||/^(?:Ui|I)nt(?:8|16|32)(?:Clamped)?Array$/[Xr(mg_5M2.z)](J))return D(P,W);}(V,I)||(function(){throw new TypeError('Invalid attempt to destructure non-iterable instance.\\nIn order to be iterable, non-array objects must have a [Symbol.iterator]() method.');}());}function D(V,I){var Xu=mg_5Y;(null==I||I>V[Xu(mg_5M5.X)])&&(I=V[Xu(mg_5M5.M)]);for(var P=0x0,W=new Array(I);P<I;P++)W[P]=V[P];return W;}var L=B()(N['x'])[Xj(mg_5Mh.X)](function(){return{'className':'challenge-container'};})['withConfig']({'componentId':'sc-1t9on73-0'})([Xj(mg_5Mh.M),';justify-content:space-between;margin-top:14px;margin-bottom:14px;'],function(V){var Xi=Xj;return Xi(mg_5M7.X)===V[Xi(mg_5M7.M)]?Xi(mg_5M7.m):'row';}),E=B()[Xj(mg_5Mh.m)][Xj(mg_5Mh.Y)]({'componentId':Xj(mg_5Mh.h)})(['&.gc-wrapper-exit:{opacity:1,},&.gc-wrapper-exit-active:{opacity:0,transition:opacity ','ms,},'],0x3e8);M[Xj(mg_5Mh.T)]=function(V){var XR=Xj,P=V['onError'],J=V[XR(mg_5MY.X)],G=V[XR(mg_5MY.M)],Q=V['session'],X0=V['round'],X1=V[XR(mg_5MY.m)],X2=V[XR(mg_5MY.Y)],X3=V[XR(mg_5MY.h)],X4=V[XR(mg_5MY.T)],X5=G[XR(mg_5MY.Z)],X6=G[XR(mg_5MY.F)],X7=G[XR(mg_5MY.B)],X8=G['totalRounds'],X9=(0x0,q['$'])(),XX=S((0x0,T[XR(mg_5MY.z)])(0x0),0x2),XM=XX[0x0],Xm=XX[0x1],XY=(0x0,T[XR(mg_5MY.O)])(null),Xh=(0x0,j['H'])(X6[X0-0x1],P,{'decryptionKey':X1,'retryTimes':0x2,'basePath':X4}),XT=Xh['asset'],XZ=Xh[XR(mg_5MY.A)];(0x0,T['useEffect'])(function(){Xm(0x0);},[XT]),(0x0,T['useEffect'])(function(){var Xk=XR,Xz;null===(Xz=XY[Xk(mg_5M9.X)])||void 0x0===Xz||Xz[Xk(mg_5M9.M)]();},[X0]);var XF=(0x0,k['J'])({'selectors':[XR(mg_5MY.x),XR(mg_5MY.d)],'dependencies':[X0,XM],'handlers':{'left':function(){Xm(0x0===XM?X5-0x1:XM-0x1);},'right':function(){Xm(XM===X5-0x1?0x0:XM+0x1);}}}),XB=X9('instructions')+' ('+X9(XR(mg_5MY.N),{'currentChallenge':X0,'numChallenges':X8})+')';return Z()[XR(mg_5MY.r)](z['U'],{'className':XR(mg_5MY.u)},Z()[XR(mg_5MY.j)](E,null,Z()[XR(mg_5MY.r)](R['P'],{'shouldFocus':!XF,'delay':0x1f4,'ref':XY},Z()[XR(mg_5MY.r)](O['O'],{'marginTop':0x7,'as':'h2','enableSpan':!0x0},XB)),Z()[XR(mg_5MY.i)](L,{'dir':X3},Z()[XR(mg_5MY.j)](H['I'],{'loading':XZ,'challengeImageUrl':XT}),Z()['createElement'](K['Z'],{'loading':XZ,'challengeImageUrl':XT,'numAnswerFrames':X5,'shownImageIndex':XM,'onChange':Xm,'arrowLeftUrl':null==X2?void 0x0:X2[XR(mg_5MY.R)],'arrowRightUrl':null==X2?void 0x0:X2['match-game.arrow-right']})),Z()[XR(mg_5MY.k)](A['z'],{'onClick':function(){J(XM);}},X9('submit_button')),X7&&Z()['createElement'](U['U'],{'sessionToken':Q})));};},0x8bd:function(X,M,Y){var mg_5MU={X:0x139,M:0x14d,m:0x14d,Y:0x154,h:0x145,T:0x148,Z:0xfa,F:0x131,B:0x120,z:0x153,O:0x114,A:0x13c,x:0x14a,d:0x147,N:0x12f},mg_5Mk={X:0x108,M:0x10b,m:0x15b,Y:0xf8,h:0xf9,T:0xf7,Z:0x14c,F:0xf7,B:0x132,z:0x161,O:0x160,A:0x149,x:0x13e,d:0x11e,N:0xf7,r:0xf5,u:0xf7},mg_5Mi={X:0x12b},mg_5Mj={X:0x100},mg_5Mu={X:0x161,M:0x161,m:0x161,Y:0x161},mg_5Mr={X:0x100,M:0x161},mg_5MN={X:0x100},mg_5Md={X:0x100},mg_5Mx={X:0xf7,M:0x12a,m:0x136,Y:0x102,h:0x14e,T:0x14e,Z:0x15a},mg_5MA={X:0xf7,M:0x136,m:0x102,Y:0x146,h:0x14e,T:0x15a,Z:0x15a},mg_5MO={X:0x112},mg_5MF={X:0x150,M:0x104,m:0x13f,Y:0x105,h:0xfe,T:0x119,Z:0x10d,F:0x156,B:0xfb,z:0x11c,O:0x122},XH=mg_5Xx;Y(0x182b),Y(0x21f2),Y(0x240c),Y(0x693),Y(0x103f),Y(0x4f6),Y(0xc9b),Y(0x19e2),Y(0xdbd),Y(0x21c6),Y(0x22f5),Y(0x586),Y(0x23b3),Y(0x4a),Y(0x1026),Y(0xfab),Y(0x597);var T=Y(0x1aeb),Z=Y(0x1bb0),F=Y(0x874),B=Y(0x2ba),z=Y['n'](B),O=Y(0x14ed),A=Y['n'](O),N=Y(0xbba),j=Y(0xcff),R=Y(0x2571);function k(V,I){var mg_5MZ={X:0x11f,M:0x128,m:0xff,Y:0x105,h:0x159,T:0x105,Z:0xfc,F:0x130,B:0x157,z:0x112,O:0x13a};return function(P){if(Array['isArray'](P))return P;}(V)||function(P,W){var XU=mg_5Y,J=null==P?null:XU(mg_5MZ.X)!=typeof Symbol&&P[Symbol[XU(mg_5MZ.M)]]||P[XU(mg_5MZ.m)];if(null!=J){var G,Q,C,X0,X1=[],X2=!0x0,X3=!0x1;try{if(C=(J=J[XU(mg_5MZ.Y)](P))[XU(mg_5MZ.h)],0x0===W){if(Object(J)!==J)return;X2=!0x1;}else{for(;!(X2=(G=C[XU(mg_5MZ.T)](J))[XU(mg_5MZ.Z)])&&(X1[XU(mg_5MZ.F)](G[XU(mg_5MZ.B)]),X1[XU(mg_5MZ.z)]!==W);X2=!0x0);}}catch(X4){X3=!0x0,Q=X4;}finally{try{if(!X2&&null!=J['return']&&(X0=J[XU(mg_5MZ.O)](),Object(X0)!==X0))return;}finally{if(X3)throw Q;}}return X1;}}(V,I)||function(P,W){var Xq=mg_5Y;if(!P)return;if(Xq(mg_5MF.X)==typeof P)return U(P,W);var J=Object[Xq(mg_5MF.M)][Xq(mg_5MF.m)][Xq(mg_5MF.Y)](P)[Xq(mg_5MF.h)](0x8,-0x1);Xq(mg_5MF.T)===J&&P[Xq(mg_5MF.Z)]&&(J=P[Xq(mg_5MF.Z)][Xq(mg_5MF.F)]);if(Xq(mg_5MF.B)===J||Xq(mg_5MF.z)===J)return Array['from'](P);if(Xq(mg_5MF.O)===J||/^(?:Ui|I)nt(?:8|16|32)(?:Clamped)?Array$/['test'](J))return U(P,W);}(V,I)||(function(){throw new TypeError('Invalid attempt to destructure non-iterable instance.\\nIn order to be iterable, non-array objects must have a [Symbol.iterator]() method.');}());}function U(V,I){var Xc=mg_5Y;(null==I||I>V[Xc(mg_5MO.X)])&&(I=V[Xc(mg_5MO.X)]);for(var P=0x0,W=new Array(I);P<I;P++)W[P]=V[P];return W;}var q=function(V){var Xb=mg_5Y;return z()[Xb(mg_5MA.X)]('svg',V,z()[Xb(mg_5MA.X)](Xb(mg_5MA.M),{'cx':'18','cy':'18','r':'17','fill':Xb(mg_5MA.m),'stroke':'#000','strokeWidth':'2'}),z()['createElement'](Xb(mg_5MA.Y),{'d':'M12.03 15 8 18.5m0 0 4.03 3.5M8 18.5h19','stroke':Xb(mg_5MA.h),'strokeWidth':'2','strokeLinecap':Xb(mg_5MA.T),'strokeLinejoin':Xb(mg_5MA.Z)}));};q[XH(mg_5MU.X)]={'width':'36','height':'36','fill':XH(mg_5MU.M),'xmlns':'http://www.w3.org/2000/svg'};var H=function(V){var XK=XH;return z()[XK(mg_5Mx.X)](XK(mg_5Mx.M),V,z()['createElement'](XK(mg_5Mx.m),{'r':'17','transform':'matrix(-1 0 0 1 18 18)','fill':XK(mg_5Mx.Y),'stroke':XK(mg_5Mx.h),'strokeWidth':'2'}),z()['createElement']('path',{'d':'M23.97 15 28 18.5m0 0L23.97 22M28 18.5H9','stroke':XK(mg_5Mx.T),'strokeWidth':'2','strokeLinecap':XK(mg_5Mx.Z),'strokeLinejoin':XK(mg_5Mx.Z)}));};H['defaultProps']={'width':'36','height':'36','fill':XH(mg_5MU.m),'xmlns':XH(mg_5MU.Y)};var K=A()['div'][XH(mg_5MU.h)]({'componentId':XH(mg_5MU.T)})([XH(mg_5MU.Z)]),S=A()[XH(mg_5MU.F)]['withConfig']({'componentId':XH(mg_5MU.B)})(['width:',XH(mg_5MU.z),XH(mg_5MU.O),';',''],function(V){var Xv=XH;return V[Xv(mg_5Md.X)];},function(V){var XS=XH;return V[XS(mg_5MN.X)];},function(V){var Xs=XH,I=V[Xs(mg_5Mr.X)],P=V['shownImageIndex'];return'-'[Xs(mg_5Mr.M)](I*P,'px 0');},function(V){var Xn=XH,I=V[Xn(mg_5Mj.X)],P=V['shownImageIndex'];return j['x']['map'](function(W){var XD=Xn,J=k(W,0x2),G=J[0x0],Q=J[0x1];return'\\n    @media only screen and (max-width: '[XD(mg_5Mu.X)](G,'px) {\\n      width: ')[XD(mg_5Mu.M)](I*Q,'px;\\n      height: ')['concat'](I*Q,'px;\\n      background-size: auto ')[XD(mg_5Mu.m)](0x2*I*Q,'px;\\n      background-position: -')[XD(mg_5Mu.Y)](I*P*Q,'px 0;\\n    }\\n  ');});}),D=A()['a'][XH(mg_5MU.h)]({'componentId':XH(mg_5MU.A)})([XH(mg_5MU.x)]),L=A()(D)['withConfig']({'componentId':'sc-7csxyx-3'})(['left:2px;outline-offset:-4px;']),E=A()(D)[XH(mg_5MU.h)]({'componentId':XH(mg_5MU.d)})([XH(mg_5MU.N)]);M['Z']=function(V){var mg_5MR={X:0x12b},Xf=XH,I=V[Xf(mg_5Mk.X)],P=V[Xf(mg_5Mk.M)],W=V[Xf(mg_5Mk.m)],J=V[Xf(mg_5Mk.Y)],G=V[Xf(mg_5Mk.h)],Q=V['arrowLeftUrl'],C=V['arrowRightUrl'],X0=(0x0,N['$'])();return z()[Xf(mg_5Mk.T)](K,{'className':Xf(mg_5Mk.Z)},z()[Xf(mg_5Mk.F)](T['x'],null,I&&z()['createElement'](F['O'],null),z()[Xf(mg_5Mk.T)](S,{'style':P&&!I?{'backgroundImage':Xf(mg_5Mk.B)[Xf(mg_5Mk.z)](P,')')}:{'opacity':0x0},'frameWidth':0xc8,'numAnswerFrames':W,'shownImageIndex':G,'aria-live':Xf(mg_5Mk.O),'aria-label':X0(Xf(mg_5Mk.A),{'count':X0('interstitial_progress_2',{'currentChallenge':G+0x1,'numChallenges':W})})}),z()[Xf(mg_5Mk.T)](L,{'onClick':function(X1){var Xa=Xf;X1[Xa(mg_5Mi.X)](),J(0x0===G?W-0x1:G-0x1);},'aria-label':X0(Xf(mg_5Mk.x)),'href':'#','role':Xf(mg_5Mk.d),'className':'left-arrow'},!I&&z()[Xf(mg_5Mk.F)](Z['J'],{'alt':'','DefaultIcon':q,'url':Q})),z()[Xf(mg_5Mk.N)](E,{'onClick':function(X1){var XL=Xf;X1[XL(mg_5MR.X)](),J(G===W-0x1?0x0:G+0x1);},'aria-label':X0(Xf(mg_5Mk.r)),'href':'#','role':Xf(mg_5Mk.d),'className':'right-arrow'},!I&&z()[Xf(mg_5Mk.u)](Z['J'],{'alt':'','DefaultIcon':H,'url':C}))),z()[Xf(mg_5Mk.N)](R['h'],{'count':W,'current':G}));};},0x2571:function(X,M,m){var mg_5Mv={X:0x12d,M:0x145,m:0x141,Y:0x12d,h:0x103,T:0x125},mg_5MK={X:0x111},mg_5MH={X:0x15f,M:0xfd,m:0x102},mg_5Mb={X:0x13d,M:0x129,m:0xf7,Y:0x14b,h:0x10e,T:0x124,Z:0x134},mg_5Mc={X:0xf7,M:0xf4,m:0x161},XE=mg_5Xx;m['d'](M,{'h':function(){return B;}}),(m(0x207c),m(0x19e2));var Y=m(0x2ba),h=m['n'](Y),T=m(0x14ed),Z=m['n'](T),F=m(0xbba),B=function(A){var Xg=mg_5Y,x=A[Xg(mg_5Mb.X)],d=A[Xg(mg_5Mb.M)],N=(0x0,F['$'])();return h()[Xg(mg_5Mb.m)](z,{'className':Xg(mg_5Mb.Y),'role':Xg(mg_5Mb.h),'aria-label':N('interstitial_progress_2',{'currentChallenge':d+0x1,'numChallenges':x})},new Array(x)[Xg(mg_5Mb.T)](null)[Xg(mg_5Mb.Z)](function(j,R){var Xe=Xg;return h()[Xe(mg_5Mc.X)](O,{'className':R===d?'active pip':Xe(mg_5Mc.M),'filled':R===d,'isLast':R===x,'key':'image-pip-'[Xe(mg_5Mc.m)](R)});}));},z=Z()[XE(mg_5Mv.X)][XE(mg_5Mv.M)]({'componentId':XE(mg_5Mv.m)})(['display:flex;justify-content:center;align-items:center;padding:4px 0;margin-top:2px;']),O=Z()[XE(mg_5Mv.Y)][XE(mg_5Mv.M)]({'componentId':XE(mg_5Mv.h)})(['height:8px;width:8px;border-radius:4px;border:1px solid #949494;background-color:',XE(mg_5Mv.T),';'],function(A){var XV=XE;return A[XV(mg_5MH.X)]?XV(mg_5MH.M):XV(mg_5MH.m);},function(A){var Xt=XE;return A['isLast']?'0':Xt(mg_5MK.X);});},0x207c:function(X,M,m){var mg_5MS={X:0x140,M:0x124},Xl=mg_5Xx,Y=m(0x956),h=m(0x125c),T=m(0x24c0);Y({'target':Xl(mg_5MS.X),'proto':!0x0},{'fill':h}),T(Xl(mg_5MS.M));}}]);"
  }
}