{
  "metadata": {
    "timestamps": {
      "start": "2026-02-18T19:56:55.694783",
      "end": "2026-02-18T19:56:55.784394",
      "duration_ms": 89
    },
    "url": {
      "full": "https://arkoselabs.roblox.com/cdn/fc/assets/pow/2.2.0/standard/main.8dd2262ea29b167ca1b6.js",
      "protocol": "https",
      "domain": "arkoselabs.roblox.com",
      "path": "/cdn/fc/assets/pow/2.2.0/standard/main.8dd2262ea29b167ca1b6.js",
      "normalized_path": "/{slug}/fc/{slug}/pow/2.2.0/{slug}/main.8dd2262ea29b167ca1b6.js",
      "query": {}
    },
    "method": "GET",
    "status_code": 200,
    "size": {
      "request_bytes": 0,
      "response_bytes": 13007,
      "compressed": false
    },
    "content_type": "application/javascript",
    "cache_status": ""
  },
  "request": {
    "headers": {
      "sec-ch-ua-platform": "\"Linux\"",
      "user-agent": "Mozilla/5.0 (X11; Linux x86_64) AppleWebKit/537.36 (KHTML, like Gecko) Chrome/144.0.0.0 Safari/537.36",
      "sec-ch-ua": "\"Not(A:Brand\";v=\"8\", \"Chromium\";v=\"144\", \"Google Chrome\";v=\"144\"",
      "sec-ch-ua-mobile": "?0",
      "accept": "*/*",
      "sec-fetch-site": "same-origin",
      "sec-fetch-mode": "no-cors",
      "sec-fetch-dest": "script",
      "referer": "https://arkoselabs.roblox.com/cdn/fc/assets/pow/2.2.0/standard/index.html",
      "accept-encoding": "gzip, deflate, br, zstd",
      "accept-language": "en-US,en;q=0.9,fil;q=0.8",
      "cookie": "GuestData=UserID=-1784413165, RBXcb=RBXViralAcquisition%3Dtrue%26RBXSource%3Dtrue%26GoogleAnalytics%3Dtrue, RBXEventTrackerV2=CreateDate=10/04/2025 09:19:06&rbxid=7108482020&browserid=1759587403750002, _ga=GA1.1.1224127167.1759628996, _ga_F8VP9T1NT3=GS2.1.s1759628996$o1$g0$t1759629006$j50$l0$h0, __utmz=200924205.1769790118.9.3.utmcsr=appsflyer|utmccn=(not%20set)|utmcmd=cpa|utmcct=onelink, _gcl_au=1.1.445633669.1770730834, _scid=Wr9kCEc_3Nlyed1wABxVj3bEIIybNWtk, _scid_r=Wr9kCEc_3Nlyed1wABxVj3bEIIybNWtk, _fbp=fb.1.1770730835055.775171315334809685, _tt_enable_cookie=1, _ttp=01KH3WGKAR3H2AE8S5M5DX1J7W_.tt.1, ttcsid=1770730835310::miqHqGUEZxfvZ_nHbBwv.1.1770730835684.0, ttcsid_CSV31T3C77UDA0827220=1770730835307::XlXvMvpaVhbeZ9pnMwwy.1.1770730835685.0, _sctr=1%7C1770652800000, RBXSource=rbx_acquisition_time=02/10/2026 14:11:35&rbx_acquisition_referrer=&rbx_medium=cpa&rbx_source=appsflyer&rbx_campaign=onelink&rbx_adgroup=&rbx_keyword=&rbx_matchtype=&rbx_send_info=0, rbx-ip2=1, __utma=200924205.1785706367.1759587415.1770730834.1771414933.12, __utmb=200924205.0.10.1771414933, __utmc=200924205, RBXPaymentsFlowContext=6b863465-7439-4466-8678-42b7f0295720,"
    },
    "payload": null
  },
  "response": {
    "headers": {
      "content-type": "application/javascript",
      "last-modified": "Mon, 15 Sep 2025 04:30:18 GMT",
      "content-encoding": "br",
      "x-amz-server-side-encryption": "AES256",
      "x-amz-version-id": "YlkvpEY3mscayZzfJ0TEfJBeurS2lgh2",
      "server": "cloudfront",
      "date": "Tue, 17 Feb 2026 22:43:50 GMT",
      "etag": "W/\"fc07d59f30820ff79f3556480cf165ad\"",
      "vary": "accept-encoding",
      "via": "1.1 3eafd911617df6700f1357b2dcc7380c.cloudfront.net (CloudFront)",
      "alt-svc": "h3=\":443\"; ma=86400",
      "age": "47595",
      "x-xss-protection": "1; mode=block",
      "referrer-policy": "strict-origin-when-cross-origin",
      "x-content-type-options": "nosniff",
      "strict-transport-security": "max-age=31536000; includeSubDomains",
      "accept-ch": "Device-Memory, Sec-CH-UA, Sec-CH-UA-Arch, Sec-CH-UA-Bitness, Sec-CH-DPR, Sec-CH-UA-Full-Version-List, Sec-CH-UA-Mobile, Sec-CH-UA-Model, Sec-CH-Viewport-Width, Sec-CH-UA-Platform, Sec-CH-UA-Platform-Version, Sec-CH-Width, Sec-CH-UA-Form-Factors",
      "content-security-policy": "connect-src 'self' *.arkoselabs.com *.darkoselabs.com *.tarkoselabs.com *.arkoselabs.cn *.arkose.com.cn; font-src 'self' *.arkoselabs.com *.darkoselabs.com *.tarkoselabs.com *.arkoselabs.cn *.arkose.com.cn; frame-src 'self' *.arkoselabs.com *.darkoselabs.com *.tarkoselabs.com *.arkoselabs.cn *.arkose.com.cn; img-src 'self' *.arkoselabs.com *.darkoselabs.com *.tarkoselabs.com *.arkoselabs.cn *.arkose.com.cn blob: data:;script-src 'self' *.arkoselabs.com *.darkoselabs.com *.tarkoselabs.com *.arkoselabs.cn *.arkose.com.cn; style-src 'nonce-MfIH3gn0of06B4ek8vpnbH' 'self' *.arkoselabs.com *.darkoselabs.com *.tarkoselabs.com *.arkoselabs.cn *.arkose.com.cn;",
      "x-cache": "Hit from cloudfront",
      "x-amz-cf-pop": "MNL51-P2",
      "x-amz-cf-id": "SEF8NcHcXu4_col5BvI2ru3E132PWqyEIHCzcXl5wNIwp3cMmIt_xQ=="
    },
    "body": "/*! For license information please see main.8dd2262ea29b167ca1b6.js.LICENSE.txt */\n(()=>{\"use strict\";var e,t,n,r,o,i,u,a,_,s,c,l={},f=[],p=/acit|ex(?:s|g|n|p|$)|rph|grid|ows|mnc|ntw|ine[ch]|zoo|^ord|itera/i,d=Array.isArray;function h(e,t){for(var n in t)e[n]=t[n];return e}function v(e){e&&e.parentNode&&e.parentNode.removeChild(e)}function m(t,n,r){var o,i,u,a={};for(u in n)\"key\"==u?o=n[u]:\"ref\"==u?i=n[u]:a[u]=n[u];if(arguments.length>2&&(a.children=arguments.length>3?e.call(arguments,2):r),\"function\"==typeof t&&null!=t.defaultProps)for(u in t.defaultProps)void 0===a[u]&&(a[u]=t.defaultProps[u]);return y(t,a,o,i,null)}function y(e,r,o,i,u){var a={type:e,props:r,key:o,ref:i,__k:null,__:null,__b:0,__e:null,__c:null,constructor:void 0,__v:null==u?++n:u,__i:-1,__u:0};return null==u&&null!=t.vnode&&t.vnode(a),a}function g(e){return e.children}function b(e,t){this.props=e,this.context=t}function w(e,t){if(null==t)return e.__?w(e.__,e.__i+1):null;for(var n;t<e.__k.length;t++)if(null!=(n=e.__k[t])&&null!=n.__e)return n.__e;return\"function\"==typeof e.type?w(e):null}function k(e){var t,n;if(null!=(e=e.__)&&null!=e.__c){for(e.__e=e.__c.base=null,t=0;t<e.__k.length;t++)if(null!=(n=e.__k[t])&&null!=n.__e){e.__e=e.__c.base=n.__e;break}return k(e)}}function E(e){(!e.__d&&(e.__d=!0)&&r.push(e)&&!S.__r++||o!==t.debounceRendering)&&((o=t.debounceRendering)||i)(S)}function S(){for(var e,n,o,i,a,_,s,c=1;r.length;)r.length>c&&r.sort(u),e=r.shift(),c=r.length,e.__d&&(o=void 0,a=(i=(n=e).__v).__e,_=[],s=[],n.__P&&((o=h({},i)).__v=i.__v+1,t.vnode&&t.vnode(o),R(n.__P,o,i,n.__n,n.__P.namespaceURI,32&i.__u?[a]:null,_,null==a?w(i):a,!!(32&i.__u),s),o.__v=i.__v,o.__.__k[o.__i]=o,H(_,o,s),o.__e!=a&&k(o)));S.__r=0}function T(e,t,n,r,o,i,u,a,_,s,c){var p,d,h,v,m,y,g=r&&r.__k||f,b=t.length;for(_=x(n,t,g,_,b),p=0;p<b;p++)null!=(h=n.__k[p])&&(d=-1===h.__i?l:g[h.__i]||l,h.__i=p,y=R(e,h,d,o,i,u,a,_,s,c),v=h.__e,h.ref&&d.ref!=h.ref&&(d.ref&&C(d.ref,null,h),c.push(h.ref,h.__c||v,h)),null==m&&null!=v&&(m=v),4&h.__u||d.__k===h.__k?_=O(h,_,e):\"function\"==typeof h.type&&void 0!==y?_=y:v&&(_=v.nextSibling),h.__u&=-7);return n.__e=m,_}function x(e,t,n,r,o){var i,u,a,_,s,c=n.length,l=c,f=0;for(e.__k=new Array(o),i=0;i<o;i++)null!=(u=t[i])&&\"boolean\"!=typeof u&&\"function\"!=typeof u?(_=i+f,(u=e.__k[i]=\"string\"==typeof u||\"number\"==typeof u||\"bigint\"==typeof u||u.constructor==String?y(null,u,null,null,null):d(u)?y(g,{children:u},null,null,null):void 0===u.constructor&&u.__b>0?y(u.type,u.props,u.key,u.ref?u.ref:null,u.__v):u).__=e,u.__b=e.__b+1,a=null,-1!==(s=u.__i=A(u,n,_,l))&&(l--,(a=n[s])&&(a.__u|=2)),null==a||null===a.__v?(-1==s&&(o>c?f--:o<c&&f++),\"function\"!=typeof u.type&&(u.__u|=4)):s!=_&&(s==_-1?f--:s==_+1?f++:(s>_?f--:f++,u.__u|=4))):e.__k[i]=null;if(l)for(i=0;i<c;i++)null!=(a=n[i])&&!(2&a.__u)&&(a.__e==r&&(r=w(a)),U(a,a));return r}function O(e,t,n){var r,o;if(\"function\"==typeof e.type){for(r=e.__k,o=0;r&&o<r.length;o++)r[o]&&(r[o].__=e,t=O(r[o],t,n));return t}e.__e!=t&&(t&&e.type&&!n.contains(t)&&(t=w(e)),n.insertBefore(e.__e,t||null),t=e.__e);do{t=t&&t.nextSibling}while(null!=t&&8==t.nodeType);return t}function L(e,t){return t=t||[],null==e||\"boolean\"==typeof e||(d(e)?e.some((function(e){L(e,t)})):t.push(e)),t}function A(e,t,n,r){var o,i,u=e.key,a=e.type,_=t[n];if(null===_&&null==e.key||_&&u==_.key&&a===_.type&&!(2&_.__u))return n;if(r>(null==_||2&_.__u?0:1))for(o=n-1,i=n+1;o>=0||i<t.length;){if(o>=0){if((_=t[o])&&!(2&_.__u)&&u==_.key&&a===_.type)return o;o--}if(i<t.length){if((_=t[i])&&!(2&_.__u)&&u==_.key&&a===_.type)return i;i++}}return-1}function P(e,t,n){\"-\"==t[0]?e.setProperty(t,null==n?\"\":n):e[t]=null==n?\"\":\"number\"!=typeof n||p.test(t)?n:n+\"px\"}function N(e,t,n,r,o){var i;e:if(\"style\"==t)if(\"string\"==typeof n)e.style.cssText=n;else{if(\"string\"==typeof r&&(e.style.cssText=r=\"\"),r)for(t in r)n&&t in n||P(e.style,t,\"\");if(n)for(t in n)r&&n[t]===r[t]||P(e.style,t,n[t])}else if(\"o\"==t[0]&&\"n\"==t[1])i=t!=(t=t.replace(a,\"$1\")),t=t.toLowerCase()in e||\"onFocusOut\"==t||\"onFocusIn\"==t?t.toLowerCase().slice(2):t.slice(2),e.l||(e.l={}),e.l[t+i]=n,n?r?n.t=r.t:(n.t=_,e.addEventListener(t,i?c:s,i)):e.removeEventListener(t,i?c:s,i);else{if(\"http://www.w3.org/2000/svg\"==o)t=t.replace(/xlink(H|:h)/,\"h\").replace(/sName$/,\"s\");else if(\"width\"!=t&&\"height\"!=t&&\"href\"!=t&&\"list\"!=t&&\"form\"!=t&&\"tabIndex\"!=t&&\"download\"!=t&&\"rowSpan\"!=t&&\"colSpan\"!=t&&\"role\"!=t&&\"popover\"!=t&&t in e)try{e[t]=null==n?\"\":n;break e}catch(e){}\"function\"==typeof n||(null==n||!1===n&&\"-\"!=t[4]?e.removeAttribute(t):e.setAttribute(t,\"popover\"==t&&1==n?\"\":n))}}function j(e){return function(n){if(this.l){var r=this.l[n.type+e];if(null==n.u)n.u=_++;else if(n.u<r.t)return;return r(t.event?t.event(n):n)}}}function R(e,n,r,o,i,u,a,_,s,c){var l,f,p,m,y,w,k,E,S,x,O,L,A,P,N,j,R,H=n.type;if(void 0!==n.constructor)return null;128&r.__u&&(s=!!(32&r.__u),u=[_=n.__e=r.__e]),(l=t.__b)&&l(n);e:if(\"function\"==typeof H)try{if(E=n.props,S=\"prototype\"in H&&H.prototype.render,x=(l=H.contextType)&&o[l.__c],O=l?x?x.props.value:l.__:o,r.__c?k=(f=n.__c=r.__c).__=f.__E:(S?n.__c=f=new H(E,O):(n.__c=f=new b(E,O),f.constructor=H,f.render=G),x&&x.sub(f),f.props=E,f.state||(f.state={}),f.context=O,f.__n=o,p=f.__d=!0,f.__h=[],f._sb=[]),S&&null==f.__s&&(f.__s=f.state),S&&null!=H.getDerivedStateFromProps&&(f.__s==f.state&&(f.__s=h({},f.__s)),h(f.__s,H.getDerivedStateFromProps(E,f.__s))),m=f.props,y=f.state,f.__v=n,p)S&&null==H.getDerivedStateFromProps&&null!=f.componentWillMount&&f.componentWillMount(),S&&null!=f.componentDidMount&&f.__h.push(f.componentDidMount);else{if(S&&null==H.getDerivedStateFromProps&&E!==m&&null!=f.componentWillReceiveProps&&f.componentWillReceiveProps(E,O),!f.__e&&(null!=f.shouldComponentUpdate&&!1===f.shouldComponentUpdate(E,f.__s,O)||n.__v==r.__v)){for(n.__v!=r.__v&&(f.props=E,f.state=f.__s,f.__d=!1),n.__e=r.__e,n.__k=r.__k,n.__k.some((function(e){e&&(e.__=n)})),L=0;L<f._sb.length;L++)f.__h.push(f._sb[L]);f._sb=[],f.__h.length&&a.push(f);break e}null!=f.componentWillUpdate&&f.componentWillUpdate(E,f.__s,O),S&&null!=f.componentDidUpdate&&f.__h.push((function(){f.componentDidUpdate(m,y,w)}))}if(f.context=O,f.props=E,f.__P=e,f.__e=!1,A=t.__r,P=0,S){for(f.state=f.__s,f.__d=!1,A&&A(n),l=f.render(f.props,f.state,f.context),N=0;N<f._sb.length;N++)f.__h.push(f._sb[N]);f._sb=[]}else do{f.__d=!1,A&&A(n),l=f.render(f.props,f.state,f.context),f.state=f.__s}while(f.__d&&++P<25);f.state=f.__s,null!=f.getChildContext&&(o=h(h({},o),f.getChildContext())),S&&!p&&null!=f.getSnapshotBeforeUpdate&&(w=f.getSnapshotBeforeUpdate(m,y)),j=l,null!=l&&l.type===g&&null==l.key&&(j=D(l.props.children)),_=T(e,d(j)?j:[j],n,r,o,i,u,a,_,s,c),f.base=n.__e,n.__u&=-161,f.__h.length&&a.push(f),k&&(f.__E=f.__=null)}catch(e){if(n.__v=null,s||null!=u)if(e.then){for(n.__u|=s?160:128;_&&8==_.nodeType&&_.nextSibling;)_=_.nextSibling;u[u.indexOf(_)]=null,n.__e=_}else for(R=u.length;R--;)v(u[R]);else n.__e=r.__e,n.__k=r.__k;t.__e(e,n,r)}else null==u&&n.__v==r.__v?(n.__k=r.__k,n.__e=r.__e):_=n.__e=I(r.__e,n,r,o,i,u,a,s,c);return(l=t.diffed)&&l(n),128&n.__u?void 0:_}function H(e,n,r){for(var o=0;o<r.length;o++)C(r[o],r[++o],r[++o]);t.__c&&t.__c(n,e),e.some((function(n){try{e=n.__h,n.__h=[],e.some((function(e){e.call(n)}))}catch(e){t.__e(e,n.__v)}}))}function D(e){return\"object\"!=typeof e||null==e?e:d(e)?e.map(D):h({},e)}function I(n,r,o,i,u,a,_,s,c){var f,p,h,m,y,g,b,k=o.props,E=r.props,S=r.type;if(\"svg\"==S?u=\"http://www.w3.org/2000/svg\":\"math\"==S?u=\"http://www.w3.org/1998/Math/MathML\":u||(u=\"http://www.w3.org/1999/xhtml\"),null!=a)for(f=0;f<a.length;f++)if((y=a[f])&&\"setAttribute\"in y==!!S&&(S?y.localName==S:3==y.nodeType)){n=y,a[f]=null;break}if(null==n){if(null==S)return document.createTextNode(E);n=document.createElementNS(u,S,E.is&&E),s&&(t.__m&&t.__m(r,a),s=!1),a=null}if(null===S)k===E||s&&n.data===E||(n.data=E);else{if(a=a&&e.call(n.childNodes),k=o.props||l,!s&&null!=a)for(k={},f=0;f<n.attributes.length;f++)k[(y=n.attributes[f]).name]=y.value;for(f in k)if(y=k[f],\"children\"==f);else if(\"dangerouslySetInnerHTML\"==f)h=y;else if(!(f in E)){if(\"value\"==f&&\"defaultValue\"in E||\"checked\"==f&&\"defaultChecked\"in E)continue;N(n,f,null,y,u)}for(f in E)y=E[f],\"children\"==f?m=y:\"dangerouslySetInnerHTML\"==f?p=y:\"value\"==f?g=y:\"checked\"==f?b=y:s&&\"function\"!=typeof y||k[f]===y||N(n,f,y,k[f],u);if(p)s||h&&(p.__html===h.__html||p.__html===n.innerHTML)||(n.innerHTML=p.__html),r.__k=[];else if(h&&(n.innerHTML=\"\"),T(\"template\"===r.type?n.content:n,d(m)?m:[m],r,o,i,\"foreignObject\"==S?\"http://www.w3.org/1999/xhtml\":u,a,_,a?a[0]:o.__k&&w(o,0),s,c),null!=a)for(f=a.length;f--;)v(a[f]);s||(f=\"value\",\"progress\"==S&&null==g?n.removeAttribute(\"value\"):void 0!==g&&(g!==n[f]||\"progress\"==S&&!g||\"option\"==S&&g!==k[f])&&N(n,f,g,k[f],u),f=\"checked\",void 0!==b&&b!==n[f]&&N(n,f,b,k[f],u))}return n}function C(e,n,r){try{if(\"function\"==typeof e){var o=\"function\"==typeof e.__u;o&&e.__u(),o&&null==n||(e.__u=e(n))}else e.current=n}catch(e){t.__e(e,r)}}function U(e,n,r){var o,i;if(t.unmount&&t.unmount(e),(o=e.ref)&&(o.current&&o.current!==e.__e||C(o,null,n)),null!=(o=e.__c)){if(o.componentWillUnmount)try{o.componentWillUnmount()}catch(e){t.__e(e,n)}o.base=o.__P=null}if(o=e.__k)for(i=0;i<o.length;i++)o[i]&&U(o[i],n,r||\"function\"!=typeof e.type);r||v(e.__e),e.__c=e.__=e.__e=void 0}function G(e,t,n){return this.constructor(e,n)}e=f.slice,t={__e:function(e,t,n,r){for(var o,i,u;t=t.__;)if((o=t.__c)&&!o.__)try{if((i=o.constructor)&&null!=i.getDerivedStateFromError&&(o.setState(i.getDerivedStateFromError(e)),u=o.__d),null!=o.componentDidCatch&&(o.componentDidCatch(e,r||{}),u=o.__d),u)return o.__E=o}catch(t){e=t}throw e}},n=0,b.prototype.setState=function(e,t){var n;n=null!=this.__s&&this.__s!==this.state?this.__s:this.__s=h({},this.state),\"function\"==typeof e&&(e=e(h({},n),this.props)),e&&h(n,e),null!=e&&this.__v&&(t&&this._sb.push(t),E(this))},b.prototype.forceUpdate=function(e){this.__v&&(this.__e=!0,e&&this.__h.push(e),E(this))},b.prototype.render=g,r=[],i=\"function\"==typeof Promise?Promise.prototype.then.bind(Promise.resolve()):setTimeout,u=function(e,t){return e.__v.__b-t.__v.__b},S.__r=0,a=/(PointerCapture)$|Capture$/i,_=0,s=j(!1),c=j(!0);var M,F,W,q,Z=function(e){return/^data:image\\/(png|jpg|jpeg|gif|svg\\+xml);base64,[A-Za-z0-9+/]+={0,2}$/.test(e)},B=0,$=[],V=t,z=V.__b,Y=V.__r,Q=V.diffed,J=V.__c,K=V.unmount,X=V.__;function ee(e,t){V.__h&&V.__h(F,e,B||t),B=0;var n=F.__H||(F.__H={__:[],__h:[]});return e>=n.__.length&&n.__.push({}),n.__[e]}function te(e){return B=1,function(e,t,n){var r=ee(M++,2);if(r.t=e,!r.__c&&(r.__=[n?n(t):ae(void 0,t),function(e){var t=r.__N?r.__N[0]:r.__[0],n=r.t(t,e);t!==n&&(r.__N=[n,r.__[1]],r.__c.setState({}))}],r.__c=F,!F.__f)){var o=function(e,t,n){if(!r.__c.__H)return!0;var o=r.__c.__H.__.filter((function(e){return!!e.__c}));if(o.every((function(e){return!e.__N})))return!i||i.call(this,e,t,n);var u=r.__c.props!==e;return o.forEach((function(e){if(e.__N){var t=e.__[0];e.__=e.__N,e.__N=void 0,t!==e.__[0]&&(u=!0)}})),i&&i.call(this,e,t,n)||u};F.__f=!0;var i=F.shouldComponentUpdate,u=F.componentWillUpdate;F.componentWillUpdate=function(e,t,n){if(this.__e){var r=i;i=void 0,o(e,t,n),i=r}u&&u.call(this,e,t,n)},F.shouldComponentUpdate=o}return r.__N||r.__}(ae,e)}function ne(){for(var e;e=$.shift();)if(e.__P&&e.__H)try{e.__H.__h.forEach(ie),e.__H.__h.forEach(ue),e.__H.__h=[]}catch(t){e.__H.__h=[],V.__e(t,e.__v)}}V.__b=function(e){F=null,z&&z(e)},V.__=function(e,t){e&&t.__k&&t.__k.__m&&(e.__m=t.__k.__m),X&&X(e,t)},V.__r=function(e){Y&&Y(e),M=0;var t=(F=e.__c).__H;t&&(W===F?(t.__h=[],F.__h=[],t.__.forEach((function(e){e.__N&&(e.__=e.__N),e.u=e.__N=void 0}))):(t.__h.forEach(ie),t.__h.forEach(ue),t.__h=[],M=0)),W=F},V.diffed=function(e){Q&&Q(e);var t=e.__c;t&&t.__H&&(t.__H.__h.length&&(1!==$.push(t)&&q===V.requestAnimationFrame||((q=V.requestAnimationFrame)||oe)(ne)),t.__H.__.forEach((function(e){e.u&&(e.__H=e.u),e.u=void 0}))),W=F=null},V.__c=function(e,t){t.some((function(e){try{e.__h.forEach(ie),e.__h=e.__h.filter((function(e){return!e.__||ue(e)}))}catch(n){t.some((function(e){e.__h&&(e.__h=[])})),t=[],V.__e(n,e.__v)}})),J&&J(e,t)},V.unmount=function(e){K&&K(e);var t,n=e.__c;n&&n.__H&&(n.__H.__.forEach((function(e){try{ie(e)}catch(e){t=e}})),n.__H=void 0,t&&V.__e(t,n.__v))};var re=\"function\"==typeof requestAnimationFrame;function oe(e){var t,n=function(){clearTimeout(r),re&&cancelAnimationFrame(t),setTimeout(e)},r=setTimeout(n,100);re&&(t=requestAnimationFrame(n))}function ie(e){var t=F,n=e.__c;\"function\"==typeof n&&(e.__c=void 0,n()),F=t}function ue(e){var t=F;e.__c=e.__(),F=t}function ae(e,t){return\"function\"==typeof t?t(e):t}function _e(e,t){for(var n in e)if(\"__source\"!==n&&!(n in t))return!0;for(var r in t)if(\"__source\"!==r&&e[r]!==t[r])return!0;return!1}function se(e,t){this.props=e,this.context=t}(se.prototype=new b).isPureReactComponent=!0,se.prototype.shouldComponentUpdate=function(e,t){return _e(this.props,e)||_e(this.state,t)};var ce=t.__b;t.__b=function(e){e.type&&e.type.__f&&e.ref&&(e.props.ref=e.ref,e.ref=null),ce&&ce(e)},\"undefined\"!=typeof Symbol&&Symbol.for&&Symbol.for(\"react.forward_ref\");var le=t.__e;t.__e=function(e,t,n,r){if(e.then)for(var o,i=t;i=i.__;)if((o=i.__c)&&o.__c)return null==t.__e&&(t.__e=n.__e,t.__k=n.__k),o.__c(e,t);le(e,t,n,r)};var fe=t.unmount;function pe(e,t,n){return e&&(e.__c&&e.__c.__H&&(e.__c.__H.__.forEach((function(e){\"function\"==typeof e.__c&&e.__c()})),e.__c.__H=null),null!=(e=function(e,t){for(var n in t)e[n]=t[n];return e}({},e)).__c&&(e.__c.__P===n&&(e.__c.__P=t),e.__c=null),e.__k=e.__k&&e.__k.map((function(e){return pe(e,t,n)}))),e}function de(e,t,n){return e&&n&&(e.__v=null,e.__k=e.__k&&e.__k.map((function(e){return de(e,t,n)})),e.__c&&e.__c.__P===t&&(e.__e&&n.appendChild(e.__e),e.__c.__e=!0,e.__c.__P=n)),e}function he(){this.__u=0,this.o=null,this.__b=null}function ve(e){var t=e.__.__c;return t&&t.__a&&t.__a(e)}function me(){this.i=null,this.l=null}t.unmount=function(e){var t=e.__c;t&&t.__R&&t.__R(),t&&32&e.__u&&(e.type=null),fe&&fe(e)},(he.prototype=new b).__c=function(e,t){var n=t.__c,r=this;null==r.o&&(r.o=[]),r.o.push(n);var o=ve(r.__v),i=!1,u=function(){i||(i=!0,n.__R=null,o?o(a):a())};n.__R=u;var a=function(){if(! --r.__u){if(r.state.__a){var e=r.state.__a;r.__v.__k[0]=de(e,e.__c.__P,e.__c.__O)}var t;for(r.setState({__a:r.__b=null});t=r.o.pop();)t.forceUpdate()}};r.__u++||32&t.__u||r.setState({__a:r.__b=r.__v.__k[0]}),e.then(u,u)},he.prototype.componentWillUnmount=function(){this.o=[]},he.prototype.render=function(e,t){if(this.__b){if(this.__v.__k){var n=document.createElement(\"div\"),r=this.__v.__k[0].__c;this.__v.__k[0]=pe(this.__b,n,r.__O=r.__P)}this.__b=null}var o=t.__a&&m(g,null,e.fallback);return o&&(o.__u&=-33),[m(g,null,t.__a?null:e.children),o]};var ye=function(e,t,n){if(++n[1]===n[0]&&e.l.delete(t),e.props.revealOrder&&(\"t\"!==e.props.revealOrder[0]||!e.l.size))for(n=e.i;n;){for(;n.length>3;)n.pop()();if(n[1]<n[0])break;e.i=n=n[2]}};(me.prototype=new b).__a=function(e){var t=this,n=ve(t.__v),r=t.l.get(e);return r[0]++,function(o){var i=function(){t.props.revealOrder?(r.push(o),ye(t,e,r)):o()};n?n(i):i()}},me.prototype.render=function(e){this.i=null,this.l=new Map;var t=L(e.children);e.revealOrder&&\"b\"===e.revealOrder[0]&&t.reverse();for(var n=t.length;n--;)this.l.set(t[n],this.i=[1,0,this.i]);return e.children},me.prototype.componentDidUpdate=me.prototype.componentDidMount=function(){var e=this;this.l.forEach((function(t,n){ye(e,n,t)}))};var ge=\"undefined\"!=typeof Symbol&&Symbol.for&&Symbol.for(\"react.element\")||60103,be=/^(?:accent|alignment|arabic|baseline|cap|clip(?!PathU)|color|dominant|fill|flood|font|glyph(?!R)|horiz|image(!S)|letter|lighting|marker(?!H|W|U)|overline|paint|pointer|shape|stop|strikethrough|stroke|text(?!L)|transform|underline|unicode|units|v|vector|vert|word|writing|x(?!C))[A-Z]/,we=/^on(Ani|Tra|Tou|BeforeInp|Compo)/,ke=/[A-Z0-9]/g,Ee=\"undefined\"!=typeof document,Se=function(e){return(\"undefined\"!=typeof Symbol&&\"symbol\"==typeof Symbol()?/fil|che|rad/:/fil|che|ra/).test(e)};b.prototype.isReactComponent={},[\"componentWillMount\",\"componentWillReceiveProps\",\"componentWillUpdate\"].forEach((function(e){Object.defineProperty(b.prototype,e,{configurable:!0,get:function(){return this[\"UNSAFE_\"+e]},set:function(t){Object.defineProperty(this,e,{configurable:!0,writable:!0,value:t})}})}));var Te=t.event;function xe(){}function Oe(){return this.cancelBubble}function Le(){return this.defaultPrevented}t.event=function(e){return Te&&(e=Te(e)),e.persist=xe,e.isPropagationStopped=Oe,e.isDefaultPrevented=Le,e.nativeEvent=e};var Ae={enumerable:!1,configurable:!0,get:function(){return this.class}},Pe=t.vnode;t.vnode=function(e){\"string\"==typeof e.type&&function(e){var t=e.props,n=e.type,r={},o=-1===n.indexOf(\"-\");for(var i in t){var u=t[i];if(!(\"value\"===i&&\"defaultValue\"in t&&null==u||Ee&&\"children\"===i&&\"noscript\"===n||\"class\"===i||\"className\"===i)){var a=i.toLowerCase();\"defaultValue\"===i&&\"value\"in t&&null==t.value?i=\"value\":\"download\"===i&&!0===u?u=\"\":\"translate\"===a&&\"no\"===u?u=!1:\"o\"===a[0]&&\"n\"===a[1]?\"ondoubleclick\"===a?i=\"ondblclick\":\"onchange\"!==a||\"input\"!==n&&\"textarea\"!==n||Se(t.type)?\"onfocus\"===a?i=\"onfocusin\":\"onblur\"===a?i=\"onfocusout\":we.test(i)&&(i=a):a=i=\"oninput\":o&&be.test(i)?i=i.replace(ke,\"-$&\").toLowerCase():null===u&&(u=void 0),\"oninput\"===a&&r[i=a]&&(i=\"oninputCapture\"),r[i]=u}}\"select\"==n&&r.multiple&&Array.isArray(r.value)&&(r.value=L(t.children).forEach((function(e){e.props.selected=-1!=r.value.indexOf(e.props.value)}))),\"select\"==n&&null!=r.defaultValue&&(r.value=L(t.children).forEach((function(e){e.props.selected=r.multiple?-1!=r.defaultValue.indexOf(e.props.value):r.defaultValue==e.props.value}))),t.class&&!t.className?(r.class=t.class,Object.defineProperty(r,\"className\",Ae)):(t.className&&!t.class||t.class&&t.className)&&(r.class=r.className=t.className),e.props=r}(e),e.$$typeof=ge,Pe&&Pe(e)};var Ne=t.__r;t.__r=function(e){Ne&&Ne(e),e.__c};var je=t.diffed;t.diffed=function(e){je&&je(e);var t=e.props,n=e.__e;null!=n&&\"textarea\"===e.type&&\"value\"in t&&t.value!==n.value&&(n.value=null==t.value?\"\":t.value)};var Re=0;function He(e,n,r,o,i,u){n||(n={});var a,_,s=n;if(\"ref\"in s)for(_ in s={},n)\"ref\"==_?a=n[_]:s[_]=n[_];var c={type:e,props:s,key:r,ref:a,__k:null,__:null,__b:0,__e:null,__c:null,constructor:void 0,__v:--Re,__i:-1,__u:0,__source:i,__self:u};if(\"function\"==typeof e&&(a=e.defaultProps))for(_ in a)void 0===s[_]&&(s[_]=a[_]);return t.vnode&&t.vnode(c),c}Array.isArray;var De=function(e){var t=e.name,n=e.children;return He(\"div\",{className:\"container pow\",children:He(\"div\",{className:\"screen\".concat(t?\" \".concat(t):\"\"),children:n})})},Ie=function(e){return He(\"p\",{id:\"session-token\",className:\"text embeddedSessionID\",children:e.sessionId})},Ce=function(e){var t=e.image,n=e.text,r=e.sessionToken,o=e.embeddedSessionIdEnabled;return He(De,{name:\"loading\",children:[He(\"div\",{id:\"loading-icon\",className:\"icon loading spinning\",children:t&&Z(t)?He(\"img\",{src:t}):He(\"svg\",{width:\"60\",height:\"60\",viewBox:\"0 0 100 100\",xmlns:\"http://www.w3.org/2000/svg\",children:He(\"circle\",{cx:\"50\",cy:\"50\",r:\"47\",stroke:\"#888888\",strokeWidth:\"6\",fill:\"none\",strokeDasharray:\"283\",strokeDashoffset:\"140\"})})}),He(\"p\",{id:\"text-loading\",className:\"text loading\",children:n}),o?He(Ie,{sessionId:r}):\"\"]})},Ue=function(e){var t=e.image,n=e.text,r=e.sessionToken,o=e.embeddedSessionIdEnabled;return He(De,{name:\"success\",children:[He(\"div\",{id:\"success-icon\",className:\"icon success\",children:t&&Z(t)?He(\"img\",{src:t}):He(\"svg\",{width:\"60\",height:\"60\",viewBox:\"0 0 100 100\",xmlns:\"http://www.w3.org/2000/svg\",children:[He(\"circle\",{cx:\"50\",cy:\"50\",r:\"47\",stroke:\"#888888\",strokeWidth:\"6\",fill:\"#888888\"}),He(\"path\",{d:\"M30 50 L45 65 L70 35\",fill:\"none\",stroke:\"#ffffff\",strokeWidth:\"5\",strokeLinecap:\"round\",strokeLinejoin:\"round\",strokeDasharray:\"100\",strokeDashoffset:\"0\"})]})}),He(\"p\",{id:\"text-success\",className:\"text success\",children:n}),o?He(Ie,{sessionId:r}):\"\"]})},Ge=function(e){var t=e.text,n=e.buttonText,r=e.sessionToken,o=e.embeddedSessionIdEnabled;return He(De,{name:\"error box\",children:[He(\"h2\",{id:\"text-error\",className:\"text error\",children:t}),He(\"button\",{id:\"button-error\",className:\"button error\",onClick:function(){window.parent.postMessage(\"CAPI_RELOAD_EC\",\"*\")},children:n}),o?He(Ie,{sessionId:r}):\"\"]})};function Me(e){return Me=\"function\"==typeof Symbol&&\"symbol\"==typeof Symbol.iterator?function(e){return typeof e}:function(e){return e&&\"function\"==typeof Symbol&&e.constructor===Symbol&&e!==Symbol.prototype?\"symbol\":typeof e},Me(e)}function Fe(e,t){var n=Object.keys(e);if(Object.getOwnPropertySymbols){var r=Object.getOwnPropertySymbols(e);t&&(r=r.filter((function(t){return Object.getOwnPropertyDescriptor(e,t).enumerable}))),n.push.apply(n,r)}return n}function We(e){for(var t=1;t<arguments.length;t++){var n=null!=arguments[t]?arguments[t]:{};t%2?Fe(Object(n),!0).forEach((function(t){qe(e,t,n[t])})):Object.getOwnPropertyDescriptors?Object.defineProperties(e,Object.getOwnPropertyDescriptors(n)):Fe(Object(n)).forEach((function(t){Object.defineProperty(e,t,Object.getOwnPropertyDescriptor(n,t))}))}return e}function qe(e,t,n){return(t=function(e){var t=function(e){if(\"object\"!=Me(e)||!e)return e;var t=e[Symbol.toPrimitive];if(void 0!==t){var n=t.call(e,\"string\");if(\"object\"!=Me(n))return n;throw new TypeError(\"@@toPrimitive must return a primitive value.\")}return String(e)}(e);return\"symbol\"==Me(t)?t:t+\"\"}(t))in e?Object.defineProperty(e,t,{value:n,enumerable:!0,configurable:!0,writable:!0}):e[t]=n,e}var Ze=function(e){var t=e.body;return He(\"style\",We(We({},{nonce:\"MfIH3gn0of06B4ek8vpnbH\"}),{},{children:t}))};function Be(e,t){(null==t||t>e.length)&&(t=e.length);for(var n=0,r=Array(t);n<t;n++)r[n]=e[n];return r}function $e(e){var t,n,r=e.stringTable,o=e.customStyle,i=e.customAssets,u=e.sessionToken,a=e.embeddedSessionIdEnabled,_=(t=te(\"loading\"),n=2,function(e){if(Array.isArray(e))return e}(t)||function(e,t){var n=null==e?null:\"undefined\"!=typeof Symbol&&e[Symbol.iterator]||e[\"@@iterator\"];if(null!=n){var r,o,i,u,a=[],_=!0,s=!1;try{if(i=(n=n.call(e)).next,0===t){if(Object(n)!==n)return;_=!1}else for(;!(_=(r=i.call(n)).done)&&(a.push(r.value),a.length!==t);_=!0);}catch(e){s=!0,o=e}finally{try{if(!_&&null!=n.return&&(u=n.return(),Object(u)!==u))return}finally{if(s)throw o}}return a}}(t,n)||function(e,t){if(e){if(\"string\"==typeof e)return Be(e,t);var n={}.toString.call(e).slice(8,-1);return\"Object\"===n&&e.constructor&&(n=e.constructor.name),\"Map\"===n||\"Set\"===n?Array.from(e):\"Arguments\"===n||/^(?:Ui|I)nt(?:8|16|32)(?:Clamped)?Array$/.test(n)?Be(e,t):void 0}}(t,n)||function(){throw new TypeError(\"Invalid attempt to destructure non-iterable instance.\\nIn order to be iterable, non-array objects must have a [Symbol.iterator]() method.\")}()),s=_[0],c=_[1];return function(e,t){var n=ee(M++,3);!V.__s&&function(e,t){return!e||e.length!==t.length||t.some((function(t,n){return t!==e[n]}))}(n.__H,t)&&(n.__=e,n.u=t,F.__H.__h.push(n))}((function(){var e,t,n,r,o=(e=function(){return c(\"success\")},t=function(n){\"result\"===n.data.type&&(\"pass\"===n.data.result&&e(),window.removeEventListener(\"message\",t))}),i=(n=function(){return c(\"error\")},r=function(e){\"error\"===e.data.type&&(n(e.data.error),window.removeEventListener(\"message\",r))});return window.addEventListener(\"message\",o),window.addEventListener(\"message\",i),function(){window.removeEventListener(\"message\",o),window.removeEventListener(\"message\",i)}}),[]),He(g,{children:[\"loading\"===s&&He(Ce,{image:i[\"loading.spinner\"],text:r[\"pow.loading_info\"],sessionToken:u,embeddedSessionIdEnabled:a}),\"success\"===s&&He(Ue,{image:i[\"victory.tick\"],text:r[\"pow.verification_complete\"],sessionToken:u,embeddedSessionIdEnabled:a}),\"error\"===s&&He(Ge,{text:r[\"meta.generic_error\"],buttonText:r[\"meta.reload_challenge\"],sessionToken:u,embeddedSessionIdEnabled:a}),He(Ze,{body:o})]})}var Ve=function(n){var r=n.stringTable,o=n.customStyle,i=n.customAssets,u=n.sessionToken,a=n.embeddedSessionIdEnabled,_=document.getElementById(\"app\");if(!_)throw new Error(\"#app not found\");!function(n,r,o){var i,u,a,_;r==document&&(r=document.documentElement),t.__&&t.__(n,r),u=(i=\"function\"==typeof o)?null:o&&o.__k||r.__k,a=[],_=[],R(r,n=(!i&&o||r).__k=m(g,null,[n]),u||l,l,r.namespaceURI,!i&&o?[o]:u?null:r.firstChild?e.call(r.childNodes):null,a,!i&&o?o:u?u.__e:r.firstChild,i,_),H(a,n,_)}(He($e,{stringTable:r,customStyle:o,customAssets:i,sessionToken:u,embeddedSessionIdEnabled:a}),_)},ze=function(e){return e[e.LEADING_ZERO=0]=\"LEADING_ZERO\",e[e.TARGET_HASH=1]=\"TARGET_HASH\",e}({}),Ye=function(e){return e.START=\"start\",e.CANCEL=\"cancel\",e}({}),Qe=function(e){return{type:Ye.START,data:{timeout:e.timeout,type:ze.LEADING_ZERO,workConfig:e.workConfig}}},Je=function(e){if(!e.workConfig.seed.length)throw new Error(\"workConfig.seed must be defined\");switch(e.workType){case ze.LEADING_ZERO:return function(e){var t=e.workConfig;return{type:Ye.START,data:{type:ze.LEADING_ZERO,itimeout:e.timeout,seed:t.seed,difficulty:t.count}}}(e);case ze.TARGET_HASH:return function(e){return{type:Ye.START,data:{type:ze.TARGET_HASH,itimeout:e.timeout,seed:e.workConfig.seed,startingNonce:e.workConfig.startingNonce,targetHashData:e.workConfig.splits.map((function(e){return{targetHashData:e.targetHash}}))}}}(e)}},Ke=function(e){return e.LOADED=\"loaded\",e.RUNNING=\"running\",e.DONE=\"done\",e.ERROR=\"error\",e}({}),Xe=function(e,t,n){var r={pow_token:n,session_token:t};if(r.hash_rate=e.hashRate,\"finalTransform\"in e){var o=e;switch(r.execution_time=o.time,r.transform=o.finalTransform,o.type){case ze.TARGET_HASH:r.result=o.targetHashData.map((function(e){return{target_hash:e.targetHash,attempt_count:e.iterations}}));break;case ze.LEADING_ZERO:r.result={result:o.nonce,iteration_count:o.iterations}}}else{var i=e;switch(r.execution_time=i.executionTime,i.type){case ze.TARGET_HASH:r.result=i.result.map((function(e){return{target_hash:e.targetHash,attempt_count:e.attemptCount}}));break;case ze.LEADING_ZERO:r.result={result:i.result,iteration_count:i.iterationCount}}}return r},et=function(e){if(\"sequence\"in e)switch(e.work_type){case ze.LEADING_ZERO:return{sessionToken:(t=e).session_token,powToken:t.pow_token,workType:t.work_type,url:t.url,timeout:t.timeout,sequence:t.sequence,embeddedSessionIdEnabled:t.embedded_session_id_enabled,workConfig:{seed:t.work_config.seed,count:t.work_config.count}};case ze.TARGET_HASH:return function(e){return{sessionToken:e.session_token,powToken:e.pow_token,workType:e.work_type,url:e.url,timeout:e.timeout,sequence:e.sequence,embeddedSessionIdEnabled:e.embedded_session_id_enabled,workConfig:{seed:e.work_config.seed,startingNonce:parseInt(e.work_config.starting_nonce),splits:e.work_config.splits.map((function(e){return{targetHash:e.target_hash}}))}}}(e);default:throw new Error(\"Invalid work type in setup response\")}var t;return function(e){return{sessionToken:e.session_token,powToken:e.pow_token,workType:e.work_type,url:e.url,timeout:e.timeout,embeddedSessionIdEnabled:e.embedded_session_id_enabled,workConfig:{seed:e.work_config.seed,count:e.work_config.count}}}(e)};function tt(e){return tt=\"function\"==typeof Symbol&&\"symbol\"==typeof Symbol.iterator?function(e){return typeof e}:function(e){return e&&\"function\"==typeof Symbol&&e.constructor===Symbol&&e!==Symbol.prototype?\"symbol\":typeof e},tt(e)}function nt(e,t){var n=Object.keys(e);if(Object.getOwnPropertySymbols){var r=Object.getOwnPropertySymbols(e);t&&(r=r.filter((function(t){return Object.getOwnPropertyDescriptor(e,t).enumerable}))),n.push.apply(n,r)}return n}function rt(e){for(var t=1;t<arguments.length;t++){var n=null!=arguments[t]?arguments[t]:{};t%2?nt(Object(n),!0).forEach((function(t){ot(e,t,n[t])})):Object.getOwnPropertyDescriptors?Object.defineProperties(e,Object.getOwnPropertyDescriptors(n)):nt(Object(n)).forEach((function(t){Object.defineProperty(e,t,Object.getOwnPropertyDescriptor(n,t))}))}return e}function ot(e,t,n){return(t=function(e){var t=function(e){if(\"object\"!=tt(e)||!e)return e;var t=e[Symbol.toPrimitive];if(void 0!==t){var n=t.call(e,\"string\");if(\"object\"!=tt(n))return n;throw new TypeError(\"@@toPrimitive must return a primitive value.\")}return String(e)}(e);return\"symbol\"==tt(t)?t:t+\"\"}(t))in e?Object.defineProperty(e,t,{value:n,enumerable:!0,configurable:!0,writable:!0}):e[t]=n,e}var it=function(e){return e.stringTable&&e.customStyle&&e.customAssets&&e.sessionToken},ut=function(e){var t={stringTable:!1,customStyle:!1,customAssets:!1,sessionToken:!1},n={stringTable:{},customStyle:\"\",customAssets:{},sessionToken:\"\",embeddedSessionIdEnabled:!0},r=function(o){switch(o.data.type){case\"customStyle\":n.customStyle=o.data.style,t.customStyle=!0;var i=o.data.assets;n.customAssets=null==i?void 0:i.reduce((function(e,t){return rt(rt({},e),{},ot({},t.id,t.base64))}),{}),t.customAssets=!0;break;case\"stringTable\":n.stringTable=o.data.stringTable,t.stringTable=!0}it(t)&&(window.removeEventListener(\"message\",r),e(n))};return window.addEventListener(\"message\",r),function(o,i){t.sessionToken=!0,n.sessionToken=o,n.embeddedSessionIdEnabled=i,it(t)&&(window.removeEventListener(\"message\",r),e(n))}};function at(e){window.parent.postMessage(e,\"*\")}function _t(){_t=function(){return t};var e,t={},n=Object.prototype,r=n.hasOwnProperty,o=Object.defineProperty||function(e,t,n){e[t]=n.value},i=\"function\"==typeof Symbol?Symbol:{},u=i.iterator||\"@@iterator\",a=i.asyncIterator||\"@@asyncIterator\",_=i.toStringTag||\"@@toStringTag\";function s(e,t,n){return Object.defineProperty(e,t,{value:n,enumerable:!0,configurable:!0,writable:!0}),e[t]}try{s({},\"\")}catch(e){s=function(e,t,n){return e[t]=n}}function c(e,t,n,r){var i=t&&t.prototype instanceof m?t:m,u=Object.create(i.prototype),a=new P(r||[]);return o(u,\"_invoke\",{value:x(e,n,a)}),u}function l(e,t,n){try{return{type:\"normal\",arg:e.call(t,n)}}catch(e){return{type:\"throw\",arg:e}}}t.wrap=c;var f=\"suspendedStart\",p=\"suspendedYield\",d=\"executing\",h=\"completed\",v={};function m(){}function y(){}function g(){}var b={};s(b,u,(function(){return this}));var w=Object.getPrototypeOf,k=w&&w(w(N([])));k&&k!==n&&r.call(k,u)&&(b=k);var E=g.prototype=m.prototype=Object.create(b);function S(e){[\"next\",\"throw\",\"return\"].forEach((function(t){s(e,t,(function(e){return this._invoke(t,e)}))}))}function T(e,t){function n(o,i,u,a){var _=l(e[o],e,i);if(\"throw\"!==_.type){var s=_.arg,c=s.value;return c&&\"object\"==st(c)&&r.call(c,\"__await\")?t.resolve(c.__await).then((function(e){n(\"next\",e,u,a)}),(function(e){n(\"throw\",e,u,a)})):t.resolve(c).then((function(e){s.value=e,u(s)}),(function(e){return n(\"throw\",e,u,a)}))}a(_.arg)}var i;o(this,\"_invoke\",{value:function(e,r){function o(){return new t((function(t,o){n(e,r,t,o)}))}return i=i?i.then(o,o):o()}})}function x(t,n,r){var o=f;return function(i,u){if(o===d)throw Error(\"Generator is already running\");if(o===h){if(\"throw\"===i)throw u;return{value:e,done:!0}}for(r.method=i,r.arg=u;;){var a=r.delegate;if(a){var _=O(a,r);if(_){if(_===v)continue;return _}}if(\"next\"===r.method)r.sent=r._sent=r.arg;else if(\"throw\"===r.method){if(o===f)throw o=h,r.arg;r.dispatchException(r.arg)}else\"return\"===r.method&&r.abrupt(\"return\",r.arg);o=d;var s=l(t,n,r);if(\"normal\"===s.type){if(o=r.done?h:p,s.arg===v)continue;return{value:s.arg,done:r.done}}\"throw\"===s.type&&(o=h,r.method=\"throw\",r.arg=s.arg)}}}function O(t,n){var r=n.method,o=t.iterator[r];if(o===e)return n.delegate=null,\"throw\"===r&&t.iterator.return&&(n.method=\"return\",n.arg=e,O(t,n),\"throw\"===n.method)||\"return\"!==r&&(n.method=\"throw\",n.arg=new TypeError(\"The iterator does not provide a '\"+r+\"' method\")),v;var i=l(o,t.iterator,n.arg);if(\"throw\"===i.type)return n.method=\"throw\",n.arg=i.arg,n.delegate=null,v;var u=i.arg;return u?u.done?(n[t.resultName]=u.value,n.next=t.nextLoc,\"return\"!==n.method&&(n.method=\"next\",n.arg=e),n.delegate=null,v):u:(n.method=\"throw\",n.arg=new TypeError(\"iterator result is not an object\"),n.delegate=null,v)}function L(e){var t={tryLoc:e[0]};1 in e&&(t.catchLoc=e[1]),2 in e&&(t.finallyLoc=e[2],t.afterLoc=e[3]),this.tryEntries.push(t)}function A(e){var t=e.completion||{};t.type=\"normal\",delete t.arg,e.completion=t}function P(e){this.tryEntries=[{tryLoc:\"root\"}],e.forEach(L,this),this.reset(!0)}function N(t){if(t||\"\"===t){var n=t[u];if(n)return n.call(t);if(\"function\"==typeof t.next)return t;if(!isNaN(t.length)){var o=-1,i=function n(){for(;++o<t.length;)if(r.call(t,o))return n.value=t[o],n.done=!1,n;return n.value=e,n.done=!0,n};return i.next=i}}throw new TypeError(st(t)+\" is not iterable\")}return y.prototype=g,o(E,\"constructor\",{value:g,configurable:!0}),o(g,\"constructor\",{value:y,configurable:!0}),y.displayName=s(g,_,\"GeneratorFunction\"),t.isGeneratorFunction=function(e){var t=\"function\"==typeof e&&e.constructor;return!!t&&(t===y||\"GeneratorFunction\"===(t.displayName||t.name))},t.mark=function(e){return Object.setPrototypeOf?Object.setPrototypeOf(e,g):(e.__proto__=g,s(e,_,\"GeneratorFunction\")),e.prototype=Object.create(E),e},t.awrap=function(e){return{__await:e}},S(T.prototype),s(T.prototype,a,(function(){return this})),t.AsyncIterator=T,t.async=function(e,n,r,o,i){void 0===i&&(i=Promise);var u=new T(c(e,n,r,o),i);return t.isGeneratorFunction(n)?u:u.next().then((function(e){return e.done?e.value:u.next()}))},S(E),s(E,_,\"Generator\"),s(E,u,(function(){return this})),s(E,\"toString\",(function(){return\"[object Generator]\"})),t.keys=function(e){var t=Object(e),n=[];for(var r in t)n.push(r);return n.reverse(),function e(){for(;n.length;){var r=n.pop();if(r in t)return e.value=r,e.done=!1,e}return e.done=!0,e}},t.values=N,P.prototype={constructor:P,reset:function(t){if(this.prev=0,this.next=0,this.sent=this._sent=e,this.done=!1,this.delegate=null,this.method=\"next\",this.arg=e,this.tryEntries.forEach(A),!t)for(var n in this)\"t\"===n.charAt(0)&&r.call(this,n)&&!isNaN(+n.slice(1))&&(this[n]=e)},stop:function(){this.done=!0;var e=this.tryEntries[0].completion;if(\"throw\"===e.type)throw e.arg;return this.rval},dispatchException:function(t){if(this.done)throw t;var n=this;function o(r,o){return a.type=\"throw\",a.arg=t,n.next=r,o&&(n.method=\"next\",n.arg=e),!!o}for(var i=this.tryEntries.length-1;i>=0;--i){var u=this.tryEntries[i],a=u.completion;if(\"root\"===u.tryLoc)return o(\"end\");if(u.tryLoc<=this.prev){var _=r.call(u,\"catchLoc\"),s=r.call(u,\"finallyLoc\");if(_&&s){if(this.prev<u.catchLoc)return o(u.catchLoc,!0);if(this.prev<u.finallyLoc)return o(u.finallyLoc)}else if(_){if(this.prev<u.catchLoc)return o(u.catchLoc,!0)}else{if(!s)throw Error(\"try statement without catch or finally\");if(this.prev<u.finallyLoc)return o(u.finallyLoc)}}}},abrupt:function(e,t){for(var n=this.tryEntries.length-1;n>=0;--n){var o=this.tryEntries[n];if(o.tryLoc<=this.prev&&r.call(o,\"finallyLoc\")&&this.prev<o.finallyLoc){var i=o;break}}i&&(\"break\"===e||\"continue\"===e)&&i.tryLoc<=t&&t<=i.finallyLoc&&(i=null);var u=i?i.completion:{};return u.type=e,u.arg=t,i?(this.method=\"next\",this.next=i.finallyLoc,v):this.complete(u)},complete:function(e,t){if(\"throw\"===e.type)throw e.arg;return\"break\"===e.type||\"continue\"===e.type?this.next=e.arg:\"return\"===e.type?(this.rval=this.arg=e.arg,this.method=\"return\",this.next=\"end\"):\"normal\"===e.type&&t&&(this.next=t),v},finish:function(e){for(var t=this.tryEntries.length-1;t>=0;--t){var n=this.tryEntries[t];if(n.finallyLoc===e)return this.complete(n.completion,n.afterLoc),A(n),v}},catch:function(e){for(var t=this.tryEntries.length-1;t>=0;--t){var n=this.tryEntries[t];if(n.tryLoc===e){var r=n.completion;if(\"throw\"===r.type){var o=r.arg;A(n)}return o}}throw Error(\"illegal catch attempt\")},delegateYield:function(t,n,r){return this.delegate={iterator:N(t),resultName:n,nextLoc:r},\"next\"===this.method&&(this.arg=e),v}},t}function st(e){return st=\"function\"==typeof Symbol&&\"symbol\"==typeof Symbol.iterator?function(e){return typeof e}:function(e){return e&&\"function\"==typeof Symbol&&e.constructor===Symbol&&e!==Symbol.prototype?\"symbol\":typeof e},st(e)}function ct(e,t,n,r,o,i,u){try{var a=e[i](u),_=a.value}catch(e){return void n(e)}a.done?t(_):Promise.resolve(_).then(r,o)}var lt=function(){var e=function(e){return function(){var t=this,n=arguments;return new Promise((function(r,o){var i=e.apply(t,n);function u(e){ct(i,r,o,u,a,\"next\",e)}function a(e){ct(i,r,o,u,a,\"throw\",e)}u(void 0)}))}}(_t().mark((function e(){var t,n,r,o,i,u,a;return _t().wrap((function(e){for(;;)switch(e.prev=e.next){case 0:return t=ut((function(e){return Ve(e)})),i=!1,e.prev=2,window.parent.postMessage({runnerLoaded:!0},\"*\"),e.t0=et,e.next=7,new Promise((function(e,t){var n=function(r){if(\"setupData\"===r.data.type){var o=r.data.setupData.requestData;o.work_config||(t({message:\"Missing work config\",event:r}),window.removeEventListener(\"message\",n)),e(o),window.removeEventListener(\"message\",n)}};window.addEventListener(\"message\",n)}));case 7:e.t1=e.sent,n=(0,e.t0)(e.t1),t(n.sessionToken,n.embeddedSessionIdEnabled),u=\"\",e.t2=n.workType,e.next=e.t2===ze.LEADING_ZERO?14:e.t2===ze.TARGET_HASH?16:18;break;case 14:return u=\"Ck8icFR_Bp\",e.abrupt(\"break\",18);case 16:return u=\"o5j1lEppQP\",e.abrupt(\"break\",18);case 18:a=new URL(\"./worker.\".concat(u,\".js\"),window.location.href),\"sequence\"in n&&(a=new URL(n.sequence)),o=window.setTimeout((function(){i||at({failureReason:\"load_timeout\"})}),1e4);try{(r=new Worker(a,{type:\"module\"})).onerror=function(e){var t;i||(at({failureReason:\"load_timeout\"}),window.clearTimeout(o)),t=e.error,window.parent.postMessage({workerLoaded:!1,error:t},\"*\")},r.onmessage=function(e){try{var t=e.data;switch(t.type){case Ke.LOADED:if(window.parent.postMessage({workerLoaded:!0},\"*\"),i=!0,window.clearTimeout(o),\"sequence\"in n){var u=Je(n);r.postMessage(u)}else{var a=Qe(n);r.postMessage(a)}break;case Ke.DONE:t.data.type=n.workType,at(Xe(t.data,n.sessionToken,n.powToken));break;case Ke.ERROR:var _={failureReason:t.data.error.type};\"object\"===st(t.data.error.data)&&null!=t.data.error.data.hashRate&&(_.hashRate=t.data.error.data.hashRate),at(_)}}catch(e){at({failureReason:\"runtime_error\"})}}}catch(e){at({failureReason:\"load_timeout\"}),window.clearTimeout(o)}e.next=30;break;case 24:return e.prev=24,e.t3=e.catch(2),at({failureReason:\"runtime_error\"}),window.clearTimeout(o),e.abrupt(\"return\");case 30:case\"end\":return e.stop()}}),e,null,[[2,24]])})));return function(){return e.apply(this,arguments)}}();\"complete\"===document.readyState&&lt(),window.onload=lt})();"
  }
}