{
  "metadata": {
    "timestamps": {
      "start": "2026-02-18T19:56:40.365030",
      "end": "2026-02-18T19:56:41.322449",
      "duration_ms": 957
    },
    "url": {
      "full": "https://ecsv2.roblox.com/www/e.png?field=username&aType=focus&evt=formInteraction&ctx=LoginForm&url=https%3A%2F%2Fwww.roblox.com%2FLogin&lt=2026-02-18T11%3A56%3A40.355Z&gid=-1784413165",
      "protocol": "https",
      "domain": "ecsv2.roblox.com",
      "path": "/www/e.png",
      "normalized_path": "/{slug}/e.png",
      "query": {
        "field": [
          "username"
        ],
        "aType": [
          "focus"
        ],
        "evt": [
          "formInteraction"
        ],
        "ctx": [
          "LoginForm"
        ],
        "url": [
          "https://www.roblox.com/Login"
        ],
        "lt": [
          "2026-02-18T11:56:40.355Z"
        ],
        "gid": [
          "-1784413165"
        ]
      }
    },
    "method": "GET",
    "status_code": 200,
    "size": {
      "request_bytes": 0,
      "response_bytes": 68,
      "compressed": false
    },
    "content_type": "image/png",
    "cache_status": ""
  },
  "request": {
    "headers": {
      "sec-ch-ua-platform": "\"Linux\"",
      "user-agent": "Mozilla/5.0 (X11; Linux x86_64) AppleWebKit/537.36 (KHTML, like Gecko) Chrome/144.0.0.0 Safari/537.36",
      "sec-ch-ua": "\"Not(A:Brand\";v=\"8\", \"Chromium\";v=\"144\", \"Google Chrome\";v=\"144\"",
      "sec-ch-ua-mobile": "?0",
      "accept": "image/avif,image/webp,image/apng,image/svg+xml,image/*,*/*;q=0.8",
      "sec-fetch-site": "same-site",
      "sec-fetch-mode": "no-cors",
      "sec-fetch-dest": "image",
      "referer": "https://www.roblox.com/",
      "accept-encoding": "gzip, deflate, br, zstd",
      "accept-language": "en-US,en;q=0.9,fil;q=0.8",
      "cookie": "GuestData=UserID=-1784413165, RBXcb=RBXViralAcquisition%3Dtrue%26RBXSource%3Dtrue%26GoogleAnalytics%3Dtrue, RBXEventTrackerV2=CreateDate=10/04/2025 09:19:06&rbxid=7108482020&browserid=1759587403750002, _ga=GA1.1.1224127167.1759628996, _ga_F8VP9T1NT3=GS2.1.s1759628996$o1$g0$t1759629006$j50$l0$h0, __utmz=200924205.1769790118.9.3.utmcsr=appsflyer|utmccn=(not%20set)|utmcmd=cpa|utmcct=onelink, _gcl_au=1.1.445633669.1770730834, _scid=Wr9kCEc_3Nlyed1wABxVj3bEIIybNWtk, _scid_r=Wr9kCEc_3Nlyed1wABxVj3bEIIybNWtk, _fbp=fb.1.1770730835055.775171315334809685, _tt_enable_cookie=1, _ttp=01KH3WGKAR3H2AE8S5M5DX1J7W_.tt.1, ttcsid=1770730835310::miqHqGUEZxfvZ_nHbBwv.1.1770730835684.0, ttcsid_CSV31T3C77UDA0827220=1770730835307::XlXvMvpaVhbeZ9pnMwwy.1.1770730835685.0, _sctr=1%7C1770652800000, RBXSource=rbx_acquisition_time=02/10/2026 14:11:35&rbx_acquisition_referrer=&rbx_medium=cpa&rbx_source=appsflyer&rbx_campaign=onelink&rbx_adgroup=&rbx_keyword=&rbx_matchtype=&rbx_send_info=0, rbx-ip2=1, __utma=200924205.1785706367.1759587415.1770730834.1771414933.12, __utmb=200924205.0.10.1771414933, __utmc=200924205, RBXPaymentsFlowContext=6b863465-7439-4466-8678-42b7f0295720,",
      "priority": "i"
    },
    "payload": null
  },
  "response": {
    "headers": {
      "content-type": "image/png",
      "date": "Wed, 18 Feb 2026 11:56:41 GMT",
      "content-length": "68",
      "x-envoy-upstream-service-time": "204",
      "server": "public-gateway",
      "x-terms-message": "Terms apply https://rblx.co/TOU.",
      "strict-transport-security": "max-age=3600",
      "x-ratelimit-limit": "1500, 1500;w=60",
      "x-ratelimit-remaining": "1488",
      "x-ratelimit-reset": "19",
      "x-ingress-proxy": "true",
      "x-roblox-edge": "c118",
      "report-to": "{\"group\":\"network-errors\",\"max_age\":604800,\"endpoints\":[{\"url\":\"https://ncs.roblox.com/upload\"}]}",
      "nel": "{\"report_to\":\"network-errors\",\"max_age\":604800,\"success_fraction\":0.001,\"failure_fraction\":1}"
    },
    "body": "\u0089PNG\r\n\u001a\n\u0000\u0000\u0000\rIHDR\u0000\u0000\u0000\u0001\u0000\u0000\u0000\u0001\b\u0004\u0000\u0000\u0000\u00b5\u001c\f\u0002\u0000\u0000\u0000\u000bIDAT\u0018Wc``\u0000\u0000\u0000\u0003\u0000\u0001h&Y\r\u0000\u0000\u0000\u0000IEND\u00aeB`\u0082"
  }
}