{
  "metadata": {
    "timestamps": {
      "start": "2026-02-18T19:56:58.521419",
      "end": "2026-02-18T19:56:58.693854",
      "duration_ms": 172
    },
    "url": {
      "full": "https://arkoselabs.roblox.com/fc/assets/ec-game-core/game-core/1.31.3/standard/lib.chunk.7f5079eed78578b7b8b6.js",
      "protocol": "https",
      "domain": "arkoselabs.roblox.com",
      "path": "/fc/assets/ec-game-core/game-core/1.31.3/standard/lib.chunk.7f5079eed78578b7b8b6.js",
      "normalized_path": "/{slug}/assets/{slug}/game-core/1.31.3/{slug}/lib.chunk.7f5079eed78578b7b8b6.js",
      "query": {}
    },
    "method": "GET",
    "status_code": 200,
    "size": {
      "request_bytes": 0,
      "response_bytes": 12039,
      "compressed": false
    },
    "content_type": "application/javascript",
    "cache_status": ""
  },
  "request": {
    "headers": {
      "sec-ch-ua-platform": "\"Linux\"",
      "user-agent": "Mozilla/5.0 (X11; Linux x86_64) AppleWebKit/537.36 (KHTML, like Gecko) Chrome/144.0.0.0 Safari/537.36",
      "sec-ch-ua": "\"Not(A:Brand\";v=\"8\", \"Chromium\";v=\"144\", \"Google Chrome\";v=\"144\"",
      "sec-ch-ua-mobile": "?0",
      "accept": "*/*",
      "sec-fetch-site": "same-origin",
      "sec-fetch-mode": "no-cors",
      "sec-fetch-dest": "script",
      "referer": "https://arkoselabs.roblox.com/fc/assets/ec-game-core/game-core/1.31.3/standard/index.html?session=4881895554c448373.7161280104&r=ap-southeast-1&meta=3&metabgclr=transparent&metaiconclr=%23757575&maintxtclr=%23b8b8b8&guitextcolor=%23474747&pk=476068BF-9607-4799-B53D-966BE98E2B81&at=40&rid=94&ag=101&cdn_url=https%3A%2F%2Farkoselabs.roblox.com%2Fcdn%2Ffc&surl=https%3A%2F%2Farkoselabs.roblox.com&smurl=https%3A%2F%2Farkoselabs.roblox.com%2Fcdn%2Ffc%2Fassets%2Fstyle-manager",
      "accept-encoding": "gzip, deflate, br, zstd",
      "accept-language": "en-US,en;q=0.9,fil;q=0.8",
      "cookie": "GuestData=UserID=-1784413165, RBXcb=RBXViralAcquisition%3Dtrue%26RBXSource%3Dtrue%26GoogleAnalytics%3Dtrue, RBXEventTrackerV2=CreateDate=10/04/2025 09:19:06&rbxid=7108482020&browserid=1759587403750002, _ga=GA1.1.1224127167.1759628996, _ga_F8VP9T1NT3=GS2.1.s1759628996$o1$g0$t1759629006$j50$l0$h0, __utmz=200924205.1769790118.9.3.utmcsr=appsflyer|utmccn=(not%20set)|utmcmd=cpa|utmcct=onelink, _gcl_au=1.1.445633669.1770730834, _scid=Wr9kCEc_3Nlyed1wABxVj3bEIIybNWtk, _scid_r=Wr9kCEc_3Nlyed1wABxVj3bEIIybNWtk, _fbp=fb.1.1770730835055.775171315334809685, _tt_enable_cookie=1, _ttp=01KH3WGKAR3H2AE8S5M5DX1J7W_.tt.1, ttcsid=1770730835310::miqHqGUEZxfvZ_nHbBwv.1.1770730835684.0, ttcsid_CSV31T3C77UDA0827220=1770730835307::XlXvMvpaVhbeZ9pnMwwy.1.1770730835685.0, _sctr=1%7C1770652800000, RBXSource=rbx_acquisition_time=02/10/2026 14:11:35&rbx_acquisition_referrer=&rbx_medium=cpa&rbx_source=appsflyer&rbx_campaign=onelink&rbx_adgroup=&rbx_keyword=&rbx_matchtype=&rbx_send_info=0, rbx-ip2=1, __utma=200924205.1785706367.1759587415.1770730834.1771414933.12, __utmb=200924205.0.10.1771414933, __utmc=200924205, RBXPaymentsFlowContext=6b863465-7439-4466-8678-42b7f0295720,, timestamp=177141500818389"
    },
    "payload": null
  },
  "response": {
    "headers": {
      "content-type": "application/javascript",
      "last-modified": "Fri, 31 Oct 2025 07:23:09 GMT",
      "content-encoding": "br",
      "x-amz-server-side-encryption": "AES256",
      "x-amz-version-id": "E2rOcYd3TwY_y1E0z0ev2uTuR1Gf0O7J",
      "server": "cloudfront",
      "date": "Tue, 17 Feb 2026 20:28:41 GMT",
      "etag": "W/\"22364743e8d8fe51337ede5de8c92dce\"",
      "vary": "accept-encoding",
      "via": "1.1 3eafd911617df6700f1357b2dcc7380c.cloudfront.net (CloudFront)",
      "alt-svc": "h3=\":443\"; ma=86400",
      "age": "55699",
      "x-xss-protection": "1; mode=block",
      "referrer-policy": "strict-origin-when-cross-origin",
      "x-content-type-options": "nosniff",
      "strict-transport-security": "max-age=31536000; includeSubDomains",
      "accept-ch": "Device-Memory, Sec-CH-UA, Sec-CH-UA-Arch, Sec-CH-UA-Bitness, Sec-CH-DPR, Sec-CH-UA-Full-Version-List, Sec-CH-UA-Mobile, Sec-CH-UA-Model, Sec-CH-Viewport-Width, Sec-CH-UA-Platform, Sec-CH-UA-Platform-Version, Sec-CH-Width, Sec-CH-UA-Form-Factors",
      "content-security-policy": "default-src 'self'; script-src 'self' 'nonce-krdQ2LKmBuZaAHJMxBw28g'; style-src 'self' 'nonce-krdQ2LKmBuZaAHJMxBw28g'; img-src 'self' cdn.funcaptcha.com cdn.arkoselabs.com blob: data:; media-src 'self' blob: data:; connect-src 'self'",
      "x-cache": "Hit from cloudfront",
      "x-amz-cf-pop": "MNL51-P2",
      "x-amz-cf-id": "foP3hcdqUS0TWH9Zzeuu6Wbylz6LaWm_sImKlEzRtukmz9eM_vSbyA=="
    },
    "body": "function gc_3x(){var SP=['arz','status','gameToken','forEach','info','from','GameType','374988VNtuUc','isBootstrapMode','createNewGame','CAAudioModeResponseType','718494XaLGyz','encrypt','statusText','slice','pst','writable','ENDPOINT','filter','apiBreakerVersion','yhd','AttemptLimit','75560rTLKFn','context','/fc/','2927070kDvUEP','arq','true','arb','configurable','prototype','ERROR','fallbackType','auz','headers','http://localhost','undefined','error','pes','trys','iterator','|r=','SETUP_SESSION','bio','ciphertext','getEncryptionKey','post','afb','__exportStar','ajp','startsWith','url','toString','useMemo','random','ATTEMPT_LIMIT','default','setSecretTransportedHeader','mockRequest','atob','region','NotAnswered','secretTransportedHeader','renderType','push','incorrect','TileGame','Integer','response','hbo','__assign','tguess','checkAnswer','next','ayp','acw','deleteSecretTransportedHeader','ayh','AudioMode','createContext','ops','pga','RTL_LANGUAGES','X-Requested-ID','Logger','RenderType','reduce','now','__awaiter','__importStar','env','527484HUvTDI','ap-southeast-2','acm','isServer','noJS','length','decryptECData','transformStringTablePrefixes','callECApi','ayn','animalsound','xaa','object','PageType','keys','parse','getOwnPropertyDescriptor','sessionToken','gfct/','useTranslation','userPreferredLang','yud','yih','decrypt','pop','function','getTimestamp','split','useI18N','__importDefault','protocol','return','LiteJS','label','setUserIP','defineProperty','repeatGame','publicKey','jpr','29777BhoCxH','XMLHttpRequest','InputFormat','xmn','call','__esModule','Type101','then','isCompatibilityMode','originalSessionToken','createNewSession','LOADING','8FcMzDx','__createBinding','/nojs/','entries','CAResponseType','Canvas','prd','floor','simulateRateLimit','https','nojs_fb_type','throw','simulate_rate_limit','replace','ssh','convertTokenToObject','assign','bbz','bootstrapped/','GET_GAME','getECURL','useCallback','Answered','apply','lib','token','men','(((.+)+)+)+$','integer','mock','constructor','581615298b37991e8.7524233303','657615298c6d55535.6026172003','ANALYTICS','http://','passGet','isAudioGame','repeat','Game','translations','setOrigin','__generator','abv','userIP','*/*','search','debug','stringify','ydd','string','convertFetchResponseToAxios','warn','config','apiType','avl','MatchGame','reason','setMock','disableCookies','1910nSeBqA','done','acx','base64','create','prs','concat','logData','transformMiddlewares','__spreadArray','aeb','sent','pbt','useContext','webpackChunkgame_core','method','REQUESTED','liteJS','encryptECData','hasOwnProperty','tguesses','24UgSvxQ','I18NProvider','ary','origin','NoJS','get','user-agent','substring','children','12ioWMHB','AudioGame','ECApi','data','no-cache','CHECK_ANSWER','1802820oALpCI','GET_ENCRYPTION_KEY',';path=/;secure;samesite=none','acy','Loading','analyticsTier','userPreferredSupportedLang','salt','value','GAME','aec','ayl'];gc_3x=function(){return SP;};return gc_3x();}var gc_3m3=gc_3l;(function(m,R){var gc_3RQ={m:0x1ac,R:0x134,x:0x125,l:0x10c,S:0x112,N:0x179,a:0x129,W:0x103,u:0x137,h:0xee,M:0x1a0},m1=gc_3l,x=m();while(!![]){try{var l=parseInt(m1(gc_3RQ.m))/0x1*(parseInt(m1(gc_3RQ.R))/0x2)+-parseInt(m1(gc_3RQ.x))/0x3*(parseInt(m1(gc_3RQ.l))/0x4)+-parseInt(m1(gc_3RQ.S))/0x5+parseInt(m1(gc_3RQ.N))/0x6+parseInt(m1(gc_3RQ.a))/0x7*(-parseInt(m1(gc_3RQ.W))/0x8)+parseInt(m1(gc_3RQ.u))/0x9+parseInt(m1(gc_3RQ.h))/0xa*(parseInt(m1(gc_3RQ.M))/0xb);if(l===R)break;else x['push'](x['shift']());}catch(S){x['push'](x['shift']());}}}(gc_3x,0x2e20f));var gc_3R=(function(){var m=!![];return function(R,x){var l=m?function(){if(x){var S=x['apply'](R,arguments);return x=null,S;}}:function(){};return m=![],l;};}()),gc_3m=gc_3R(this,function(){var gc_3Rz={m:0x1d9,R:0x1c7,x:0x152,l:0x1ca},m2=gc_3l;return gc_3m['toString']()[m2(gc_3Rz.m)](m2(gc_3Rz.R))[m2(gc_3Rz.x)]()[m2(gc_3Rz.l)](gc_3m)[m2(gc_3Rz.m)](m2(gc_3Rz.R));});function gc_3l(m,R){var x=gc_3x();return gc_3l=function(l,S){l=l-0xed;var N=x[l];return N;},gc_3l(m,R);}gc_3m();'use strict';(self[gc_3m3(0xfc)]=self[gc_3m3(0xfc)]||[])[gc_3m3(0x15e)]([[0x287],{0x649:function(m,R,x){var gc_3xV={m:0x164,R:0x19c,x:0x10e},gc_3xi={m:0x13c,R:0x19b,x:0x1d4,l:0x1e5,S:0x13c,N:0x157,a:0x16a,W:0x13c,u:0x1aa,h:0x127,M:0x13c,v:0x166,F:0xf5,y:0x14b,I:0x1c0,C:0x13c,K:0x181,E:0x1bb},gc_3xk={m:0x194},gc_3xb={m:0x1c9,R:0x10f,x:0x15c,l:0x193,S:0xf4,N:0x114,a:0x1d8,W:0x110,u:0x1a1,h:0x17e,M:0x171,v:0x100,F:0x1db,y:0xfe,I:0xf4,C:0x17c,K:0x139,E:0x140,p:0x1c0,J:0x136,O:0x14c},gc_3xW={m:0x1c9},gc_3xa={m:0x197},gc_3xm={m:0x192,R:0x146},gc_3RX={m:0x1bc},m4=gc_3m3,S=this&&this[m4(gc_3xV.m)]||function(){var gc_3Rt={m:0x17e,R:0x13c,x:0x101},m5=m4;return S=Object[m5(gc_3RX.m)]||function(O){var m6=m5;for(var G,j=0x1,U=arguments[m6(gc_3Rt.m)];j<U;j++)for(var H in G=arguments[j])Object[m6(gc_3Rt.R)][m6(gc_3Rt.x)]['call'](G,H)&&(O[H]=G[H]);return O;},S['apply'](this,arguments);},N=this&&this['__awaiter']||function(O,G,j,U){var gc_3x3={m:0x167},gc_3x2={m:0xef,R:0x11a},gc_3x0={m:0x1b7},gc_3Rc={m:0x167};return new(j||(j=Promise))(function(H,L){var mm=gc_3l;function b(Z){var m7=gc_3l;try{V(U[m7(gc_3Rc.m)](Z));}catch(w){L(w);}}function k(Z){var m8=gc_3l;try{V(U[m8(gc_3x0.m)](Z));}catch(w){L(w);}}function V(Z){var m9=gc_3l,w;Z[m9(gc_3x2.m)]?H(Z[m9(gc_3x2.R)]):(w=Z[m9(gc_3x2.R)],w instanceof j?w:new j(function(q){q(w);}))['then'](b,k);}V((U=U['apply'](O,G||[]))[mm(gc_3x3.m)]());});},W=this&&this['__generator']||function(O,G){var mR=m4,j,U,H,L,b={'label':0x0,'sent':function(){if(0x1&H[0x0])throw H[0x1];return H[0x1];},'trys':[],'ops':[]};return L={'next':k(0x0),'throw':k(0x1),'return':k(0x2)},mR(gc_3xm.m)==typeof Symbol&&(L[Symbol[mR(gc_3xm.R)]]=function(){return this;}),L;function k(V){var gc_3x7={m:0x198,R:0x1b7,x:0x1a4,l:0x167,S:0xef,N:0x11a,a:0x19a,W:0x19a,u:0x16e,h:0x19a,M:0x19a,v:0x15e,F:0x145};return function(Z){return function(w){var mx=gc_3l;if(j)throw new TypeError('Generator is already executing.');for(;L&&(L=0x0,w[0x0]&&(b=0x0)),b;)try{if(j=0x1,U&&(H=0x2&w[0x0]?U[mx(gc_3x7.m)]:w[0x0]?U[mx(gc_3x7.R)]||((H=U[mx(gc_3x7.m)])&&H[mx(gc_3x7.x)](U),0x0):U[mx(gc_3x7.l)])&&!(H=H['call'](U,w[0x1]))[mx(gc_3x7.S)])return H;switch(U=0x0,H&&(w=[0x2&w[0x0],H[mx(gc_3x7.N)]]),w[0x0]){case 0x0:case 0x1:H=w;break;case 0x4:return b[mx(gc_3x7.a)]++,{'value':w[0x1],'done':!0x1};case 0x5:b[mx(gc_3x7.W)]++,U=w[0x1],w=[0x0];continue;case 0x7:w=b[mx(gc_3x7.u)]['pop'](),b['trys']['pop']();continue;default:if(!(H=b['trys'],(H=H['length']>0x0&&H[H['length']-0x1])||0x6!==w[0x0]&&0x2!==w[0x0])){b=0x0;continue;}if(0x3===w[0x0]&&(!H||w[0x1]>H[0x0]&&w[0x1]<H[0x3])){b[mx(gc_3x7.a)]=w[0x1];break;}if(0x6===w[0x0]&&b[mx(gc_3x7.W)]<H[0x1]){b[mx(gc_3x7.h)]=H[0x1],H=w;break;}if(H&&b[mx(gc_3x7.M)]<H[0x2]){b[mx(gc_3x7.W)]=H[0x2],b['ops'][mx(gc_3x7.v)](w);break;}H[0x2]&&b[mx(gc_3x7.u)]['pop'](),b[mx(gc_3x7.F)]['pop']();continue;}w=G['call'](O,b);}catch(q){w=[0x6,q],U=0x0;}finally{j=H=0x0;}if(0x5&w[0x0])throw w[0x1];return{'value':w[0x0]?w[0x1]:void 0x0,'done':!0x0};}([V,Z]);};}},M=this&&this['__importDefault']||function(O){return O&&O['__esModule']?O:{'default':O};};Object[m4(gc_3xV.R)](R,'__esModule',{'value':!0x0}),R['ECApi']=void 0x0,x(0x20e7);var v=x(0x1fcb),F=M(x(0x2f2)),y=x(0xb4b),I=x(0x248a),C=x(0x8e1),K=x(0xfa3),E=x(0x417),J=(function(){var gc_3xL={m:0x17c,R:0x106,x:0x178,l:0x1b5,S:0xf4,N:0x1b5,a:0x197,W:0xf4,u:0x106,h:0x1ce,M:0x106},gc_3xh={m:0x15c,R:0x15c,x:0x15c},gc_3xu={m:0x15c,R:0x15c},gc_3xN={m:0x106},gc_3xl={m:0x140},gc_3xx={m:0x106,R:0x197},mN=m4;function O(G,j){var ml=gc_3l;G&&(this[ml(gc_3xx.m)]=G),j&&(this[ml(gc_3xx.R)]=j),this['headers']={};}return O['prototype']['setHeaderData']=function(G){var mS=gc_3l;this[mS(gc_3xl.m)]=G;},O[mN(gc_3xi.m)][mN(gc_3xi.R)]=function(G){this['userIP']=G;},O[mN(gc_3xi.m)][mN(gc_3xi.x)]=function(G){var ma=mN;this[ma(gc_3xN.m)]=G;},O['prototype']['setProtocol']=function(G){var mW=mN;this[mW(gc_3xa.m)]=G;},O['prototype'][mN(gc_3xi.l)]=function(G){var mu=mN;this[mu(gc_3xW.m)]=G;},O[mN(gc_3xi.S)][mN(gc_3xi.N)]=function(G,j){var mh=mN;this[mh(gc_3xu.m)]||(this[mh(gc_3xu.m)]={}),this[mh(gc_3xu.R)][G]=j;},O[mN(gc_3xi.m)][mN(gc_3xi.a)]=function(G){var mM=mN;this[mM(gc_3xh.m)]&&this[mM(gc_3xh.R)][G]&&delete this[mM(gc_3xh.x)][G];},O[mN(gc_3xi.W)][mN(gc_3xi.u)]=function(G){var gc_3xM={m:0x19a,R:0x19e,x:0x18d,l:0x118,S:0x15d,N:0x1e1,a:0x13e,W:0x126,u:0x1b4,h:0x1a9,M:0x140,v:0x109,F:0x1b8,y:0xf4,I:0x12f,C:0x148,K:0xf4,E:0x1be,p:0xf4,J:0x1b6,O:0xf9,G:0x1c5,j:0x1c5},j;return N(this,void 0x0,void 0x0,function(){var U,H,L,k,V,Z,w,q,P,B,A,D,Q,Y,z,X;return W(this,function(m0){var mv=gc_3l;switch(m0[mv(gc_3xM.m)]){case 0x0:return U=G[mv(gc_3xM.R)],H=G[mv(gc_3xM.x)],L=G[mv(gc_3xM.l)],k=G[mv(gc_3xM.S)],V=G[mv(gc_3xM.N)],Z=G[mv(gc_3xM.a)],w=void 0x0===Z?0x0:Z,q=G[mv(gc_3xM.W)],P=G[mv(gc_3xM.u)],B=G[mv(gc_3xM.h)],A={'public_key':U,'userip':this['userIP'],'userbrowser':this[mv(gc_3xM.M)][mv(gc_3xM.v)],'lang':H,'language':L,'api_type':V,'render_type':k,'original_session_token':B,'fallback_type':w},P&&(A[mv(gc_3xM.F)]=0x1),D=''[mv(gc_3xM.y)](I[mv(gc_3xM.I)][mv(gc_3xM.C)],'/nojs/')[mv(gc_3xM.K)](q?mv(gc_3xM.E):'')[mv(gc_3xM.p)](U),(0x0,C['isServer'])()&&(Q={'return_security_info':0x1},null!==w&&(Q[mv(gc_3xM.J)]=w)),[0x4,this['callECApi'](D,{'data':A,'secretTransportedHeader':Q})];case 0x1:return Y=m0[mv(gc_3xM.O)](),z=null!==(j=null==Y?void 0x0:Y['data'])&&void 0x0!==j?j:{},X=S({},z),(null==z?void 0x0:z[mv(gc_3xM.G)])&&(X[mv(gc_3xM.j)]=this['convertTokenToObject'](z[mv(gc_3xM.j)]),X['verificationToken']=z[mv(gc_3xM.j)]),[0x2,X];}});});},O['prototype'][mN(gc_3xi.h)]=function(G){var j;return N(this,void 0x0,void 0x0,function(){var gc_3xy={m:0x19a,R:0x15a,x:0x118,l:0x15d,S:0xed,N:0x117,a:0x10f,W:0x19d,u:0x1cf,h:0x1d0,M:0x131,v:0x1a8,F:0x1d0,y:0x1d7,I:0x1d1,C:0x17c,K:0x1b6,E:0xf9,p:0x143,J:0x10f,O:0x143},U,H,L,k,V,Z,w,q,P,B,T,A,D,Q,Y,z;return W(this,function(X){var mF=gc_3l;switch(X[mF(gc_3xy.m)]){case 0x0:return U=G['sessionToken'],H=G[mF(gc_3xy.R)],L=G[mF(gc_3xy.x)],k=G[mF(gc_3xy.l)],V=G[mF(gc_3xy.S)],Z=G['fallbackType'],w=G[mF(gc_3xy.N)],q=G[mF(gc_3xy.a)],P=G[mF(gc_3xy.W)],B=G[mF(gc_3xy.u)],T=G[mF(gc_3xy.h)],A=G[mF(gc_3xy.M)],D=G[mF(gc_3xy.v)],Q={'token':U,'sid':H,'render_type':k,'lang':L,'isAudioGame':null!=T?T:this[mF(gc_3xy.F)],'nojs_users_ip':this[mF(gc_3xy.y)],'analytics_tier':w,'is_compatibility_mode':D,'data':q,'apiBreakerVersion':A},P&&(Q[mF(gc_3xy.I)]=P),B&&(Q['data']={'ps':B}),(0x0,C[mF(gc_3xy.C)])()&&(Y={'return_security_info':0x1},Z&&(Y[mF(gc_3xy.K)]=Z)),[0x4,this['callECApi'](I['ENDPOINT']['GET_GAME'],{'sessionToken':U,'data':Q,'secretTransportedHeader':Y,'disableCookies':V})];case 0x1:if((z=X[mF(gc_3xy.E)]())['data'][mF(gc_3xy.p)])throw new Error(z[mF(gc_3xy.J)][mF(gc_3xy.O)]);return[0x2,null!==(j=z[mF(gc_3xy.a)])&&void 0x0!==j?j:{}];}});});},O[mN(gc_3xi.M)][mN(gc_3xi.v)]=function(G){return N(this,void 0x0,void 0x0,function(){var gc_3xK={m:0x19a,R:0x18a,x:0x120,l:0x15d,S:0x102,N:0x13e,a:0x117,W:0x149,u:0x1a8,h:0x100,M:0x1db,v:0x165,F:0x100,y:0x17c,I:0x181,C:0x12f,K:0x111,E:0xf9,p:0x10f,J:0x143},j,U,H,L,k,V,Z,w,q,P,B,T,A,D,Q;return W(this,function(Y){var my=gc_3l;switch(Y[my(gc_3xK.m)]){case 0x0:return j=G[my(gc_3xK.R)],U=G[my(gc_3xK.x)],H=G[my(gc_3xK.l)],L=G['region'],k=G['guesses'],V=G[my(gc_3xK.S)],Z=G[my(gc_3xK.N)],w=G[my(gc_3xK.a)],q=G[my(gc_3xK.W)],P=G['disableCookies'],B=G[my(gc_3xK.u)],T=(0x0,y[my(gc_3xK.h)])(JSON[my(gc_3xK.M)](k),j),A={'session_token':j,'game_token':U,'sid':L,'guess':T,'render_type':H,'analytics_tier':null!=w?w:0x0,'bio':q,'is_compatibility_mode':B},V&&(A[my(gc_3xK.v)]=(0x0,y[my(gc_3xK.F)])(JSON[my(gc_3xK.M)](V),j)),(0x0,C[my(gc_3xK.y)])()&&(D={},Z&&(D['nojs_fb_type']=Z)),[0x4,this[my(gc_3xK.I)](I[my(gc_3xK.C)][my(gc_3xK.K)],{'sessionToken':j,'data':A,'secretTransportedHeader':D,'disableCookies':P})];case 0x1:if((Q=Y[my(gc_3xK.E)]())[my(gc_3xK.p)][my(gc_3xK.J)])throw new Error(Q[my(gc_3xK.p)]['error']);return[0x2,Q['data']];}});});},O['prototype'][mN(gc_3xi.F)]=function(G){var gc_3xJ={m:0x19a,R:0x181,x:0x12f,l:0xf9,S:0x10f};return N(this,void 0x0,void 0x0,function(){return W(this,function(j){var mI=gc_3l;switch(j[mI(gc_3xJ.m)]){case 0x0:return[0x4,this[mI(gc_3xJ.R)](I[mI(gc_3xJ.x)]['ANALYTICS'],{'sessionToken':G['session_token'],'disableCookies':G['disableCookies'],'data':G})];case 0x1:return[0x2,j[mI(gc_3xJ.l)]()[mI(gc_3xJ.S)]];}});});},O['prototype'][mN(gc_3xi.y)]=function(G){var gc_3xj={m:0x18a,R:0x120,x:0x13e,l:0x17c,S:0x1b6,N:0x181,a:0x12f,W:0x113,u:0x143,h:0x10f,M:0x10f};return N(this,void 0x0,void 0x0,function(){var j,U,H,L,b,k,V,Z;return W(this,function(w){var mC=gc_3l;switch(w['label']){case 0x0:return j=G[mC(gc_3xj.m)],U=G[mC(gc_3xj.R)],H=G['region'],L=G[mC(gc_3xj.x)],b=G['disableCookies'],k={'session_token':j,'game_token':U,'sid':H},(0x0,C[mC(gc_3xj.l)])()&&(V={},L&&(V[mC(gc_3xj.S)]=L)),[0x4,this[mC(gc_3xj.N)](I[mC(gc_3xj.a)][mC(gc_3xj.W)],{'sessionToken':j,'data':k,'secretTransportedHeader':V,'disableCookies':b})];case 0x1:if((Z=w['sent']())['data'][mC(gc_3xj.u)])throw new Error(Z[mC(gc_3xj.h)][mC(gc_3xj.u)]);return[0x2,Z[mC(gc_3xj.M)]];}});});},O['prototype'][mN(gc_3xi.I)]=function(){var mK=mN;if(!(0x0,C[mK(gc_3xL.m)])())return'';this[mK(gc_3xL.R)];var G=process[mK(gc_3xL.x)]['FORCE_PROTOCOL'];return G&&['http',mK(gc_3xL.l)]['includes'](G)?''['concat'](G,'://')[mK(gc_3xL.S)](this[mK(gc_3xL.R)]):mK(gc_3xL.N)===this[mK(gc_3xL.a)]?'https://'[mK(gc_3xL.W)](this[mK(gc_3xL.u)]):mK(gc_3xL.h)[mK(gc_3xL.S)](this[mK(gc_3xL.M)]);},O[mN(gc_3xi.C)][mN(gc_3xi.K)]=function(G,j){var mE=mN;if(this[mE(gc_3xb.m)])return(0x0,K['mockRequest'])(G);var U=j['sessionToken'],H=j[mE(gc_3xb.R)],L=j[mE(gc_3xb.x)];this[mE(gc_3xb.x)]&&(L=S(S({},this['secretTransportedHeader']),L));var b=(0x0,E[mE(gc_3xb.l)])();j['disableCookies']||(document['cookie']='timestamp='[mE(gc_3xb.S)](b,mE(gc_3xb.N)));var k={'Accept':mE(gc_3xb.a),'Cache-Control':mE(gc_3xb.W),'Content-Type':'application/x-www-form-urlencoded; charset=UTF-8','X-Requested-With':mE(gc_3xb.u),'X-NewRelic-Timestamp':b};L&&Object['keys'](L)[mE(gc_3xb.h)]>0x0&&U&&(k[mE(gc_3xb.M)]=(0x0,y[mE(gc_3xb.v)])(JSON[mE(gc_3xb.F)](L),mE(gc_3xb.y)[mE(gc_3xb.I)](U,'ID'))),(0x0,C[mE(gc_3xb.C)])()&&(k['X-Requested-ID']&&(k['immediate_reload']=mE(gc_3xb.K)),k=S(S({},k),this[mE(gc_3xb.E)]));var V=this[mE(gc_3xb.p)](),Z=''[mE(gc_3xb.I)](V,mE(gc_3xb.J))['concat'](G),w={'url':Z,'method':mE(gc_3xb.O),'headers':k,'body':(0x0,v['stringify'])(H)};return(0x0,F['default'])(Z,w);},O[mN(gc_3xi.W)][mN(gc_3xi.E)]=function(G){var gc_3xd={m:0x194,R:0x18a},mp=mN;return G[mp(gc_3xk.m)]('|')['reduce'](function(j,U){var mJ=mp,H,L=U[mJ(gc_3xd.m)]('=');if(0x1===L['length']){var b=L[0x0];return j[mJ(gc_3xd.R)]=b,j;}var k=L[0x0],V=L[0x1];return S(((H={})[k]=V,H),j);},{});},O;}());R[m4(gc_3xV.x)]=J;},0x248a:function(m,R){var gc_3xf={m:0x19c,R:0x1a5},gc_3xZ={m:0x148,R:0x1bf,x:0x18b,l:0x111,S:0x1cd},mO=gc_3m3;Object[mO(gc_3xf.m)](R,mO(gc_3xf.R),{'value':!0x0}),R['ENDPOINT']=void 0x0,function(x){var mG=mO;x[mG(gc_3xZ.m)]='gt',x[mG(gc_3xZ.R)]=mG(gc_3xZ.x),x[mG(gc_3xZ.l)]='ca/',x['GET_ENCRYPTION_KEY']='ekey/',x[mG(gc_3xZ.S)]='a/';}(R['ENDPOINT']||(R['ENDPOINT']={}));},0x2f2:function(m,R,x){var gc_3l1={m:0x176,R:0x1a5,x:0x17c,l:0x156},gc_3xn={m:0x192,R:0x146},mj=gc_3m3,l=this&&this[mj(gc_3l1.m)]||function(F,y,I,C){var gc_3xB={m:0x1c3,R:0x167};return new(I||(I=Promise))(function(K,E){var gc_3xP={m:0x1a7},gc_3xw={m:0x1b7},gc_3xo={m:0x167},mb=gc_3l;function p(G){var mU=gc_3l;try{O(C[mU(gc_3xo.m)](G));}catch(j){E(j);}}function J(G){var mH=gc_3l;try{O(C[mH(gc_3xw.m)](G));}catch(j){E(j);}}function O(G){var mL=gc_3l,j;G['done']?K(G['value']):(j=G['value'],j instanceof I?j:new I(function(U){U(j);}))[mL(gc_3xP.m)](p,J);}O((C=C[mb(gc_3xB.m)](F,y||[]))[mb(gc_3xB.R)]());});},S=this&&this['__generator']||function(F,y){var md=mj,I,C,K,E,p={'label':0x0,'sent':function(){if(0x1&K[0x0])throw K[0x1];return K[0x1];},'trys':[],'ops':[]};return E={'next':J(0x0),'throw':J(0x1),'return':J(0x2)},md(gc_3xn.m)==typeof Symbol&&(E[Symbol[md(gc_3xn.R)]]=function(){return this;}),E;function J(O){return function(G){var gc_3xD={m:0x198,R:0x198,x:0x1a4,l:0xef,S:0x11a,N:0x19a,a:0x19a,W:0x16e,u:0x191,h:0x145,M:0x191,v:0x145,F:0x17e,y:0x19a,I:0x15e,C:0x16e,K:0x191,E:0x145};return function(j){var mk=gc_3l;if(I)throw new TypeError('Generator is already executing.');for(;E&&(E=0x0,j[0x0]&&(p=0x0)),p;)try{if(I=0x1,C&&(K=0x2&j[0x0]?C[mk(gc_3xD.m)]:j[0x0]?C['throw']||((K=C[mk(gc_3xD.R)])&&K['call'](C),0x0):C['next'])&&!(K=K[mk(gc_3xD.x)](C,j[0x1]))[mk(gc_3xD.l)])return K;switch(C=0x0,K&&(j=[0x2&j[0x0],K[mk(gc_3xD.S)]]),j[0x0]){case 0x0:case 0x1:K=j;break;case 0x4:return p[mk(gc_3xD.N)]++,{'value':j[0x1],'done':!0x1};case 0x5:p[mk(gc_3xD.a)]++,C=j[0x1],j=[0x0];continue;case 0x7:j=p[mk(gc_3xD.W)][mk(gc_3xD.u)](),p[mk(gc_3xD.h)][mk(gc_3xD.M)]();continue;default:if(!(K=p[mk(gc_3xD.v)],(K=K[mk(gc_3xD.F)]>0x0&&K[K['length']-0x1])||0x6!==j[0x0]&&0x2!==j[0x0])){p=0x0;continue;}if(0x3===j[0x0]&&(!K||j[0x1]>K[0x0]&&j[0x1]<K[0x3])){p[mk(gc_3xD.y)]=j[0x1];break;}if(0x6===j[0x0]&&p[mk(gc_3xD.N)]<K[0x1]){p[mk(gc_3xD.a)]=K[0x1],K=j;break;}if(K&&p[mk(gc_3xD.a)]<K[0x2]){p[mk(gc_3xD.y)]=K[0x2],p[mk(gc_3xD.W)][mk(gc_3xD.I)](j);break;}K[0x2]&&p[mk(gc_3xD.C)][mk(gc_3xD.K)](),p[mk(gc_3xD.E)][mk(gc_3xD.u)]();continue;}j=y[mk(gc_3xD.x)](F,p);}catch(U){j=[0x6,U],C=0x0;}finally{I=K=0x0;}if(0x5&j[0x0])throw j[0x1];return{'value':j[0x0]?j[0x1]:void 0x0,'done':!0x0};}([O,G]);};}};Object['defineProperty'](R,mj(gc_3l1.R),{'value':!0x0}),x(0x20e7);var N=x(0x1f21),W=x(0x17f),h=x(0x8e1),M=new W['Logger']('[\\uD83D\\uDEF8 EC API Error]'),v=(0x0,h[mj(gc_3l1.x)])();R[mj(gc_3l1.l)]=function(F,y){return l(void 0x0,void 0x0,void 0x0,function(){var I,C,K;return S(this,function(E){return I=0x0,K=function(){var gc_3xY={m:0x19a,R:0x15e,x:0xf9,l:0x1de,S:0xfd,N:0x10f,a:0x143,W:0x143,u:0xf9,h:0xf4,M:0x10f,v:0x143,F:0xf4,y:0x10f,I:0x1e4,C:0x162,K:0x1db,E:0xf9};return l(void 0x0,void 0x0,void 0x0,function(){var J,O,G,j,U;return S(this,function(H){var gc_3xg={m:0x1db,R:0x1e0,x:0x151,l:0x1e0,S:0xfd,N:0x11f,a:0x140},mi=gc_3l;switch(H[mi(gc_3xY.m)]){case 0x0:J=function(){return++I<0x3;},H['label']=0x1;case 0x1:return H['trys'][mi(gc_3xY.R)]([0x1,0x7,,0xa]),[0x4,fetch(F,y)];case 0x2:return G=H[mi(gc_3xY.x)](),[0x4,(0x0,N[mi(gc_3xY.l)])(G,y[mi(gc_3xY.S)],y)];case 0x3:return(O=H['sent']())[mi(gc_3xY.N)][mi(gc_3xY.a)]?J()&&'DENIED ACCESS'===O[mi(gc_3xY.N)][mi(gc_3xY.W)]?[0x4,K()]:[0x3,0x5]:[0x3,0x6];case 0x4:return[0x2,H[mi(gc_3xY.u)]()];case 0x5:throw(j=new Error(''[mi(gc_3xY.h)](O[mi(gc_3xY.M)][mi(gc_3xY.v)],' - ')[mi(gc_3xY.F)](O[mi(gc_3xY.y)][mi(gc_3xY.I)])))[mi(gc_3xY.C)]=O,j;case 0x6:return[0x3,0xa];case 0x7:if(U=H[mi(gc_3xY.u)](),!(O=U[mi(gc_3xY.C)]))throw U;return v&&JSON[mi(gc_3xY.K)](O[mi(gc_3xY.N)])!==C&&M['e'](function(L){var mV=mi;return JSON[mV(gc_3xg.m)]({'request':{'url':L[mV(gc_3xg.R)][mV(gc_3xg.x)],'method':L[mV(gc_3xg.l)][mV(gc_3xg.S)],'data':L[mV(gc_3xg.R)]['data']},'response':L['data'],'responseStatus':L[mV(gc_3xg.N)],'responseStatusText':L['statusText'],'responseHeaders':L[mV(gc_3xg.a)]});}(O)),C=JSON[mi(gc_3xY.K)](O['data']),O['status']>=0x1f4&&J()?[0x4,K()]:[0x3,0x9];case 0x8:return[0x2,H[mi(gc_3xY.E)]()];case 0x9:return[0x3,0xa];case 0xa:return[0x2,O];}});});},[0x2,K()];});});};},0x700:function(m,R,x){var gc_3l6={m:0xf2,R:0x14e},gc_3l5={m:0x156,R:0x13c,x:0x101,l:0x1a4},gc_3l3={m:0x1a5,R:0x13b,x:0x19c},mZ=gc_3m3,l=this&&this['__createBinding']||(Object[mZ(gc_3l6.m)]?function(N,a,W,u){var mf=mZ;void 0x0===u&&(u=W);var h=Object['getOwnPropertyDescriptor'](a,W);h&&!('get'in h?!a[mf(gc_3l3.m)]:h['writable']||h[mf(gc_3l3.R)])||(h={'enumerable':!0x0,'get':function(){return a[W];}}),Object[mf(gc_3l3.x)](N,u,h);}:function(N,a,W,u){void 0x0===u&&(u=W),N[u]=a[W];}),S=this&&this[mZ(gc_3l6.R)]||function(N,a){var mo=mZ;for(var W in N)mo(gc_3l5.m)===W||Object[mo(gc_3l5.R)][mo(gc_3l5.x)][mo(gc_3l5.l)](a,W)||l(a,N,W);};Object['defineProperty'](R,'__esModule',{'value':!0x0}),S(x(0x649),R);},0xfa3:function(m,R,x){var gc_3lC={m:0x176,R:0x1d5,x:0x19c,l:0x158},gc_3lu={m:0x192,R:0x146},gc_3lR={m:0x1c3},mw=gc_3m3,l=this&&this[mw(gc_3lC.m)]||function(u,h,M,v){var gc_3l8={m:0x1b7};return new(M||(M=Promise))(function(F,y){var gc_3lm={m:0xef,R:0x11a,x:0x1a7},gc_3l7={m:0x167},mT=gc_3l;function I(E){var mq=gc_3l;try{K(v[mq(gc_3l7.m)](E));}catch(p){y(p);}}function C(E){var mP=gc_3l;try{K(v[mP(gc_3l8.m)](E));}catch(p){y(p);}}function K(E){var mB=gc_3l,p;E[mB(gc_3lm.m)]?F(E[mB(gc_3lm.R)]):(p=E[mB(gc_3lm.R)],p instanceof M?p:new M(function(J){J(p);}))[mB(gc_3lm.x)](I,C);}K((v=v[mT(gc_3lR.m)](u,h||[]))['next']());});},S=this&&this[mw(gc_3lC.R)]||function(u,h){var mA=mw,M,v,F,y,I={'label':0x0,'sent':function(){if(0x1&F[0x0])throw F[0x1];return F[0x1];},'trys':[],'ops':[]};return y={'next':C(0x0),'throw':C(0x1),'return':C(0x2)},mA(gc_3lu.m)==typeof Symbol&&(y[Symbol[mA(gc_3lu.R)]]=function(){return this;}),y;function C(K){return function(E){var gc_3lN={m:0x198,R:0x1b7,x:0x198,l:0x1a4,S:0x167,N:0xef,a:0x11a,W:0x19a,u:0x16e,h:0x191,M:0x145,v:0x17e,F:0x17e,y:0x19a,I:0x19a,C:0x16e,K:0x191,E:0x191,p:0x1a4};return function(p){var ms=gc_3l;if(M)throw new TypeError('Generator is already executing.');for(;y&&(y=0x0,p[0x0]&&(I=0x0)),I;)try{if(M=0x1,v&&(F=0x2&p[0x0]?v[ms(gc_3lN.m)]:p[0x0]?v[ms(gc_3lN.R)]||((F=v[ms(gc_3lN.x)])&&F[ms(gc_3lN.l)](v),0x0):v[ms(gc_3lN.S)])&&!(F=F[ms(gc_3lN.l)](v,p[0x1]))[ms(gc_3lN.N)])return F;switch(v=0x0,F&&(p=[0x2&p[0x0],F[ms(gc_3lN.a)]]),p[0x0]){case 0x0:case 0x1:F=p;break;case 0x4:return I['label']++,{'value':p[0x1],'done':!0x1};case 0x5:I[ms(gc_3lN.W)]++,v=p[0x1],p=[0x0];continue;case 0x7:p=I[ms(gc_3lN.u)][ms(gc_3lN.h)](),I['trys']['pop']();continue;default:if(!(F=I[ms(gc_3lN.M)],(F=F[ms(gc_3lN.v)]>0x0&&F[F[ms(gc_3lN.F)]-0x1])||0x6!==p[0x0]&&0x2!==p[0x0])){I=0x0;continue;}if(0x3===p[0x0]&&(!F||p[0x1]>F[0x0]&&p[0x1]<F[0x3])){I[ms(gc_3lN.W)]=p[0x1];break;}if(0x6===p[0x0]&&I[ms(gc_3lN.y)]<F[0x1]){I[ms(gc_3lN.I)]=F[0x1],F=p;break;}if(F&&I[ms(gc_3lN.y)]<F[0x2]){I[ms(gc_3lN.I)]=F[0x2],I[ms(gc_3lN.C)]['push'](p);break;}F[0x2]&&I['ops'][ms(gc_3lN.K)](),I[ms(gc_3lN.M)][ms(gc_3lN.E)]();continue;}p=h[ms(gc_3lN.p)](u,I);}catch(J){p=[0x6,J],v=0x0;}finally{M=F=0x0;}if(0x5&p[0x0])throw p[0x1];return{'value':p[0x0]?p[0x1]:void 0x0,'done':!0x0};}([K,E]);};}};Object[mw(gc_3lC.x)](R,'__esModule',{'value':!0x0}),R[mw(gc_3lC.l)]=void 0x0;var N=x(0x248a),W=x(0x105c);R[mw(gc_3lC.l)]=function(u){return l(void 0x0,void 0x0,void 0x0,function(){var gc_3lF={m:0x17a,R:0x1cb,x:0x147,l:0xf4,S:0x1cc,N:0x141,a:0x141},gc_3lv={m:0x1b3,R:0x154},h,M,v,F,y,I,C;return S(this,function(K){var gc_3lh={m:0x12f,R:0x148,x:0x1ae,l:0x1cc,S:0x183,N:0x1a2,a:0x161},mD=gc_3l;return h=mD(gc_3lF.m),'animalsound','en',v=''['concat'](M=mD(gc_3lF.R),mD(gc_3lF.x))[mD(gc_3lF.l)](h,'|metabgclr=%23ffffff|guitextcolor=%23000000|metaiconclr=%23757575|meta=3|lang=en|pk=880B2DF4-49A5-48BA-BEDB-62FA6A739D2B|at=40|ag=101|cdn_url=abc|lurl=abc|surl=abc'),mD(gc_3lF.S),F='localhost:8082/challengeUrl',y=[mD(gc_3lF.N),mD(gc_3lF.a)],I={'audio_game.title':'Audio Challenge'},C=function(){var mr=mD;switch(u){case''['concat'](N[mr(gc_3lh.m)][mr(gc_3lh.R)],mr(gc_3lh.x)):return{'challenge_url':F,'challenge_url_cdn':null,'noscript':'','token':v,'mbio':!0x0,'tbio':!0x0,'kbio':!0x0};case N['ENDPOINT']['GET_GAME']:return{'audio_challenge_urls':y,'audio_game_rate_limited':!0x1,'challengeID':mr(gc_3lh.l),'font_size_adjustments':0x2,'game_data':{'game_variant':mr(gc_3lh.S),'input_format':W[mr(gc_3lh.N)][mr(gc_3lh.a)],'gameType':W['GameType']['AudioGame'],'customGUI':{'audio_download_disabled':0x1,'encrypted_mode':0x0}},'game_sid':h,'sid':h,'lang':'en','sec':0xa,'session_token':M,'string_table':I,'string_table_prefixes':[],'style_theme':null,'challengeURL':F,'earlyVictoryMessage':!0x1};default:return{};}},[0x2,new Promise(function(E){var mQ=mD,p=Math[mQ(gc_3lv.m)](0x1f4*Math[mQ(gc_3lv.R)]()+0x1f4);setTimeout(function(){E({'data':C()});},p);})];});});};},0x3a2:function(m,R,x){var gc_3lU={m:0x196,R:0x19c,x:0x1a5,l:0x17f,S:0x100,N:0x190,a:0x12a,W:0x12a,u:0x190,h:0x17f},gc_3lj={m:0x190},gc_3lG={m:0x12a},gc_3lO={m:0x185,R:0x1db,x:0x190,l:0x152,S:0x156,N:0x159,a:0x123,W:0xf1},gc_3lJ={m:0x156,R:0x12a,x:0x152},gc_3lp={m:0x188,R:0x1c4,x:0xf2,l:0x188,S:0x156,N:0x188,a:0x119},gc_3lE={m:0x14a,R:0x156,x:0x152,l:0x119,S:0x152,N:0x1db},gc_3lK={m:0x1a5},mn=gc_3m3,l=this&&this[mn(gc_3lU.m)]||function(M){var me=mn;return M&&M[me(gc_3lK.m)]?M:{'default':M};};Object[mn(gc_3lU.R)](R,mn(gc_3lU.x),{'value':!0x0}),R[mn(gc_3lU.l)]=R[mn(gc_3lU.S)]=R[mn(gc_3lU.N)]=R[mn(gc_3lU.a)]=void 0x0;var S=x(0x1fb0),N=l(x(0x22b5)),W=l(x(0x2510)),u=l(x(0x1a45)),h={'stringify':function(M){var mg=mn,v={'ct':M[mg(gc_3lE.m)]['toString'](N[mg(gc_3lE.R)])};return M['iv']&&(v['iv']=M['iv'][mg(gc_3lE.x)]()),M[mg(gc_3lE.l)]&&(v['s']=M['salt'][mg(gc_3lE.S)]()),JSON[mg(gc_3lE.N)](v);},'parse':function(M){var mY=mn,v=JSON[mY(gc_3lp.m)](M),F=S[mY(gc_3lp.R)]['CipherParams'][mY(gc_3lp.x)]({'ciphertext':N['default'][mY(gc_3lp.l)](v['ct'])});return v['iv']&&(F['iv']=W[mY(gc_3lp.S)][mY(gc_3lp.N)](v['iv'])),v['s']&&(F[mY(gc_3lp.a)]=W[mY(gc_3lp.S)][mY(gc_3lp.m)](v['s'])),F;}};R[mn(gc_3lU.W)]=function(M,v){var mz=mn;return u[mz(gc_3lJ.m)][mz(gc_3lJ.R)](M[mz(gc_3lJ.x)](),v,{'format':h})[mz(gc_3lJ.x)]();},R[mn(gc_3lU.u)]=function(M,v){var mt=mn,F=M;M&&mt(gc_3lO.m)==typeof M&&(F=JSON[mt(gc_3lO.R)](F));var y=u['default'][mt(gc_3lO.x)](F,v,{'format':h})[mt(gc_3lO.l)](N[mt(gc_3lO.S)]);return'undefined'!=typeof window?window[mt(gc_3lO.N)](y):Buffer[mt(gc_3lO.a)](y,mt(gc_3lO.W))['toString']();},R['encryptECData']=function(M,v){var mX=mn;return(0x0,R[mX(gc_3lG.m)])(M,v);},R[mn(gc_3lU.h)]=function(M,v){var mc=mn;return(0x0,R[mc(gc_3lj.m)])(M,v);};},0xb4b:function(m,R,x){var gc_3lk={m:0x1ad,R:0xf2,x:0x1a5},gc_3ld={m:0x156,R:0x101,x:0x1a4},gc_3lL={m:0x189,R:0x108,x:0x1a5,l:0x12e,S:0x13b,N:0x19c},R0=gc_3m3,l=this&&this[R0(gc_3lk.m)]||(Object[R0(gc_3lk.R)]?function(N,a,W,u){var R1=R0;void 0x0===u&&(u=W);var h=Object[R1(gc_3lL.m)](a,W);h&&!(R1(gc_3lL.R)in h?!a[R1(gc_3lL.x)]:h[R1(gc_3lL.l)]||h[R1(gc_3lL.S)])||(h={'enumerable':!0x0,'get':function(){return a[W];}}),Object[R1(gc_3lL.N)](N,u,h);}:function(N,a,W,u){void 0x0===u&&(u=W),N[u]=a[W];}),S=this&&this['__exportStar']||function(N,a){var R2=R0;for(var W in N)R2(gc_3ld.m)===W||Object['prototype'][R2(gc_3ld.R)][R2(gc_3ld.x)](a,W)||l(a,N,W);};Object['defineProperty'](R,R0(gc_3lk.x),{'value':!0x0}),S(x(0x3a2),R);},0x105c:function(m,R){var gc_3lq={m:0x19c,R:0x1a5,x:0x173,l:0x186,S:0x124,N:0x1b0,a:0x128,W:0x128,u:0x128,h:0x1b0,M:0x124,v:0x1a2,F:0x173},gc_3lw={m:0x107,R:0x17d,x:0x199,l:0xff,S:0x1b1},gc_3lo={m:0x161,R:0x1c8},gc_3lf={m:0x1d2,R:0x11b,x:0x116,l:0x1ab,S:0x13d,N:0x133,a:0x155},gc_3lZ={m:0x1a6,R:0x10d,x:0x10d,l:0x16c,S:0x16c,N:0x160,a:0x1e3,W:0x1e3},gc_3lV={m:0x1c2,R:0x15b},gc_3li={m:0x15b,R:0x15f},R3=gc_3m3;Object[R3(gc_3lq.m)](R,R3(gc_3lq.R),{'value':!0x0}),R[R3(gc_3lq.x)]=R['InputFormat']=R[R3(gc_3lq.l)]=R[R3(gc_3lq.S)]=R[R3(gc_3lq.N)]=R[R3(gc_3lq.a)]=void 0x0,function(x){var R4=R3;x['Answered']='correct',x[R4(gc_3li.m)]=R4(gc_3li.R);}(R[R3(gc_3lq.W)]||(R[R3(gc_3lq.u)]={})),function(x){var R5=R3;x[R5(gc_3lV.m)]='answered',x[R5(gc_3lV.R)]='not answered';}(R[R3(gc_3lq.h)]||(R[R3(gc_3lq.N)]={})),function(x){var R6=R3;x[x[R6(gc_3lZ.m)]=0x65]='Type101',x[x[R6(gc_3lZ.R)]=0x65]=R6(gc_3lZ.x),x[x[R6(gc_3lZ.l)]=0x2]=R6(gc_3lZ.S),x[x['TileGame']=0x3]=R6(gc_3lZ.N),x[x[R6(gc_3lZ.a)]=0x4]=R6(gc_3lZ.W);}(R[R3(gc_3lq.M)]||(R[R3(gc_3lq.M)]={})),function(x){var R7=R3;x['Verify']='VERIFY',x[R7(gc_3lf.m)]=R7(gc_3lf.R),x['Checking']='CHECKING',x[R7(gc_3lf.x)]=R7(gc_3lf.l),x['Victory']='VICTORY',x['Error']=R7(gc_3lf.S),x[R7(gc_3lf.N)]=R7(gc_3lf.a);}(R['PageType']||(R['PageType']={})),function(x){var R8=R3;x[R8(gc_3lo.m)]=R8(gc_3lo.R);}(R[R3(gc_3lq.v)]||(R['InputFormat']={})),function(x){var R9=R3;x[R9(gc_3lw.m)]=R9(gc_3lw.R),x[R9(gc_3lw.x)]=R9(gc_3lw.l),x[R9(gc_3lw.S)]='canvas';}(R[R3(gc_3lq.F)]||(R[R3(gc_3lq.x)]={}));},0x824:function(m,R,x){var gc_3S4={m:0x1ad,R:0xf2,x:0x177,l:0x19c,S:0x1a5,N:0x180,a:0x18c,W:0x104,u:0x156,h:0x16d,M:0x195,v:0x180,F:0x170,y:0x1ba,I:0x184,C:0x132,K:0x18e,E:0x1d6,p:0x17b,J:0x169,O:0xf0,G:0x115,j:0xf8,U:0x11c,H:0x14d,L:0x14f,b:0x13a,d:0x138,k:0x105,i:0x11e,V:0x13f,Z:0x1e2,f:0x16b,o:0x11d,w:0x182,q:0x168,P:0x1bd,B:0x16f,T:0xfa,A:0x12d,s:0x1b2,D:0x1dc,r:0x18f,Q:0x163,n:0x1c6,e:0x1a3,g:0x19f,Y:0x144,z:0xf3},gc_3S3={m:0x17e},gc_3S1={m:0x17e,R:0x174},gc_3lt={m:0x1c1},gc_3lz={m:0x1dd,R:0x1b9},gc_3lg={m:0xfb},gc_3le={m:0x10b,R:0x1d3,x:0xf6,l:0x153},gc_3lQ={m:0x1a5,R:0x156,x:0x101,l:0x1a4},gc_3lD={m:0x19c,R:0x156},gc_3lA={m:0x189,R:0x108,x:0x1a5,l:0x12e,S:0x13b,N:0x19c},gc_3lB={m:0x1bc,R:0x1c3},Rx=gc_3m3,S=this&&this['__assign']||function(){var gc_3lP={m:0x13c,R:0x101,x:0x1a4},Rm=gc_3l;return S=Object[Rm(gc_3lB.m)]||function(I){var RR=Rm;for(var C,K=0x1,E=arguments['length'];K<E;K++)for(var p in C=arguments[K])Object[RR(gc_3lP.m)][RR(gc_3lP.R)][RR(gc_3lP.x)](C,p)&&(I[p]=C[p]);return I;},S[Rm(gc_3lB.R)](this,arguments);},N=this&&this[Rx(gc_3S4.m)]||(Object[Rx(gc_3S4.R)]?function(I,C,K,E){var Rl=Rx;void 0x0===E&&(E=K);var p=Object[Rl(gc_3lA.m)](C,K);p&&!(Rl(gc_3lA.R)in p?!C[Rl(gc_3lA.x)]:p[Rl(gc_3lA.l)]||p[Rl(gc_3lA.S)])||(p={'enumerable':!0x0,'get':function(){return C[K];}}),Object[Rl(gc_3lA.N)](I,E,p);}:function(I,C,K,E){void 0x0===E&&(E=K),I[E]=C[K];}),W=this&&this['__setModuleDefault']||(Object[Rx(gc_3S4.R)]?function(I,C){var RS=Rx;Object[RS(gc_3lD.m)](I,RS(gc_3lD.R),{'enumerable':!0x0,'value':C});}:function(I,C){I['default']=C;}),h=this&&this[Rx(gc_3S4.x)]||function(I){var RN=Rx;if(I&&I[RN(gc_3lQ.m)])return I;var C={};if(null!=I){for(var K in I)RN(gc_3lQ.R)!==K&&Object['prototype'][RN(gc_3lQ.x)][RN(gc_3lQ.l)](I,K)&&N(C,I,K);}return W(C,I),C;};Object[Rx(gc_3S4.l)](R,Rx(gc_3S4.S),{'value':!0x0}),R['RTL_LANGUAGES']=R[Rx(gc_3S4.N)]=R[Rx(gc_3S4.a)]=R['useI18N']=R[Rx(gc_3S4.W)]=void 0x0;var M=h(x(0x2ba)),v=M[Rx(gc_3S4.u)][Rx(gc_3S4.h)]({});R[Rx(gc_3S4.W)]=function(I){var Ra=Rx,C=I[Ra(gc_3le.m)],K=I[Ra(gc_3le.R)],E=void 0x0===K?{}:K,p=I['prefixes'],J=I[Ra(gc_3le.x)],O=(0x0,M[Ra(gc_3le.l)])(function(){return y(E,p,J);},[E,p,J]);return M['default']['createElement'](v['Provider'],{'value':O},C);},R[Rx(gc_3S4.M)]=function(){var RW=Rx;return(0x0,M[RW(gc_3lg.m)])(v);},R[Rx(gc_3S4.a)]=function(){var Ru=Rx,I=(0x0,M['useContext'])(v);return(0x0,M[Ru(gc_3lt.m)])(function(C,K){var gc_3lY={m:0xf4,R:0x1b9},Rh=Ru,E=I[C];return void 0x0===E||Rh(gc_3lz.m)!=typeof E?C:(K&&(E=E[Rh(gc_3lz.R)](/{{.*?}}/g,function(p){var RM=Rh;return''[RM(gc_3lY.m)](K[p[RM(gc_3lY.R)](/[{}\\s]/g,'')]);})),E);},[I]);};var F=function(I,C){var gc_3S0={m:0x187,R:0x130,x:0x174},gc_3lc={m:0x194},Rv=Rx;return C&&0x0!==C[Rv(gc_3S1.m)]?C[Rv(gc_3S1.R)](function(K,E){var gc_3lX={m:0x150},RF=Rv,p=Object[RF(gc_3S0.m)](K)[RF(gc_3S0.R)](function(J){var Ry=RF;return J[Ry(gc_3lX.m)](''['concat'](E,'-'));})[RF(gc_3S0.x)](function(J,O){var RI=RF;return J[O[RI(gc_3lc.m)]('-')[0x1]]=K[O],J;},{});return S(S({},K),p);},I):I;};R[Rx(gc_3S4.v)]=F;var y=function(I,C,K){var RC=Rx,E=I;return E=F(I,C),(null==K?void 0x0:K[RC(gc_3S3.m)])?E=K['reduce'](function(p,J){return J(p);},E):E;};R[Rx(gc_3S4.F)]=['ar','shu','sqr',Rx(gc_3S4.y),Rx(gc_3S4.I),Rx(gc_3S4.C),Rx(gc_3S4.K),'aao','abh',Rx(gc_3S4.E),Rx(gc_3S4.p),'acq',Rx(gc_3S4.J),Rx(gc_3S4.O),Rx(gc_3S4.G),'adf','ads',Rx(gc_3S4.j),Rx(gc_3S4.U),Rx(gc_3S4.H),Rx(gc_3S4.L),'apc','apd',Rx(gc_3S4.b),Rx(gc_3S4.d),'ars',Rx(gc_3S4.k),Rx(gc_3S4.i),Rx(gc_3S4.V),Rx(gc_3S4.Z),Rx(gc_3S4.f),Rx(gc_3S4.o),Rx(gc_3S4.w),Rx(gc_3S4.q),Rx(gc_3S4.P),Rx(gc_3S4.B),'he','iw','ps',Rx(gc_3S4.T),'pbu',Rx(gc_3S4.A),'prp',Rx(gc_3S4.s),'ur',Rx(gc_3S4.D),'yds',Rx(gc_3S4.r),'ji','yi',Rx(gc_3S4.Q),Rx(gc_3S4.n),Rx(gc_3S4.e),'fa',Rx(gc_3S4.g),'peo',Rx(gc_3S4.Y),Rx(gc_3S4.z),'dv','sam'];},0x26d3:function(m,R,x){var gc_3S9={m:0x1ad,R:0x19c},gc_3S8={m:0x156,R:0x13c,x:0x101,l:0x1a4},gc_3S6={m:0x189,R:0x108,x:0x1a5,l:0x12e,S:0x13b},RK=gc_3m3,l=this&&this[RK(gc_3S9.m)]||(Object['create']?function(N,a,W,u){var RE=RK;void 0x0===u&&(u=W);var h=Object[RE(gc_3S6.m)](a,W);h&&!(RE(gc_3S6.R)in h?!a[RE(gc_3S6.x)]:h[RE(gc_3S6.l)]||h[RE(gc_3S6.S)])||(h={'enumerable':!0x0,'get':function(){return a[W];}}),Object['defineProperty'](N,u,h);}:function(N,a,W,u){void 0x0===u&&(u=W),N[u]=a[W];}),S=this&&this['__exportStar']||function(N,a){var Rp=RK;for(var W in N)Rp(gc_3S8.m)===W||Object[Rp(gc_3S8.R)][Rp(gc_3S8.x)][Rp(gc_3S8.l)](a,W)||l(a,N,W);};Object[RK(gc_3S9.R)](R,'__esModule',{'value':!0x0}),S(x(0x824),R);},0x11a4:function(m,R,x){var gc_3SS={m:0x1ad,R:0xf2,x:0x14e,l:0x19c},gc_3Sl={m:0x156,R:0x101,x:0x1a4},gc_3SR={m:0x1a5,R:0x12e,x:0x19c},RJ=gc_3m3,l=this&&this[RJ(gc_3SS.m)]||(Object[RJ(gc_3SS.R)]?function(N,a,W,u){var RO=RJ;void 0x0===u&&(u=W);var h=Object['getOwnPropertyDescriptor'](a,W);h&&!('get'in h?!a[RO(gc_3SR.m)]:h[RO(gc_3SR.R)]||h['configurable'])||(h={'enumerable':!0x0,'get':function(){return a[W];}}),Object[RO(gc_3SR.x)](N,u,h);}:function(N,a,W,u){void 0x0===u&&(u=W),N[u]=a[W];}),S=this&&this[RJ(gc_3SS.x)]||function(N,a){var RG=RJ;for(var W in N)RG(gc_3Sl.m)===W||Object['prototype'][RG(gc_3Sl.R)][RG(gc_3Sl.x)](a,W)||l(a,N,W);};Object[RJ(gc_3SS.l)](R,'__esModule',{'value':!0x0}),S(x(0x700),R),S(x(0x105c),R);},0x8e1:function(m,R){var gc_3Sa={m:0x1a5,R:0x17c,x:0x17c},gc_3SN={m:0x142},Rj=gc_3m3;Object['defineProperty'](R,Rj(gc_3Sa.m),{'value':!0x0}),R[Rj(gc_3Sa.R)]=void 0x0,R[Rj(gc_3Sa.x)]=function(){var RU=Rj;return RU(gc_3SN.m)==typeof window;};},0x1f21:function(m,R){var gc_3SL={m:0x176,R:0x1d5,x:0x19c,l:0x1a5,S:0x1de},gc_3SJ={m:0x17e,R:0x13c,x:0x12c,l:0x1a4,S:0xf4},gc_3Sp={m:0x192,R:0x146},gc_3Sv={m:0x1c3,R:0x167},RH=gc_3m3,x=this&&this[RH(gc_3SL.m)]||function(N,a,W,u){var gc_3SM={m:0xef,R:0x11a,x:0x1a7},gc_3Su={m:0x1b7};return new(W||(W=Promise))(function(h,M){var Rd=gc_3l;function v(I){try{y(u['next'](I));}catch(C){M(C);}}function F(I){var RL=gc_3l;try{y(u[RL(gc_3Su.m)](I));}catch(C){M(C);}}function y(I){var Rb=gc_3l,C;I[Rb(gc_3SM.m)]?h(I['value']):(C=I[Rb(gc_3SM.R)],C instanceof W?C:new W(function(K){K(C);}))[Rb(gc_3SM.x)](v,F);}y((u=u[Rd(gc_3Sv.m)](N,a||[]))[Rd(gc_3Sv.R)]());});},l=this&&this[RH(gc_3SL.R)]||function(N,W){var Rk=RH,u,h,M,v,F={'label':0x0,'sent':function(){if(0x1&M[0x0])throw M[0x1];return M[0x1];},'trys':[],'ops':[]};return v={'next':y(0x0),'throw':y(0x1),'return':y(0x2)},Rk(gc_3Sp.m)==typeof Symbol&&(v[Symbol[Rk(gc_3Sp.R)]]=function(){return this;}),v;function y(I){var gc_3SC={m:0x1b7,R:0x198,x:0x11a,l:0x19a,S:0x145,N:0x191,a:0x17e,W:0x19a,u:0x19a,h:0x19a,M:0x15e,v:0x16e,F:0x1a4};return function(C){return function(K){var Ri=gc_3l;if(u)throw new TypeError('Generator is already executing.');for(;v&&(v=0x0,K[0x0]&&(F=0x0)),F;)try{if(u=0x1,h&&(M=0x2&K[0x0]?h['return']:K[0x0]?h[Ri(gc_3SC.m)]||((M=h[Ri(gc_3SC.R)])&&M['call'](h),0x0):h['next'])&&!(M=M['call'](h,K[0x1]))['done'])return M;switch(h=0x0,M&&(K=[0x2&K[0x0],M[Ri(gc_3SC.x)]]),K[0x0]){case 0x0:case 0x1:M=K;break;case 0x4:return F[Ri(gc_3SC.l)]++,{'value':K[0x1],'done':!0x1};case 0x5:F['label']++,h=K[0x1],K=[0x0];continue;case 0x7:K=F['ops']['pop'](),F[Ri(gc_3SC.S)][Ri(gc_3SC.N)]();continue;default:if(!(M=F[Ri(gc_3SC.S)],(M=M[Ri(gc_3SC.a)]>0x0&&M[M[Ri(gc_3SC.a)]-0x1])||0x6!==K[0x0]&&0x2!==K[0x0])){F=0x0;continue;}if(0x3===K[0x0]&&(!M||K[0x1]>M[0x0]&&K[0x1]<M[0x3])){F['label']=K[0x1];break;}if(0x6===K[0x0]&&F[Ri(gc_3SC.W)]<M[0x1]){F[Ri(gc_3SC.u)]=M[0x1],M=K;break;}if(M&&F[Ri(gc_3SC.h)]<M[0x2]){F[Ri(gc_3SC.l)]=M[0x2],F['ops'][Ri(gc_3SC.M)](K);break;}M[0x2]&&F[Ri(gc_3SC.v)]['pop'](),F[Ri(gc_3SC.S)][Ri(gc_3SC.N)]();continue;}K=W[Ri(gc_3SC.F)](N,F);}catch(E){K=[0x6,E],h=0x0;}finally{u=M=0x0;}if(0x5&K[0x0])throw K[0x1];return{'value':K[0x0]?K[0x1]:void 0x0,'done':!0x0};}([I,C]);};}},S=this&&this['__spreadArray']||function(N,a,W){var RV=RH;if(W||0x2===arguments[RV(gc_3SJ.m)]){for(var u,h=0x0,M=a['length'];h<M;h++)!u&&h in a||(u||(u=Array[RV(gc_3SJ.R)][RV(gc_3SJ.x)][RV(gc_3SJ.l)](a,0x0,h)),u[h]=a[h]);}return N[RV(gc_3SJ.S)](u||Array[RV(gc_3SJ.R)][RV(gc_3SJ.x)]['call'](a));};Object[RH(gc_3SL.x)](R,RH(gc_3SL.l),{'value':!0x0}),R['convertFetchResponseToAxios']=void 0x0,R[RH(gc_3SL.S)]=function(N,a,W){return x(void 0x0,void 0x0,void 0x0,function(){var gc_3Sj={m:0x19a,R:0x140,x:0x121,l:0x101,S:0x1af,N:0x1af,a:0x174,W:0xf9,u:0x10f,h:0x12b},u,h;return l(this,function(M){var gc_3SO={m:0x15e},RZ=gc_3l;switch(M[RZ(gc_3Sj.m)]){case 0x0:return u=[],N['headers']&&(N[RZ(gc_3Sj.R)][RZ(gc_3Sj.x)]?N[RZ(gc_3Sj.R)][RZ(gc_3Sj.x)](function(v,F){var Rf=RZ;u[Rf(gc_3SO.m)]([F,v]);}):N['headers'][RZ(gc_3Sj.l)](RZ(gc_3Sj.S))&&(u=N[RZ(gc_3Sj.R)][RZ(gc_3Sj.N)]())),h=S([],u,!0x0)[RZ(gc_3Sj.a)](function(v,F){var y=F[0x0],I=F[0x1];return v[y]=I,v;},{}),[0x4,N['json']()];case 0x1:return[0x2,{'data':M[RZ(gc_3Sj.W)](),'status':N['status'],'headers':h,'config':{'url':N['url'],'method':a,'data':W[RZ(gc_3Sj.u)]},'request':W,'statusText':N[RZ(gc_3Sj.h)]}];}});});};},0x17f:function(m,R){var gc_3So={m:0xf7,R:0x1a5,x:0x172},gc_3Sf={m:0x13c,R:0x13c},gc_3Sb={m:0x17e,R:0x17e,x:0x13c,l:0x12c,S:0xf4,N:0x1a4},Ro=gc_3m3,x=this&&this[Ro(gc_3So.m)]||function(S,N,a){var Rw=Ro;if(a||0x2===arguments[Rw(gc_3Sb.m)]){for(var W,u=0x0,h=N[Rw(gc_3Sb.R)];u<h;u++)!W&&u in N||(W||(W=Array[Rw(gc_3Sb.x)][Rw(gc_3Sb.l)]['call'](N,0x0,u)),W[u]=N[u]);}return S[Rw(gc_3Sb.S)](W||Array['prototype']['slice'][Rw(gc_3Sb.N)](N));};Object['defineProperty'](R,Ro(gc_3So.R),{'value':!0x0}),R[Ro(gc_3So.x)]=void 0x0;var l=(function(){var gc_3SZ={m:0x17e,R:0x143,x:0x1c3,l:0x135},gc_3SV={m:0x17e,R:0x1df,x:0x1c3,l:0x135},gc_3Si={m:0x17e,R:0x122,x:0x135},gc_3Sk={m:0x17e,R:0x1da,x:0x1c3,l:0x135},gc_3Sd={m:0x135},RP=Ro;function S(N){var Rq=gc_3l;this[Rq(gc_3Sd.m)]=N;}return S[RP(gc_3Sf.m)]['d']=function(){var RB=RP;for(var N=[],a=0x0;a<arguments[RB(gc_3Sk.m)];a++)N[a]=arguments[a];console[RB(gc_3Sk.R)][RB(gc_3Sk.x)](console,x([this[RB(gc_3Sk.l)]],N,!0x1));},S[RP(gc_3Sf.m)]['i']=function(){var RT=RP;for(var N=[],a=0x0;a<arguments[RT(gc_3Si.m)];a++)N[a]=arguments[a];console[RT(gc_3Si.R)]['apply'](console,x([this[RT(gc_3Si.x)]],N,!0x1));},S[RP(gc_3Sf.m)]['w']=function(){var RA=RP;for(var N=[],a=0x0;a<arguments[RA(gc_3SV.m)];a++)N[a]=arguments[a];console[RA(gc_3SV.R)][RA(gc_3SV.x)](console,x([this[RA(gc_3SV.l)]],N,!0x1));},S[RP(gc_3Sf.R)]['e']=function(){var Rs=RP;for(var N=[],a=0x0;a<arguments[Rs(gc_3SZ.m)];a++)N[a]=arguments[a];console[Rs(gc_3SZ.R)][Rs(gc_3SZ.x)](console,x([this[Rs(gc_3SZ.l)]],N,!0x1));},S;}());R[Ro(gc_3So.x)]=l;},0x417:function(m,R){var gc_3Sq={m:0x1a5,R:0x193,x:0x193},gc_3Sw={m:0x175,R:0x152,x:0x10a},RD=gc_3m3;Object['defineProperty'](R,RD(gc_3Sq.m),{'value':!0x0}),R[RD(gc_3Sq.R)]=void 0x0,R[RD(gc_3Sq.x)]=function(){var Rr=RD,x=Date[Rr(gc_3Sw.m)]()[Rr(gc_3Sw.R)](0xa)[Rr(gc_3Sw.x)](0x0,0x7),l=Date[Rr(gc_3Sw.m)]()[Rr(gc_3Sw.R)](0xa)[Rr(gc_3Sw.x)](0x7,0xd);return''['concat'](x,'00')['concat'](l);};}}]);"
  }
}