{
  "metadata": {
    "timestamps": {
      "start": "2026-02-18T19:58:13.980909",
      "end": "2026-02-18T19:58:14.798728",
      "duration_ms": 817
    },
    "url": {
      "full": "https://apis.roblox.com/rotating-client-service/v1/defer/raven?pathname=%2Fusers%2F10536399388%2Fprofile",
      "protocol": "https",
      "domain": "apis.roblox.com",
      "path": "/rotating-client-service/v1/defer/raven",
      "normalized_path": "/{slug}/v1/{slug}/raven",
      "query": {
        "pathname": [
          "/users/10536399388/profile"
        ]
      }
    },
    "method": "GET",
    "status_code": 200,
    "size": {
      "request_bytes": 0,
      "response_bytes": 0,
      "compressed": false
    },
    "content_type": "",
    "cache_status": ""
  },
  "request": {
    "headers": {
      "sec-ch-ua-platform": "\"Linux\"",
      "user-agent": "Mozilla/5.0 (X11; Linux x86_64) AppleWebKit/537.36 (KHTML, like Gecko) Chrome/144.0.0.0 Safari/537.36",
      "sec-ch-ua": "\"Not(A:Brand\";v=\"8\", \"Chromium\";v=\"144\", \"Google Chrome\";v=\"144\"",
      "content-type": "text/javascript",
      "sec-ch-ua-mobile": "?0",
      "accept": "*/*",
      "origin": "https://www.roblox.com",
      "sec-fetch-site": "same-site",
      "sec-fetch-mode": "cors",
      "sec-fetch-dest": "empty",
      "referer": "https://www.roblox.com/",
      "accept-encoding": "gzip, deflate, br, zstd",
      "accept-language": "en-US,en;q=0.9,fil;q=0.8",
      "priority": "u=1, i"
    },
    "payload": null
  },
  "response": {
    "headers": {
      "date": "Wed, 18 Feb 2026 11:58:15 GMT",
      "server": "public-gateway",
      "content-length": "0",
      "roblox-machine-id": "c1d71644-2851-6487-4fb3-5437391653cd",
      "x-envoy-upstream-service-time": "199",
      "x-terms-message": "Terms apply https://rblx.co/TOU.",
      "strict-transport-security": "max-age=3600",
      "x-ratelimit-limit": "100, 100;w=60",
      "x-ratelimit-remaining": "98",
      "x-ratelimit-reset": "45",
      "access-control-allow-origin": "https://www.roblox.com",
      "access-control-allow-credentials": "true",
      "vary": "Origin",
      "x-ingress-proxy": "true",
      "x-roblox-edge": "c118",
      "report-to": "{\"group\":\"network-errors\",\"max_age\":604800,\"endpoints\":[{\"url\":\"https://ncs.roblox.com/upload\"}]}",
      "nel": "{\"report_to\":\"network-errors\",\"max_age\":604800,\"success_fraction\":0.001,\"failure_fraction\":1}"
    },
    "body": null
  }
}