{
  "metadata": {
    "timestamps": {
      "start": "2026-02-18T19:57:46.606068",
      "end": "2026-02-18T19:57:47.492519",
      "duration_ms": 886
    },
    "url": {
      "full": "https://apis.roblox.com/rotating-client-service/v1/defer/raven?pathname=%2Fhome",
      "protocol": "https",
      "domain": "apis.roblox.com",
      "path": "/rotating-client-service/v1/defer/raven",
      "normalized_path": "/{slug}/v1/{slug}/raven",
      "query": {
        "pathname": [
          "/home"
        ]
      }
    },
    "method": "GET",
    "status_code": 200,
    "size": {
      "request_bytes": 0,
      "response_bytes": 60707,
      "compressed": false
    },
    "content_type": "text/javascript",
    "cache_status": ""
  },
  "request": {
    "headers": {
      "sec-ch-ua-platform": "\"Linux\"",
      "user-agent": "Mozilla/5.0 (X11; Linux x86_64) AppleWebKit/537.36 (KHTML, like Gecko) Chrome/144.0.0.0 Safari/537.36",
      "sec-ch-ua": "\"Not(A:Brand\";v=\"8\", \"Chromium\";v=\"144\", \"Google Chrome\";v=\"144\"",
      "content-type": "text/javascript",
      "sec-ch-ua-mobile": "?0",
      "accept": "*/*",
      "origin": "https://www.roblox.com",
      "sec-fetch-site": "same-site",
      "sec-fetch-mode": "cors",
      "sec-fetch-dest": "empty",
      "referer": "https://www.roblox.com/",
      "accept-encoding": "gzip, deflate, br, zstd",
      "accept-language": "en-US,en;q=0.9,fil;q=0.8",
      "priority": "u=1, i"
    },
    "payload": null
  },
  "response": {
    "headers": {
      "content-type": "text/javascript",
      "date": "Wed, 18 Feb 2026 11:57:47 GMT",
      "server": "public-gateway",
      "content-length": "60707",
      "roblox-machine-id": "89941e42-9b11-67f1-d318-a2df33af60d1",
      "x-envoy-upstream-service-time": "397",
      "x-terms-message": "Terms apply https://rblx.co/TOU.",
      "strict-transport-security": "max-age=3600",
      "x-ratelimit-limit": "100, 100;w=60",
      "x-ratelimit-remaining": "99",
      "x-ratelimit-reset": "12",
      "access-control-allow-origin": "https://www.roblox.com",
      "access-control-allow-credentials": "true",
      "vary": "Origin",
      "x-ingress-proxy": "true",
      "x-roblox-edge": "c118",
      "report-to": "{\"group\":\"network-errors\",\"max_age\":604800,\"endpoints\":[{\"url\":\"https://ncs.roblox.com/upload\"}]}",
      "nel": "{\"report_to\":\"network-errors\",\"max_age\":604800,\"success_fraction\":0.001,\"failure_fraction\":1}"
    },
    "body": "(()=>{function a0_0x2521(_0x5017a8,_0x3f6cc7){var _0x51728d=a0_0x5172();return a0_0x2521=function(_0x252107,_0x81e1d7){_0x252107=_0x252107-0xea;var _0x31f4ee=_0x51728d[_0x252107];return _0x31f4ee;},a0_0x2521(_0x5017a8,_0x3f6cc7);}(function(_0x1fb03a,_0x2986a5){var _0x55668d=a0_0x2521,_0x452685=_0x1fb03a();while(!![]){try{var _0x285c25=parseInt(_0x55668d(0x1cb))/0x1*(parseInt(_0x55668d(0x167))/0x2)+-parseInt(_0x55668d(0x19e))/0x3*(parseInt(_0x55668d(0x1c6))/0x4)+parseInt(_0x55668d(0x144))/0x5*(parseInt(_0x55668d(0x171))/0x6)+parseInt(_0x55668d(0x168))/0x7+parseInt(_0x55668d(0xf0))/0x8+-parseInt(_0x55668d(0x10f))/0x9+-parseInt(_0x55668d(0x195))/0xa*(parseInt(_0x55668d(0x165))/0xb);if(_0x285c25===_0x2986a5)break;else _0x452685['push'](_0x452685['shift']());}catch(_0x111001){_0x452685['push'](_0x452685['shift']());}}}(a0_0x5172,0xbf271),((()=>{'use strict';var _0x381365=a0_0x2521;var _0x5c33ea={0x18b:(_0x3b67b4,_0x11e361)=>{_0x11e361['jL']=_0x11e361['aY']=_0x11e361['F6']=void 0x0,_0x11e361['F6']=()=>{var _0x3c3073=a0_0x2521,_0x5ec3c6;const _0x256c5f=document['querySelector']('meta[name=\\x22user-data\\x22]');return null!==(_0x5ec3c6=null==_0x256c5f?void 0x0:_0x256c5f[_0x3c3073(0x1b0)]('data-userid'))&&void 0x0!==_0x5ec3c6?_0x5ec3c6:null;},_0x11e361['aY']=()=>{var _0x327b40=a0_0x2521;const _0x3049d1=document['cookie'][_0x327b40(0xfe)](';')[_0x327b40(0x1a8)](_0xb1f2d8=>_0xb1f2d8[_0x327b40(0x150)]()[_0x327b40(0x12e)](_0x327b40(0x122)));if(!_0x3049d1)return null;const _0x184fa6=_0x3049d1[_0x327b40(0xfe)]('=')[_0x327b40(0x130)](0x1)['join']('=')['split']('&')[_0x327b40(0x1a8)](_0x15b3a8=>_0x327b40(0xf1)===_0x15b3a8['split']('=')[0x0]);return _0x184fa6?_0x184fa6['split']('=')[0x1]:null;},_0x11e361['jL']=()=>({'userId':(0x0,_0x11e361['F6'])(),'btid':(0x0,_0x11e361['aY'])()});}},_0x18c3b7={},_0x22cb8d=function(_0x213cd6){return{'_tag':'Left','left':_0x213cd6};},_0x2f3bb8=function(_0x52378d){var _0x53a3d1=a0_0x2521;return{'_tag':_0x53a3d1(0x135),'right':_0x52378d};},_0x275f62={'_tag':_0x381365(0x187)},_0x372224=function(_0x9f4c80){var _0x28bb76=_0x381365;return _0x28bb76(0x13d)===_0x9f4c80[_0x28bb76(0x11a)];};function _0x27b380(_0x45eb82,_0xddfd25,_0x1751e4,_0x330dc2){return new(_0x1751e4||(_0x1751e4=Promise))(function(_0x522e9d,_0x310fd1){var _0x19c3a1=a0_0x2521;function _0x5b5ce9(_0x3c20f7){try{_0x4b7760(_0x330dc2['next'](_0x3c20f7));}catch(_0x500621){_0x310fd1(_0x500621);}}function _0x3e985f(_0x2bc202){var _0x1d5b41=a0_0x2521;try{_0x4b7760(_0x330dc2[_0x1d5b41(0x191)](_0x2bc202));}catch(_0x20d856){_0x310fd1(_0x20d856);}}function _0x4b7760(_0x241b45){var _0xdd61d1=a0_0x2521,_0x5b5c23;_0x241b45[_0xdd61d1(0x1a7)]?_0x522e9d(_0x241b45[_0xdd61d1(0x196)]):(_0x5b5c23=_0x241b45[_0xdd61d1(0x196)],_0x5b5c23 instanceof _0x1751e4?_0x5b5c23:new _0x1751e4(function(_0x54b888){_0x54b888(_0x5b5c23);}))[_0xdd61d1(0xfc)](_0x5b5ce9,_0x3e985f);}_0x4b7760((_0x330dc2=_0x330dc2[_0x19c3a1(0x1cf)](_0x45eb82,_0xddfd25||[]))[_0x19c3a1(0x1b5)]());});}function _0x980b01(_0x227109,_0xed637d){var _0x2c73ef=_0x381365,_0x3648fe,_0x691dac,_0x7c0a41,_0x5d4727={'label':0x0,'sent':function(){if(0x1&_0x7c0a41[0x0])throw _0x7c0a41[0x1];return _0x7c0a41[0x1];},'trys':[],'ops':[]},_0x5e87df=Object['create']((_0x2c73ef(0x10b)==typeof Iterator?Iterator:Object)['prototype']);return _0x5e87df[_0x2c73ef(0x1b5)]=_0x1b2e38(0x0),_0x5e87df['throw']=_0x1b2e38(0x1),_0x5e87df[_0x2c73ef(0x1cc)]=_0x1b2e38(0x2),_0x2c73ef(0x10b)==typeof Symbol&&(_0x5e87df[Symbol[_0x2c73ef(0x185)]]=function(){return this;}),_0x5e87df;function _0x1b2e38(_0x58647f){return function(_0x5854dc){return function(_0x5cc35a){var _0x506b12=a0_0x2521;if(_0x3648fe)throw new TypeError(_0x506b12(0x157));for(;_0x5e87df&&(_0x5e87df=0x0,_0x5cc35a[0x0]&&(_0x5d4727=0x0)),_0x5d4727;)try{if(_0x3648fe=0x1,_0x691dac&&(_0x7c0a41=0x2&_0x5cc35a[0x0]?_0x691dac[_0x506b12(0x1cc)]:_0x5cc35a[0x0]?_0x691dac[_0x506b12(0x191)]||((_0x7c0a41=_0x691dac[_0x506b12(0x1cc)])&&_0x7c0a41['call'](_0x691dac),0x0):_0x691dac[_0x506b12(0x1b5)])&&!(_0x7c0a41=_0x7c0a41[_0x506b12(0x184)](_0x691dac,_0x5cc35a[0x1]))[_0x506b12(0x1a7)])return _0x7c0a41;switch(_0x691dac=0x0,_0x7c0a41&&(_0x5cc35a=[0x2&_0x5cc35a[0x0],_0x7c0a41[_0x506b12(0x196)]]),_0x5cc35a[0x0]){case 0x0:case 0x1:_0x7c0a41=_0x5cc35a;break;case 0x4:return _0x5d4727[_0x506b12(0xf4)]++,{'value':_0x5cc35a[0x1],'done':!0x1};case 0x5:_0x5d4727[_0x506b12(0xf4)]++,_0x691dac=_0x5cc35a[0x1],_0x5cc35a=[0x0];continue;case 0x7:_0x5cc35a=_0x5d4727[_0x506b12(0x15a)][_0x506b12(0x113)](),_0x5d4727['trys'][_0x506b12(0x113)]();continue;default:if(!((_0x7c0a41=(_0x7c0a41=_0x5d4727['trys'])[_0x506b12(0x1b3)]>0x0&&_0x7c0a41[_0x7c0a41[_0x506b12(0x1b3)]-0x1])||0x6!==_0x5cc35a[0x0]&&0x2!==_0x5cc35a[0x0])){_0x5d4727=0x0;continue;}if(0x3===_0x5cc35a[0x0]&&(!_0x7c0a41||_0x5cc35a[0x1]>_0x7c0a41[0x0]&&_0x5cc35a[0x1]<_0x7c0a41[0x3])){_0x5d4727['label']=_0x5cc35a[0x1];break;}if(0x6===_0x5cc35a[0x0]&&_0x5d4727[_0x506b12(0xf4)]<_0x7c0a41[0x1]){_0x5d4727[_0x506b12(0xf4)]=_0x7c0a41[0x1],_0x7c0a41=_0x5cc35a;break;}if(_0x7c0a41&&_0x5d4727['label']<_0x7c0a41[0x2]){_0x5d4727[_0x506b12(0xf4)]=_0x7c0a41[0x2],_0x5d4727[_0x506b12(0x15a)][_0x506b12(0x1b9)](_0x5cc35a);break;}_0x7c0a41[0x2]&&_0x5d4727[_0x506b12(0x15a)]['pop'](),_0x5d4727[_0x506b12(0x143)][_0x506b12(0x113)]();continue;}_0x5cc35a=_0xed637d['call'](_0x227109,_0x5d4727);}catch(_0x3f7d8d){_0x5cc35a=[0x6,_0x3f7d8d],_0x691dac=0x0;}finally{_0x3648fe=_0x7c0a41=0x0;}if(0x5&_0x5cc35a[0x0])throw _0x5cc35a[0x1];return{'value':_0x5cc35a[0x0]?_0x5cc35a[0x1]:void 0x0,'done':!0x0};}([_0x58647f,_0x5854dc]);};}}!(function(){var _0x4b84f4=_0x381365;function _0xd84654(_0x4a3e33,_0x4b0519){var _0x1ab94d=a0_0x2521;if(this[_0x1ab94d(0x1c8)]=0x0,_0x4a3e33<0x1)throw new Error(_0x1ab94d(0x189));this[_0x1ab94d(0x160)]=_0x4a3e33,this[_0x1ab94d(0x126)]=new Array(this['maxEventQueueLength'])[_0x1ab94d(0x103)](_0x275f62),this[_0x1ab94d(0x17a)]=_0x4b0519,this['appendEvent']=this[_0x1ab94d(0x14a)]['bind'](this),this['publish']=this['publish'][_0x1ab94d(0x18e)](this);}_0xd84654['prototype'][_0x4b84f4(0x14a)]=function(_0x54d148){var _0x561a38=_0x4b84f4,_0x2934ab=this[_0x561a38(0x1c8)]%this[_0x561a38(0x160)],_0x59bdd0=this[_0x561a38(0x126)][_0x2934ab];return this[_0x561a38(0x126)][_0x2934ab]=function(_0x2fa7bd){var _0x273506=_0x561a38;return{'_tag':_0x273506(0x13d),'value':_0x2fa7bd};}(_0x54d148),this[_0x561a38(0x1c8)]%=this[_0x561a38(0x160)],this[_0x561a38(0x1c8)]+=0x1,_0x372224(_0x59bdd0);},_0xd84654['prototype'][_0x4b84f4(0x16e)]=function(){var _0x2ec535=_0x4b84f4;this[_0x2ec535(0x17a)]['publish'](this[_0x2ec535(0x126)][_0x2ec535(0x154)](_0x372224));};}()),'function'==typeof SuppressedError&&SuppressedError;var _0x1e9c0d=_0x381365(0x109)!=typeof globalThis?globalThis:_0x381365(0x109)!=typeof window?window:_0x381365(0x109)!=typeof global?global:'undefined'!=typeof self?self:{},_0x2a8393=function(_0x362b37){return _0x362b37&&_0x362b37['Math']===Math&&_0x362b37;},_0x31e1c8=_0x2a8393(_0x381365(0x141)==typeof globalThis&&globalThis)||_0x2a8393('object'==typeof window&&window)||_0x2a8393(_0x381365(0x141)==typeof self&&self)||_0x2a8393(_0x381365(0x141)==typeof _0x1e9c0d&&_0x1e9c0d)||_0x2a8393(_0x381365(0x141)==typeof _0x1e9c0d&&_0x1e9c0d)||(function(){return this;}())||Function(_0x381365(0x1c1))(),_0x4349f4={},_0x4c0853=function(_0x149695){try{return!!_0x149695();}catch(_0x1c3d21){return!0x0;}},_0x25a023=!_0x4c0853(function(){var _0x224306=_0x381365;return 0x7!==Object[_0x224306(0x104)]({},0x1,{'get':function(){return 0x7;}})[0x1];}),_0x209ec1=!_0x4c0853(function(){var _0x3f0031=_0x381365,_0x34f8e9=function(){}[_0x3f0031(0x18e)]();return _0x3f0031(0x10b)!=typeof _0x34f8e9||_0x34f8e9[_0x3f0031(0x125)](_0x3f0031(0x106));}),_0x4b14b4=_0x209ec1,_0x599342=Function[_0x381365(0x106)][_0x381365(0x184)],_0x310bc3=_0x4b14b4?_0x599342[_0x381365(0x18e)](_0x599342):function(){var _0x451ad5=_0x381365;return _0x599342[_0x451ad5(0x1cf)](_0x599342,arguments);},_0x2b4651={},_0x50d34d={}[_0x381365(0x179)],_0x5cce75=Object[_0x381365(0x12c)],_0x5cdc7b=_0x5cce75&&!_0x50d34d['call']({0x1:0x2},0x1);_0x2b4651['f']=_0x5cdc7b?function(_0x5ce4a1){var _0xb7a3f3=_0x381365,_0x4825c0=_0x5cce75(this,_0x5ce4a1);return!!_0x4825c0&&_0x4825c0[_0xb7a3f3(0xeb)];}:_0x50d34d;var _0x54f2d6,_0x50ecf6,_0x1cf563=function(_0x511971,_0x3ffde1){return{'enumerable':!(0x1&_0x511971),'configurable':!(0x2&_0x511971),'writable':!(0x4&_0x511971),'value':_0x3ffde1};},_0x5e1232=_0x209ec1,_0x3f97cb=Function[_0x381365(0x106)],_0x4e6dc1=_0x3f97cb[_0x381365(0x184)],_0xa147c4=_0x5e1232&&_0x3f97cb['bind'][_0x381365(0x18e)](_0x4e6dc1,_0x4e6dc1),_0x4ecab7=_0x5e1232?_0xa147c4:function(_0x48539d){return function(){var _0x5a0ca0=a0_0x2521;return _0x4e6dc1[_0x5a0ca0(0x1cf)](_0x48539d,arguments);};},_0x250f9a=_0x4ecab7,_0xe30016=_0x250f9a({}[_0x381365(0x17f)]),_0x62054b=_0x250f9a(''[_0x381365(0x130)]),_0x188d24=_0x4c0853,_0x54c6d7=Object,_0x5b9286=_0x4ecab7(''[_0x381365(0xfe)]),_0x42507d=_0x188d24(function(){var _0x55add5=_0x381365;return!_0x54c6d7('z')[_0x55add5(0x179)](0x0);})?function(_0x58dc11){var _0x62b17f=_0x381365;return _0x62b17f(0x15e)===function(_0x22d7dc){return _0x62054b(_0xe30016(_0x22d7dc),0x8,-0x1);}(_0x58dc11)?_0x5b9286(_0x58dc11,''):_0x54c6d7(_0x58dc11);}:_0x54c6d7,_0x3f1d03=function(_0xf6d3e9){return null==_0xf6d3e9;},_0x1651de=_0x3f1d03,_0x55bdf1=TypeError,_0x22ba54=function(_0x120043){var _0x372dc7=_0x381365;if(_0x1651de(_0x120043))throw new _0x55bdf1(_0x372dc7(0xf2)+_0x120043);return _0x120043;},_0x4f0fe7=_0x42507d,_0x4137cd=_0x22ba54,_0x290b3b=function(_0x4ca480){return _0x4f0fe7(_0x4137cd(_0x4ca480));},_0x1d500d=_0x381365(0x141)==typeof document&&document[_0x381365(0x10e)],_0x201c6b=void 0x0===_0x1d500d&&void 0x0!==_0x1d500d?function(_0x47dd75){return'function'==typeof _0x47dd75||_0x47dd75===_0x1d500d;}:function(_0x16646e){var _0x1bbd52=_0x381365;return _0x1bbd52(0x10b)==typeof _0x16646e;},_0x44764d=_0x201c6b,_0x225a30=function(_0x4c1e8b){return'object'==typeof _0x4c1e8b?null!==_0x4c1e8b:_0x44764d(_0x4c1e8b);},_0x21cce7=_0x31e1c8,_0x6c5220=_0x201c6b,_0x2adb0b=function(_0x5d3b75,_0x400c19){return arguments['length']<0x2?(_0x46be70=_0x21cce7[_0x5d3b75],_0x6c5220(_0x46be70)?_0x46be70:void 0x0):_0x21cce7[_0x5d3b75]&&_0x21cce7[_0x5d3b75][_0x400c19];var _0x46be70;},_0x5a833a=_0x4ecab7({}[_0x381365(0x146)]),_0x59892b=_0x31e1c8[_0x381365(0x17b)],_0x4d7af1=_0x59892b&&_0x59892b[_0x381365(0x177)],_0x1d0c51=_0x31e1c8,_0x2d018c=_0x4d7af1?String(_0x4d7af1):'',_0x4c5455=_0x1d0c51[_0x381365(0x112)],_0x546169=_0x1d0c51[_0x381365(0x17d)],_0x2bca16=_0x4c5455&&_0x4c5455[_0x381365(0x192)]||_0x546169&&_0x546169[_0x381365(0x1b2)],_0x4ae6dd=_0x2bca16&&_0x2bca16['v8'];_0x4ae6dd&&(_0x50ecf6=(_0x54f2d6=_0x4ae6dd[_0x381365(0xfe)]('.'))[0x0]>0x0&&_0x54f2d6[0x0]<0x4?0x1:+(_0x54f2d6[0x0]+_0x54f2d6[0x1])),!_0x50ecf6&&_0x2d018c&&(!(_0x54f2d6=_0x2d018c[_0x381365(0x1a5)](/Edge\\/(\\d+)/))||_0x54f2d6[0x1]>=0x4a)&&(_0x54f2d6=_0x2d018c[_0x381365(0x1a5)](/Chrome\\/(\\d+)/))&&(_0x50ecf6=+_0x54f2d6[0x1]);var _0x824d7c=_0x50ecf6,_0x30b0a6=_0x4c0853,_0x372f80=_0x31e1c8['String'],_0x3be5e1=!!Object[_0x381365(0x1b1)]&&!_0x30b0a6(function(){var _0x50b3bb=_0x381365,_0x24b054=Symbol('symbol\\x20detection');return!_0x372f80(_0x24b054)||!(Object(_0x24b054)instanceof Symbol)||!Symbol[_0x50b3bb(0x156)]&&_0x824d7c&&_0x824d7c<0x29;}),_0x54dc5d=_0x3be5e1&&!Symbol[_0x381365(0x156)]&&_0x381365(0x169)==typeof Symbol[_0x381365(0x185)],_0x5235a3=_0x2adb0b,_0x474464=_0x201c6b,_0x1a0a1c=_0x5a833a,_0x56caa1=Object,_0x3e1a6d=_0x54dc5d?function(_0x391258){var _0x36e609=_0x381365;return _0x36e609(0x169)==typeof _0x391258;}:function(_0x453ee1){var _0x374219=_0x381365,_0x113492=_0x5235a3(_0x374219(0x1a3));return _0x474464(_0x113492)&&_0x1a0a1c(_0x113492[_0x374219(0x106)],_0x56caa1(_0x453ee1));},_0x661c6e=String,_0x3925b2=_0x201c6b,_0x2e2569=TypeError,_0x1977e4=function(_0x379804){var _0xbf87bf=_0x381365;if(_0x3925b2(_0x379804))return _0x379804;throw new _0x2e2569(function(_0x2e9f55){try{return _0x661c6e(_0x2e9f55);}catch(_0x511852){return'Object';}}(_0x379804)+_0xbf87bf(0x1c2));},_0xcfc08f=_0x1977e4,_0x5bd44f=_0x3f1d03,_0x777c87=_0x310bc3,_0x20397f=_0x201c6b,_0x87e3e5=_0x225a30,_0x4ed159=TypeError,_0x4200ae={'exports':{}},_0xcfc426=_0x31e1c8,_0x266f37=Object[_0x381365(0x104)],_0x29f474=function(_0x21e54f,_0x32b014){try{_0x266f37(_0xcfc426,_0x21e54f,{'value':_0x32b014,'configurable':!0x0,'writable':!0x0});}catch(_0x2457f6){_0xcfc426[_0x21e54f]=_0x32b014;}return _0x32b014;},_0x17a187=_0x31e1c8,_0x50058c=_0x29f474,_0x5795df=_0x381365(0x15b),_0x44e825=_0x4200ae['exports']=_0x17a187[_0x5795df]||_0x50058c(_0x5795df,{});(_0x44e825['versions']||(_0x44e825[_0x381365(0x192)]=[]))[_0x381365(0x1b9)]({'version':_0x381365(0x182),'mode':_0x381365(0x120),'copyright':_0x381365(0xec),'license':_0x381365(0x172),'source':'https://github.com/zloirock/core-js'});var _0x43a148=_0x4200ae[_0x381365(0x16f)],_0x5e5ea7=_0x43a148,_0x259f67=function(_0x45ef5e,_0x43194c){return _0x5e5ea7[_0x45ef5e]||(_0x5e5ea7[_0x45ef5e]=_0x43194c||{});},_0x30ce49=_0x22ba54,_0x3c693d=Object,_0x9923e8=_0x4ecab7({}[_0x381365(0x125)]),_0x50f2db=Object['hasOwn']||function(_0x5dc399,_0x5e3ac2){return _0x9923e8(function(_0x5ed4c5){return _0x3c693d(_0x30ce49(_0x5ed4c5));}(_0x5dc399),_0x5e3ac2);},_0x9bb255=_0x4ecab7,_0x4cb473=0x0,_0x34fcdc=Math[_0x381365(0xf8)](),_0x1a3d6a=_0x9bb255(0x1['toString']),_0x31acb0=function(_0x47311c){var _0x513372=_0x381365;return _0x513372(0x145)+(void 0x0===_0x47311c?'':_0x47311c)+')_'+_0x1a3d6a(++_0x4cb473+_0x34fcdc,0x24);},_0x55a07a=_0x259f67,_0x5a2eab=_0x50f2db,_0x3c35a6=_0x31acb0,_0x412f80=_0x3be5e1,_0x2b0b3f=_0x54dc5d,_0x5bba37=_0x31e1c8[_0x381365(0x1a3)],_0x30810f=_0x55a07a('wks'),_0x4c0c55=_0x2b0b3f?_0x5bba37['for']||_0x5bba37:_0x5bba37&&_0x5bba37[_0x381365(0x152)]||_0x3c35a6,_0x5301d2=_0x310bc3,_0x1d775e=_0x225a30,_0x2f8f78=_0x3e1a6d,_0x3e9497=TypeError,_0x353003=function(_0x1cc0a9){return _0x5a2eab(_0x30810f,_0x1cc0a9)||(_0x30810f[_0x1cc0a9]=_0x412f80&&_0x5a2eab(_0x5bba37,_0x1cc0a9)?_0x5bba37[_0x1cc0a9]:_0x4c0c55('Symbol.'+_0x1cc0a9)),_0x30810f[_0x1cc0a9];}(_0x381365(0xf9)),_0x1b02ed=_0x3e1a6d,_0x330530=function(_0x3fe526){var _0x527ba3=function(_0x423480,_0x40802f){var _0x73b1d0=a0_0x2521;if(!_0x1d775e(_0x423480)||_0x2f8f78(_0x423480))return _0x423480;var _0x5ce9ff,_0x46e82f=function(_0x485bfa,_0x49a894){var _0x3f5c7f=_0x485bfa[_0x49a894];return _0x5bd44f(_0x3f5c7f)?void 0x0:_0xcfc08f(_0x3f5c7f);}(_0x423480,_0x353003);if(_0x46e82f){if(void 0x0===_0x40802f&&(_0x40802f='default'),_0x5ce9ff=_0x5301d2(_0x46e82f,_0x423480,_0x40802f),!_0x1d775e(_0x5ce9ff)||_0x2f8f78(_0x5ce9ff))return _0x5ce9ff;throw new _0x3e9497('Can\\x27t\\x20convert\\x20object\\x20to\\x20primitive\\x20value');}return void 0x0===_0x40802f&&(_0x40802f=_0x73b1d0(0x12f)),function(_0x59411d,_0xee275b){var _0x3b088b=_0x73b1d0,_0x3c1680,_0x4bcd6d;if(_0x3b088b(0x1c9)===_0xee275b&&_0x20397f(_0x3c1680=_0x59411d['toString'])&&!_0x87e3e5(_0x4bcd6d=_0x777c87(_0x3c1680,_0x59411d)))return _0x4bcd6d;if(_0x20397f(_0x3c1680=_0x59411d[_0x3b088b(0x193)])&&!_0x87e3e5(_0x4bcd6d=_0x777c87(_0x3c1680,_0x59411d)))return _0x4bcd6d;if(_0x3b088b(0x1c9)!==_0xee275b&&_0x20397f(_0x3c1680=_0x59411d[_0x3b088b(0x17f)])&&!_0x87e3e5(_0x4bcd6d=_0x777c87(_0x3c1680,_0x59411d)))return _0x4bcd6d;throw new _0x4ed159(_0x3b088b(0x111));}(_0x423480,_0x40802f);}(_0x3fe526,'string');return _0x1b02ed(_0x527ba3)?_0x527ba3:_0x527ba3+'';},_0x50e9ea=_0x225a30,_0x462789=_0x31e1c8[_0x381365(0x181)],_0x62059f=_0x50e9ea(_0x462789)&&_0x50e9ea(_0x462789[_0x381365(0x117)]),_0x329d37=!_0x25a023&&!_0x4c0853(function(){var _0x3bc125=_0x381365;return 0x7!==Object['defineProperty'](_0x62059f?_0x462789[_0x3bc125(0x117)]('div'):{},'a',{'get':function(){return 0x7;}})['a'];}),_0x5e300a=_0x25a023,_0x24ea1b=_0x310bc3,_0x4c1899=_0x2b4651,_0x185170=_0x1cf563,_0x4adbc7=_0x290b3b,_0x4e06f7=_0x330530,_0x8e665b=_0x50f2db,_0x3f40b5=_0x329d37,_0x5c295d=Object['getOwnPropertyDescriptor'];_0x4349f4['f']=_0x5e300a?_0x5c295d:function(_0x6ddad9,_0x4b6477){if(_0x6ddad9=_0x4adbc7(_0x6ddad9),_0x4b6477=_0x4e06f7(_0x4b6477),_0x3f40b5)try{return _0x5c295d(_0x6ddad9,_0x4b6477);}catch(_0x4cee86){}if(_0x8e665b(_0x6ddad9,_0x4b6477))return _0x185170(!_0x24ea1b(_0x4c1899['f'],_0x6ddad9,_0x4b6477),_0x6ddad9[_0x4b6477]);};var _0x3d3213={},_0x57c1cc=_0x25a023&&_0x4c0853(function(){var _0x172139=_0x381365;return 0x2a!==Object[_0x172139(0x104)](function(){},'prototype',{'value':0x2a,'writable':!0x1})[_0x172139(0x106)];}),_0x54cd76=_0x225a30,_0x4b2969=String,_0x367913=TypeError,_0x130b22=function(_0x56202f){var _0xbc7717=_0x381365;if(_0x54cd76(_0x56202f))return _0x56202f;throw new _0x367913(_0x4b2969(_0x56202f)+_0xbc7717(0x170));},_0x1355b2=_0x25a023,_0x573db1=_0x329d37,_0x46c604=_0x57c1cc,_0x1d4c5b=_0x130b22,_0x26a41b=_0x330530,_0x123305=TypeError,_0xc877d7=Object[_0x381365(0x104)],_0x36e9b2=Object[_0x381365(0x12c)],_0x4185c3='enumerable',_0x21bd2c='configurable',_0x57bea4='writable';_0x3d3213['f']=_0x1355b2?_0x46c604?function(_0x2b0199,_0x3c1004,_0x2e7412){var _0x33fe5d=_0x381365;if(_0x1d4c5b(_0x2b0199),_0x3c1004=_0x26a41b(_0x3c1004),_0x1d4c5b(_0x2e7412),_0x33fe5d(0x10b)==typeof _0x2b0199&&_0x33fe5d(0x106)===_0x3c1004&&_0x33fe5d(0x196)in _0x2e7412&&_0x57bea4 in _0x2e7412&&!_0x2e7412[_0x57bea4]){var _0x37a911=_0x36e9b2(_0x2b0199,_0x3c1004);_0x37a911&&_0x37a911[_0x57bea4]&&(_0x2b0199[_0x3c1004]=_0x2e7412[_0x33fe5d(0x196)],_0x2e7412={'configurable':_0x21bd2c in _0x2e7412?_0x2e7412[_0x21bd2c]:_0x37a911[_0x21bd2c],'enumerable':_0x4185c3 in _0x2e7412?_0x2e7412[_0x4185c3]:_0x37a911[_0x4185c3],'writable':!0x1});}return _0xc877d7(_0x2b0199,_0x3c1004,_0x2e7412);}:_0xc877d7:function(_0x1e58f4,_0x6ddc34,_0x3d9f49){var _0x3a6314=_0x381365;if(_0x1d4c5b(_0x1e58f4),_0x6ddc34=_0x26a41b(_0x6ddc34),_0x1d4c5b(_0x3d9f49),_0x573db1)try{return _0xc877d7(_0x1e58f4,_0x6ddc34,_0x3d9f49);}catch(_0x18b9c3){}if(_0x3a6314(0x1b6)in _0x3d9f49||_0x3a6314(0x1c4)in _0x3d9f49)throw new _0x123305(_0x3a6314(0x1ab));return _0x3a6314(0x196)in _0x3d9f49&&(_0x1e58f4[_0x6ddc34]=_0x3d9f49['value']),_0x1e58f4;};var _0x1d7d43=_0x3d3213,_0x41090c=_0x1cf563,_0xee4668=_0x25a023?function(_0x132fe7,_0x803f8a,_0x323343){return _0x1d7d43['f'](_0x132fe7,_0x803f8a,_0x41090c(0x1,_0x323343));}:function(_0x337aa4,_0x18e5b6,_0x471ab2){return _0x337aa4[_0x18e5b6]=_0x471ab2,_0x337aa4;},_0x1bd6a9={'exports':{}},_0x2f7d25=_0x25a023,_0x356286=_0x50f2db,_0x672e4b=Function[_0x381365(0x106)],_0x312c7c=_0x2f7d25&&Object[_0x381365(0x12c)],_0x3e6903=_0x356286(_0x672e4b,'name'),_0x1792c2={'EXISTS':_0x3e6903,'PROPER':_0x3e6903&&'something'===function(){}[_0x381365(0x198)],'CONFIGURABLE':_0x3e6903&&(!_0x2f7d25||_0x2f7d25&&_0x312c7c(_0x672e4b,_0x381365(0x198))['configurable'])},_0xdf7294=_0x201c6b,_0x4e841b=_0x43a148,_0x1fd19f=_0x4ecab7(Function[_0x381365(0x17f)]);_0xdf7294(_0x4e841b[_0x381365(0x140)])||(_0x4e841b[_0x381365(0x140)]=function(_0xc301ad){return _0x1fd19f(_0xc301ad);});var _0xfeea73,_0x14eb4f,_0x3cf399,_0x1435f7=_0x4e841b[_0x381365(0x140)],_0x24daf2=_0x201c6b,_0x187982=_0x31e1c8[_0x381365(0xee)],_0xb1aa0e=_0x24daf2(_0x187982)&&/native code/['test'](String(_0x187982)),_0x2c0092=_0x31acb0,_0x1d5d1e=_0x259f67(_0x381365(0x161)),_0x3c995b={},_0x19212e=_0xb1aa0e,_0x334818=_0x31e1c8,_0x28228f=_0x225a30,_0x2c93fb=_0xee4668,_0x31cb95=_0x50f2db,_0x2ec72b=_0x43a148,_0x51bd01=_0x3c995b,_0xa5c24f=_0x381365(0x163),_0x30cb8c=_0x334818[_0x381365(0x124)],_0x1de518=_0x334818['WeakMap'];if(_0x19212e||_0x2ec72b[_0x381365(0x16d)]){var _0x411a80=_0x2ec72b['state']||(_0x2ec72b[_0x381365(0x16d)]=new _0x1de518());_0x411a80[_0x381365(0x1b6)]=_0x411a80[_0x381365(0x1b6)],_0x411a80[_0x381365(0x13f)]=_0x411a80[_0x381365(0x13f)],_0x411a80['set']=_0x411a80['set'],_0xfeea73=function(_0xd56a7a,_0x457cb1){if(_0x411a80['has'](_0xd56a7a))throw new _0x30cb8c(_0xa5c24f);return _0x457cb1['facade']=_0xd56a7a,_0x411a80['set'](_0xd56a7a,_0x457cb1),_0x457cb1;},_0x14eb4f=function(_0x280d6b){var _0x37c5c0=_0x381365;return _0x411a80[_0x37c5c0(0x1b6)](_0x280d6b)||{};},_0x3cf399=function(_0x22b7e2){return _0x411a80['has'](_0x22b7e2);};}else{var _0x572087=function(_0x2231b0){return _0x1d5d1e[_0x2231b0]||(_0x1d5d1e[_0x2231b0]=_0x2c0092(_0x2231b0));}('state');_0x51bd01[_0x572087]=!0x0,_0xfeea73=function(_0x484373,_0x458ca6){var _0x42ee79=_0x381365;if(_0x31cb95(_0x484373,_0x572087))throw new _0x30cb8c(_0xa5c24f);return _0x458ca6[_0x42ee79(0x129)]=_0x484373,_0x2c93fb(_0x484373,_0x572087,_0x458ca6),_0x458ca6;},_0x14eb4f=function(_0x21badf){return _0x31cb95(_0x21badf,_0x572087)?_0x21badf[_0x572087]:{};},_0x3cf399=function(_0x506171){return _0x31cb95(_0x506171,_0x572087);};}var _0x2e2c96={'set':_0xfeea73,'get':_0x14eb4f,'has':_0x3cf399,'enforce':function(_0x3968ed){return _0x3cf399(_0x3968ed)?_0x14eb4f(_0x3968ed):_0xfeea73(_0x3968ed,{});},'getterFor':function(_0x21bd0f){return function(_0x5d6e8e){var _0x3c2972=a0_0x2521,_0x4cb72d;if(!_0x28228f(_0x5d6e8e)||(_0x4cb72d=_0x14eb4f(_0x5d6e8e))['type']!==_0x21bd0f)throw new _0x30cb8c(_0x3c2972(0x199)+_0x21bd0f+_0x3c2972(0x13b));return _0x4cb72d;};}},_0x259932=_0x4ecab7,_0x2cb188=_0x4c0853,_0x20c0ac=_0x201c6b,_0x41dd0e=_0x50f2db,_0x487368=_0x25a023,_0x4d740d=_0x1792c2[_0x381365(0x134)],_0x13e0f4=_0x1435f7,_0x2fd13e=_0x2e2c96['enforce'],_0x1bfd92=_0x2e2c96[_0x381365(0x1b6)],_0x432bbf=String,_0x50be5f=Object[_0x381365(0x104)],_0x4b297c=_0x259932(''['slice']),_0x491edc=_0x259932(''['replace']),_0x2b3bda=_0x259932([][_0x381365(0xfd)]),_0x48cf07=_0x487368&&!_0x2cb188(function(){var _0x6cb558=_0x381365;return 0x8!==_0x50be5f(function(){},_0x6cb558(0x1b3),{'value':0x8})[_0x6cb558(0x1b3)];}),_0x117ed8=String(String)[_0x381365(0xfe)](_0x381365(0x15e)),_0x13e8bc=_0x1bd6a9[_0x381365(0x16f)]=function(_0x257edb,_0x10c5ed,_0x2ab794){var _0x195e5e=_0x381365;_0x195e5e(0x145)===_0x4b297c(_0x432bbf(_0x10c5ed),0x0,0x7)&&(_0x10c5ed='['+_0x491edc(_0x432bbf(_0x10c5ed),/^Symbol\\(([^)]*)\\).*$/,'$1')+']'),_0x2ab794&&_0x2ab794[_0x195e5e(0xf6)]&&(_0x10c5ed=_0x195e5e(0x127)+_0x10c5ed),_0x2ab794&&_0x2ab794[_0x195e5e(0x180)]&&(_0x10c5ed='set\\x20'+_0x10c5ed),(!_0x41dd0e(_0x257edb,'name')||_0x4d740d&&_0x257edb['name']!==_0x10c5ed)&&(_0x487368?_0x50be5f(_0x257edb,_0x195e5e(0x198),{'value':_0x10c5ed,'configurable':!0x0}):_0x257edb[_0x195e5e(0x198)]=_0x10c5ed),_0x48cf07&&_0x2ab794&&_0x41dd0e(_0x2ab794,_0x195e5e(0x148))&&_0x257edb[_0x195e5e(0x1b3)]!==_0x2ab794[_0x195e5e(0x148)]&&_0x50be5f(_0x257edb,'length',{'value':_0x2ab794[_0x195e5e(0x148)]});try{_0x2ab794&&_0x41dd0e(_0x2ab794,'constructor')&&_0x2ab794[_0x195e5e(0xff)]?_0x487368&&_0x50be5f(_0x257edb,_0x195e5e(0x106),{'writable':!0x1}):_0x257edb['prototype']&&(_0x257edb[_0x195e5e(0x106)]=void 0x0);}catch(_0x19f1c8){}var _0x16e738=_0x2fd13e(_0x257edb);return _0x41dd0e(_0x16e738,_0x195e5e(0x102))||(_0x16e738['source']=_0x2b3bda(_0x117ed8,'string'==typeof _0x10c5ed?_0x10c5ed:'')),_0x257edb;};Function[_0x381365(0x106)][_0x381365(0x17f)]=_0x13e8bc(function(){var _0x14ec73=_0x381365;return _0x20c0ac(this)&&_0x1bfd92(this)[_0x14ec73(0x102)]||_0x13e0f4(this);},_0x381365(0x17f));var _0x42a97b=_0x1bd6a9[_0x381365(0x16f)],_0x296a27=_0x201c6b,_0x2f8039=_0x3d3213,_0x3e4193=_0x42a97b,_0x558dc7=_0x29f474,_0x2dcdbc={},_0x24c22f=Math['ceil'],_0x57c875=Math[_0x381365(0x14f)],_0x56e28e=Math[_0x381365(0x1b4)]||function(_0x1348d7){var _0x4abc05=+_0x1348d7;return(_0x4abc05>0x0?_0x57c875:_0x24c22f)(_0x4abc05);},_0x4465a5=function(_0x350e06){var _0x39e7c8=+_0x350e06;return _0x39e7c8!=_0x39e7c8||0x0===_0x39e7c8?0x0:_0x56e28e(_0x39e7c8);},_0xd91675=_0x4465a5,_0x534909=Math[_0x381365(0xea)],_0x4114f8=Math[_0x381365(0x13c)],_0x4c0732=_0x4465a5,_0x2b816b=Math[_0x381365(0x13c)],_0x3f4cf2=_0x290b3b,_0x3ab352=function(_0x10e852){return function(_0x14721a,_0xe8f425,_0x5acf81){var _0x392695=_0x3f4cf2(_0x14721a),_0x4efd43=function(_0x1c0e11){var _0x5f59a7=a0_0x2521;return function(_0x38cb9c){var _0x2788b1=_0x4c0732(_0x38cb9c);return _0x2788b1>0x0?_0x2b816b(_0x2788b1,0x1fffffffffffff):0x0;}(_0x1c0e11[_0x5f59a7(0x1b3)]);}(_0x392695);if(0x0===_0x4efd43)return!_0x10e852&&-0x1;var _0x1c9cfd,_0x4055aa=function(_0x5b15f9,_0x20b6fb){var _0x2436d8=_0xd91675(_0x5b15f9);return _0x2436d8<0x0?_0x534909(_0x2436d8+_0x20b6fb,0x0):_0x4114f8(_0x2436d8,_0x20b6fb);}(_0x5acf81,_0x4efd43);if(_0x10e852&&_0xe8f425!=_0xe8f425){for(;_0x4efd43>_0x4055aa;)if((_0x1c9cfd=_0x392695[_0x4055aa++])!=_0x1c9cfd)return!0x0;}else{for(;_0x4efd43>_0x4055aa;_0x4055aa++)if((_0x10e852||_0x4055aa in _0x392695)&&_0x392695[_0x4055aa]===_0xe8f425)return _0x10e852||_0x4055aa||0x0;}return!_0x10e852&&-0x1;};},_0x3aa2f9={'includes':_0x3ab352(!0x0),'indexOf':_0x3ab352(!0x1)},_0x4fe47c=_0x50f2db,_0x32c0f1=_0x290b3b,_0x45f6a5=_0x3aa2f9['indexOf'],_0x122240=_0x3c995b,_0x172085=_0x4ecab7([][_0x381365(0x1b9)]),_0x11bcd0=[_0x381365(0xff),_0x381365(0x125),_0x381365(0x146),_0x381365(0x179),_0x381365(0x11e),_0x381365(0x17f),_0x381365(0x193)][_0x381365(0x10d)]('length',_0x381365(0x106));_0x2dcdbc['f']=Object[_0x381365(0x118)]||function(_0x163555){return function(_0x4bf53d,_0x4c473b){var _0x1c8d43=a0_0x2521,_0x3515f5,_0x23e40f=_0x32c0f1(_0x4bf53d),_0x126675=0x0,_0x5c79f2=[];for(_0x3515f5 in _0x23e40f)!_0x4fe47c(_0x122240,_0x3515f5)&&_0x4fe47c(_0x23e40f,_0x3515f5)&&_0x172085(_0x5c79f2,_0x3515f5);for(;_0x4c473b[_0x1c8d43(0x1b3)]>_0x126675;)_0x4fe47c(_0x23e40f,_0x3515f5=_0x4c473b[_0x126675++])&&(~_0x45f6a5(_0x5c79f2,_0x3515f5)||_0x172085(_0x5c79f2,_0x3515f5));return _0x5c79f2;}(_0x163555,_0x11bcd0);};var _0x3ba371={};_0x3ba371['f']=Object[_0x381365(0x1b1)];var _0x40acb4=_0x2adb0b,_0x36bcc1=_0x2dcdbc,_0x2f49fd=_0x3ba371,_0xb1fa37=_0x130b22,_0xe568b9=_0x4ecab7([]['concat']),_0x34df2a=_0x40acb4(_0x381365(0x17c),_0x381365(0x10c))||function(_0x7cee36){var _0xc0551=_0x36bcc1['f'](_0xb1fa37(_0x7cee36)),_0x474fec=_0x2f49fd['f'];return _0x474fec?_0xe568b9(_0xc0551,_0x474fec(_0x7cee36)):_0xc0551;},_0x5d23d2=_0x50f2db,_0x37e760=_0x34df2a,_0x45f6ee=_0x4349f4,_0x3e5b67=_0x3d3213,_0x104b63=_0x4c0853,_0x5a5045=_0x201c6b,_0x50fe3e=/#|\\.prototype\\./,_0x5dfa89=function(_0x354c84,_0x5577e9){var _0x24f566=_0x4f0de4[_0x14e470(_0x354c84)];return _0x24f566===_0x40436d||_0x24f566!==_0x380e39&&(_0x5a5045(_0x5577e9)?_0x104b63(_0x5577e9):!!_0x5577e9);},_0x14e470=_0x5dfa89[_0x381365(0x1bd)]=function(_0x237b53){var _0x658e5b=_0x381365;return String(_0x237b53)[_0x658e5b(0x1a6)](_0x50fe3e,'.')[_0x658e5b(0x197)]();},_0x4f0de4=_0x5dfa89[_0x381365(0x1ad)]={},_0x380e39=_0x5dfa89['NATIVE']='N',_0x40436d=_0x5dfa89[_0x381365(0x110)]='P',_0x44475f=_0x5dfa89,_0x1098ee=_0x31e1c8,_0x458516=_0x4349f4['f'],_0x30411a=_0xee4668,_0x3bd59a=function(_0x104671,_0x134eea,_0x336d59,_0x3ff283){var _0x2dbd65=_0x381365;_0x3ff283||(_0x3ff283={});var _0x2950eb=_0x3ff283[_0x2dbd65(0xeb)],_0x4c209e=void 0x0!==_0x3ff283[_0x2dbd65(0x198)]?_0x3ff283['name']:_0x134eea;if(_0x296a27(_0x336d59)&&_0x3e4193(_0x336d59,_0x4c209e,_0x3ff283),_0x3ff283[_0x2dbd65(0x120)])_0x2950eb?_0x104671[_0x134eea]=_0x336d59:_0x558dc7(_0x134eea,_0x336d59);else{try{_0x3ff283['unsafe']?_0x104671[_0x134eea]&&(_0x2950eb=!0x0):delete _0x104671[_0x134eea];}catch(_0x1a756f){}_0x2950eb?_0x104671[_0x134eea]=_0x336d59:_0x2f8039['f'](_0x104671,_0x134eea,{'value':_0x336d59,'enumerable':!0x1,'configurable':!_0x3ff283[_0x2dbd65(0x11d)],'writable':!_0x3ff283[_0x2dbd65(0x173)]});}return _0x104671;},_0x62c896=_0x29f474,_0x5312ec=function(_0xb49503,_0x4e8a15,_0x5c1749){var _0xa83c92=_0x381365;for(var _0xca5f16=_0x37e760(_0x4e8a15),_0x52ff15=_0x3e5b67['f'],_0x3b901d=_0x45f6ee['f'],_0x13c072=0x0;_0x13c072<_0xca5f16[_0xa83c92(0x1b3)];_0x13c072++){var _0x53b9db=_0xca5f16[_0x13c072];_0x5d23d2(_0xb49503,_0x53b9db)||_0x5c1749&&_0x5d23d2(_0x5c1749,_0x53b9db)||_0x52ff15(_0xb49503,_0x53b9db,_0x3b901d(_0x4e8a15,_0x53b9db));}},_0x329775=_0x44475f,_0x2fb49a={},_0x286e96=_0x1977e4,_0x57400d=TypeError,_0x10b1e5=function(_0x31af15){var _0x45fc36=_0x381365,_0x1d101a,_0x2abbca;this['promise']=new _0x31af15(function(_0x67ac9d,_0x2f2e1f){var _0x203d8e=a0_0x2521;if(void 0x0!==_0x1d101a||void 0x0!==_0x2abbca)throw new _0x57400d(_0x203d8e(0x1cd));_0x1d101a=_0x67ac9d,_0x2abbca=_0x2f2e1f;}),this['resolve']=_0x286e96(_0x1d101a),this[_0x45fc36(0x139)]=_0x286e96(_0x2abbca);};_0x2fb49a['f']=function(_0x29100a){return new _0x10b1e5(_0x29100a);};var _0x20ce32=_0x2fb49a;!function(_0x4351ee,_0x5c9ea3){var _0x1eb0a6=_0x381365,_0x20278c,_0x591d14,_0x17c9a7,_0x1ee0b8,_0x5b9451,_0x20748b=_0x4351ee[_0x1eb0a6(0xef)],_0x19423c=_0x4351ee[_0x1eb0a6(0x120)],_0x30ec72=_0x4351ee[_0x1eb0a6(0x1bf)];if(_0x20278c=_0x19423c?_0x1098ee:_0x30ec72?_0x1098ee[_0x20748b]||_0x62c896(_0x20748b,{}):_0x1098ee[_0x20748b]&&_0x1098ee[_0x20748b][_0x1eb0a6(0x106)])for(_0x591d14 in _0x5c9ea3){if(_0x1ee0b8=_0x5c9ea3[_0x591d14],_0x17c9a7=_0x4351ee[_0x1eb0a6(0x17e)]?(_0x5b9451=_0x458516(_0x20278c,_0x591d14))&&_0x5b9451[_0x1eb0a6(0x196)]:_0x20278c[_0x591d14],!_0x329775(_0x19423c?_0x591d14:_0x20748b+(_0x30ec72?'.':'#')+_0x591d14,_0x4351ee['forced'])&&void 0x0!==_0x17c9a7){if(typeof _0x1ee0b8==typeof _0x17c9a7)continue;_0x5312ec(_0x1ee0b8,_0x17c9a7);}(_0x4351ee[_0x1eb0a6(0x156)]||_0x17c9a7&&_0x17c9a7[_0x1eb0a6(0x156)])&&_0x30411a(_0x1ee0b8,_0x1eb0a6(0x156),!0x0),_0x3bd59a(_0x20278c,_0x591d14,_0x1ee0b8,_0x4351ee);}}({'target':_0x381365(0x123),'stat':!0x0},{'withResolvers':function(){var _0x5c5856=_0x381365,_0x50c409=_0x20ce32['f'](this);return{'promise':_0x50c409[_0x5c5856(0x19f)],'resolve':_0x50c409['resolve'],'reject':_0x50c409[_0x5c5856(0x139)]};}}),!function(_0x4c6702){var _0x148638=_0x381365,_0x12b82d=_0x1e9c0d&&_0x1e9c0d[_0x148638(0x12d)]||function(_0x364e85,_0x58e8d9,_0x589fbe){var _0x523084=_0x148638;if(_0x589fbe||0x2===arguments[_0x523084(0x1b3)]){for(var _0x1c611d,_0x4cfdf1=0x0,_0x406f20=_0x58e8d9[_0x523084(0x1b3)];_0x4cfdf1<_0x406f20;_0x4cfdf1++)!_0x1c611d&&_0x4cfdf1 in _0x58e8d9||(_0x1c611d||(_0x1c611d=Array['prototype'][_0x523084(0x130)][_0x523084(0x184)](_0x58e8d9,0x0,_0x4cfdf1)),_0x1c611d[_0x4cfdf1]=_0x58e8d9[_0x4cfdf1]);}return _0x364e85[_0x523084(0x10d)](_0x1c611d||Array[_0x523084(0x106)][_0x523084(0x130)][_0x523084(0x184)](_0x58e8d9));};function _0x2245a0(_0x35a78c){return _0x35a78c;}function _0x519da4(_0x12ea04){return function(){return _0x12ea04;};}function _0xc57e99(_0x254cca,_0x1da995,_0x2b3d55,_0x2e8287,_0x54ba00,_0x4b3a3a,_0x2c4ac2,_0x5fbfba,_0x1c4a28){switch(arguments['length']){case 0x1:return _0x254cca;case 0x2:return function(){var _0x15dedb=a0_0x2521;return _0x1da995(_0x254cca[_0x15dedb(0x1cf)](this,arguments));};case 0x3:return function(){var _0x1d7f18=a0_0x2521;return _0x2b3d55(_0x1da995(_0x254cca[_0x1d7f18(0x1cf)](this,arguments)));};case 0x4:return function(){var _0x3a985a=a0_0x2521;return _0x2e8287(_0x2b3d55(_0x1da995(_0x254cca[_0x3a985a(0x1cf)](this,arguments))));};case 0x5:return function(){var _0x384dee=a0_0x2521;return _0x54ba00(_0x2e8287(_0x2b3d55(_0x1da995(_0x254cca[_0x384dee(0x1cf)](this,arguments)))));};case 0x6:return function(){var _0x7e0b88=a0_0x2521;return _0x4b3a3a(_0x54ba00(_0x2e8287(_0x2b3d55(_0x1da995(_0x254cca[_0x7e0b88(0x1cf)](this,arguments))))));};case 0x7:return function(){return _0x2c4ac2(_0x4b3a3a(_0x54ba00(_0x2e8287(_0x2b3d55(_0x1da995(_0x254cca['apply'](this,arguments)))))));};case 0x8:return function(){return _0x5fbfba(_0x2c4ac2(_0x4b3a3a(_0x54ba00(_0x2e8287(_0x2b3d55(_0x1da995(_0x254cca['apply'](this,arguments))))))));};case 0x9:return function(){var _0x33627d=a0_0x2521;return _0x1c4a28(_0x5fbfba(_0x2c4ac2(_0x4b3a3a(_0x54ba00(_0x2e8287(_0x2b3d55(_0x1da995(_0x254cca[_0x33627d(0x1cf)](this,arguments)))))))));};}}function _0x2912e3(_0x38e45f){var _0x21612a=_0x148638;throw new Error(_0x21612a(0x19c));}Object[_0x148638(0x104)](_0x4c6702,_0x148638(0x162),{'value':!0x0}),_0x4c6702[_0x148638(0x14c)]=_0x4c6702[_0x148638(0x133)]=_0x4c6702['SK']=_0x4c6702[_0x148638(0x194)]=_0x4c6702[_0x148638(0xfa)]=_0x4c6702[_0x148638(0x1a4)]=_0x4c6702[_0x148638(0x16a)]=_0x4c6702['constFalse']=_0x4c6702[_0x148638(0x1ba)]=_0x4c6702[_0x148638(0x14b)]=_0x4c6702['apply']=_0x4c6702[_0x148638(0x18b)]=_0x4c6702['getSemiring']=_0x4c6702[_0x148638(0x1c5)]=_0x4c6702[_0x148638(0x1c7)]=_0x4c6702[_0x148638(0x188)]=void 0x0,_0x4c6702['identity']=_0x2245a0,_0x4c6702['constant']=_0x519da4,_0x4c6702[_0x148638(0x136)]=function(_0x2f61af){return function(){var _0x287ce5=a0_0x2521;for(var _0x51e2dc=[],_0x4d6370=0x0;_0x4d6370<arguments['length'];_0x4d6370++)_0x51e2dc[_0x4d6370]=arguments[_0x4d6370];return _0x51e2dc[_0x287ce5(0x1b3)]>0x1?_0x2f61af(_0x51e2dc[0x1],_0x51e2dc[0x0]):function(_0x191a52){return _0x2f61af(_0x191a52)(_0x51e2dc[0x0]);};};},_0x4c6702[_0x148638(0x178)]=_0xc57e99,_0x4c6702['tuple']=function(){for(var _0x3554cc=[],_0x2796cd=0x0;_0x2796cd<arguments['length'];_0x2796cd++)_0x3554cc[_0x2796cd]=arguments[_0x2796cd];return _0x3554cc;},_0x4c6702['increment']=function(_0x4f1d8c){return _0x4f1d8c+0x1;},_0x4c6702['decrement']=function(_0x5e1f20){return _0x5e1f20-0x1;},_0x4c6702[_0x148638(0x1ca)]=_0x2912e3,_0x4c6702[_0x148638(0x1ae)]=function(_0x1ccab1){return function(_0x433410){var _0xaf1d5e=a0_0x2521;return _0x1ccab1[_0xaf1d5e(0x1cf)](void 0x0,_0x433410);};},_0x4c6702['untupled']=function(_0x4a2aaf){return function(){for(var _0x4a5827=[],_0x31f512=0x0;_0x31f512<arguments['length'];_0x31f512++)_0x4a5827[_0x31f512]=arguments[_0x31f512];return _0x4a2aaf(_0x4a5827);};},_0x4c6702[_0x148638(0x11b)]=function(_0x2d012f,_0x18826c,_0x13489e,_0x1fc3cf,_0x3f5ef7,_0x4f1164,_0xd1444c,_0x35944d,_0x1de0f2){var _0x3f491e=_0x148638;switch(arguments[_0x3f491e(0x1b3)]){case 0x1:return _0x2d012f;case 0x2:return _0x18826c(_0x2d012f);case 0x3:return _0x13489e(_0x18826c(_0x2d012f));case 0x4:return _0x1fc3cf(_0x13489e(_0x18826c(_0x2d012f)));case 0x5:return _0x3f5ef7(_0x1fc3cf(_0x13489e(_0x18826c(_0x2d012f))));case 0x6:return _0x4f1164(_0x3f5ef7(_0x1fc3cf(_0x13489e(_0x18826c(_0x2d012f)))));case 0x7:return _0xd1444c(_0x4f1164(_0x3f5ef7(_0x1fc3cf(_0x13489e(_0x18826c(_0x2d012f))))));case 0x8:return _0x35944d(_0xd1444c(_0x4f1164(_0x3f5ef7(_0x1fc3cf(_0x13489e(_0x18826c(_0x2d012f)))))));case 0x9:return _0x1de0f2(_0x35944d(_0xd1444c(_0x4f1164(_0x3f5ef7(_0x1fc3cf(_0x13489e(_0x18826c(_0x2d012f))))))));default:for(var _0x25ea23=arguments[0x0],_0x54a8af=0x1;_0x54a8af<arguments[_0x3f491e(0x1b3)];_0x54a8af++)_0x25ea23=arguments[_0x54a8af](_0x25ea23);return _0x25ea23;}},_0x4c6702['not']=function(_0x587f5c){return function(_0x19f266){return!_0x587f5c(_0x19f266);};},_0x4c6702[_0x148638(0x188)]=function(_0x314a5d){return function(){return{'meet':function(_0x55b582,_0x5d44f2){return function(_0x229543){var _0x133667=a0_0x2521;return _0x314a5d[_0x133667(0x1b8)](_0x55b582(_0x229543),_0x5d44f2(_0x229543));};},'join':function(_0x8c1d4,_0x485a4e){return function(_0x48d054){var _0x570854=a0_0x2521;return _0x314a5d[_0x570854(0xfd)](_0x8c1d4(_0x48d054),_0x485a4e(_0x48d054));};},'zero':function(){var _0x55162d=a0_0x2521;return _0x314a5d[_0x55162d(0x101)];},'one':function(){var _0x99abb8=a0_0x2521;return _0x314a5d[_0x99abb8(0x15c)];},'implies':function(_0x594b06,_0x50528e){return function(_0x93e4a4){var _0x407c9c=a0_0x2521;return _0x314a5d[_0x407c9c(0x11c)](_0x594b06(_0x93e4a4),_0x50528e(_0x93e4a4));};},'not':function(_0x4be7cf){return function(_0x126b6d){var _0x2cc260=a0_0x2521;return _0x314a5d[_0x2cc260(0x147)](_0x4be7cf(_0x126b6d));};}};};},_0x4c6702[_0x148638(0x1c7)]=function(_0x30f7f3){return function(){return{'concat':function(_0xa33e22,_0x7228c2){return function(_0x106627){var _0x540010=a0_0x2521;return _0x30f7f3[_0x540010(0x10d)](_0xa33e22(_0x106627),_0x7228c2(_0x106627));};}};};},_0x4c6702[_0x148638(0x1c5)]=function(_0x5c5c7a){var _0x3ea218=_0x148638,_0x1a4a4b=(0x0,_0x4c6702[_0x3ea218(0x1c7)])(_0x5c5c7a);return function(){var _0x4bd12c=_0x3ea218;return{'concat':_0x1a4a4b()[_0x4bd12c(0x10d)],'empty':function(){var _0xd31433=_0x4bd12c;return _0x5c5c7a[_0xd31433(0x1a1)];}};};},_0x4c6702[_0x148638(0x119)]=function(_0x2acf91){return{'add':function(_0xf1cf4e,_0x5a48b7){return function(_0xf42bad){var _0x1a7b85=a0_0x2521;return _0x2acf91[_0x1a7b85(0xfb)](_0xf1cf4e(_0xf42bad),_0x5a48b7(_0xf42bad));};},'zero':function(){var _0x12be80=a0_0x2521;return _0x2acf91[_0x12be80(0x101)];},'mul':function(_0x5856d9,_0x330b24){return function(_0x1d1f43){return _0x2acf91['mul'](_0x5856d9(_0x1d1f43),_0x330b24(_0x1d1f43));};},'one':function(){var _0x400bd1=a0_0x2521;return _0x2acf91[_0x400bd1(0x15c)];}};},_0x4c6702[_0x148638(0x18b)]=function(_0x4511f6){var _0x3a0faa=_0x148638,_0x5bb17d=(0x0,_0x4c6702[_0x3a0faa(0x119)])(_0x4511f6);return{'add':_0x5bb17d['add'],'mul':_0x5bb17d['mul'],'one':_0x5bb17d[_0x3a0faa(0x15c)],'zero':_0x5bb17d[_0x3a0faa(0x101)],'sub':function(_0x4b5c99,_0x115f1d){return function(_0x3e0948){var _0x1b407b=a0_0x2521;return _0x4511f6[_0x1b407b(0x19b)](_0x4b5c99(_0x3e0948),_0x115f1d(_0x3e0948));};}};},_0x4c6702['apply']=function(_0x2be2ad){return function(_0x1fa659){return _0x1fa659(_0x2be2ad);};},_0x4c6702['unsafeCoerce']=_0x2245a0,_0x4c6702[_0x148638(0x1ba)]=_0x519da4(!0x0),_0x4c6702[_0x148638(0x15d)]=_0x519da4(!0x1),_0x4c6702[_0x148638(0x16a)]=_0x519da4(null),_0x4c6702[_0x148638(0x1a4)]=_0x519da4(void 0x0),_0x4c6702[_0x148638(0xfa)]=_0x4c6702[_0x148638(0x1a4)],_0x4c6702[_0x148638(0x194)]=_0x2912e3,_0x4c6702['SK']=function(_0x372efb,_0x3c15a8){return _0x3c15a8;},_0x4c6702[_0x148638(0x133)]=function(){return{'concat':function(_0x2dec11,_0x2bd0b3){return _0xc57e99(_0x2dec11,_0x2bd0b3);},'empty':_0x2245a0};},_0x4c6702[_0x148638(0x14c)]=function(_0x101ad5,_0x52148f){var _0x5b413f=_0x148638,_0x4c4b06=_0x5b413f(0x12f)==typeof _0x101ad5?function(_0x345dfa){var _0x1fce17=_0x5b413f;return _0x345dfa[_0x1fce17(0x1b3)]>=_0x101ad5;}:_0x101ad5;return function(){var _0x4d4256=_0x5b413f,_0x2fc223=Array[_0x4d4256(0x1bb)](arguments);return _0x4c4b06(arguments)?_0x52148f[_0x4d4256(0x1cf)](this,_0x2fc223):function(_0x3b3855){var _0x574a6a=_0x4d4256;return _0x52148f[_0x574a6a(0x1cf)](void 0x0,_0x12b82d([_0x3b3855],_0x2fc223,!0x1));};};};}({});const _0x31a1cc=/\\{[^{}]+\\}/g;function _0x3ad824(_0x3ed29c,_0x548425,_0x92f8bc){var _0x3208f4=_0x381365;if(null==_0x548425)return'';if(_0x3208f4(0x141)==typeof _0x548425)throw new Error(_0x3208f4(0x16c));return _0x3ed29c+'='+(!0x0===_0x92f8bc?.['allowReserved']?_0x548425:encodeURIComponent(_0x548425));}function _0x5197bc(_0x5d7a0d,_0x12962c,_0x3fe4a8){var _0x492d7a=_0x381365;if(!_0x12962c||'object'!=typeof _0x12962c)return'';const _0x1ae64e=[],_0x281b82={'simple':',','label':'.','matrix':';'}[_0x3fe4a8[_0x492d7a(0x114)]]||'&';if(_0x492d7a(0xf3)!==_0x3fe4a8['style']&&!0x1===_0x3fe4a8['explode']){for(const _0x3410fe in _0x12962c)_0x1ae64e[_0x492d7a(0x1b9)](_0x3410fe,!0x0===_0x3fe4a8[_0x492d7a(0x155)]?_0x12962c[_0x3410fe]:encodeURIComponent(_0x12962c[_0x3410fe]));const _0x1d7649=_0x1ae64e[_0x492d7a(0xfd)](',');switch(_0x3fe4a8['style']){case _0x492d7a(0x1d0):return _0x5d7a0d+'='+_0x1d7649;case _0x492d7a(0xf4):return'.'+_0x1d7649;case _0x492d7a(0x174):return';'+_0x5d7a0d+'='+_0x1d7649;default:return _0x1d7649;}}for(const _0x45aa74 in _0x12962c){const _0x2efea1='deepObject'===_0x3fe4a8['style']?_0x5d7a0d+'['+_0x45aa74+']':_0x45aa74;_0x1ae64e['push'](_0x3ad824(_0x2efea1,_0x12962c[_0x45aa74],_0x3fe4a8));}const _0x11696b=_0x1ae64e[_0x492d7a(0xfd)](_0x281b82);return'label'===_0x3fe4a8[_0x492d7a(0x114)]||_0x492d7a(0x174)===_0x3fe4a8['style']?''+_0x281b82+_0x11696b:_0x11696b;}function _0x265896(_0x3a47ec,_0x58ac53,_0x432aac){var _0x1ebe19=_0x381365;if(!Array[_0x1ebe19(0x1aa)](_0x58ac53))return'';if(!0x1===_0x432aac[_0x1ebe19(0x1a2)]){const _0x4d0c8f={'form':',','spaceDelimited':_0x1ebe19(0x1be),'pipeDelimited':'|'}[_0x432aac[_0x1ebe19(0x114)]]||',',_0x31c616=(!0x0===_0x432aac['allowReserved']?_0x58ac53:_0x58ac53[_0x1ebe19(0xf5)](_0x43dad5=>encodeURIComponent(_0x43dad5)))[_0x1ebe19(0xfd)](_0x4d0c8f);switch(_0x432aac['style']){case _0x1ebe19(0x149):return _0x31c616;case _0x1ebe19(0xf4):return'.'+_0x31c616;case _0x1ebe19(0x174):return';'+_0x3a47ec+'='+_0x31c616;default:return _0x3a47ec+'='+_0x31c616;}}const _0x5e560d={'simple':',','label':'.','matrix':';'}[_0x432aac[_0x1ebe19(0x114)]]||'&',_0x52b61e=[];for(const _0x35f79d of _0x58ac53)'simple'===_0x432aac[_0x1ebe19(0x114)]||_0x1ebe19(0xf4)===_0x432aac[_0x1ebe19(0x114)]?_0x52b61e[_0x1ebe19(0x1b9)](!0x0===_0x432aac[_0x1ebe19(0x155)]?_0x35f79d:encodeURIComponent(_0x35f79d)):_0x52b61e[_0x1ebe19(0x1b9)](_0x3ad824(_0x3a47ec,_0x35f79d,_0x432aac));return _0x1ebe19(0xf4)===_0x432aac['style']||_0x1ebe19(0x174)===_0x432aac[_0x1ebe19(0x114)]?''+_0x5e560d+_0x52b61e[_0x1ebe19(0xfd)](_0x5e560d):_0x52b61e[_0x1ebe19(0xfd)](_0x5e560d);}function _0x12f444(_0xd83752){return function(_0x2d4e36){var _0x20f656=a0_0x2521;const _0x5e34d4=[];if(_0x2d4e36&&'object'==typeof _0x2d4e36)for(const _0x25a248 in _0x2d4e36){const _0x450e1d=_0x2d4e36[_0x25a248];if(null!=_0x450e1d){if(Array[_0x20f656(0x1aa)](_0x450e1d)){if(0x0===_0x450e1d[_0x20f656(0x1b3)])continue;_0x5e34d4['push'](_0x265896(_0x25a248,_0x450e1d,{'style':_0x20f656(0x1d0),'explode':!0x0,..._0xd83752?.['array'],'allowReserved':_0xd83752?.['allowReserved']||!0x1}));}else _0x20f656(0x141)!=typeof _0x450e1d?_0x5e34d4[_0x20f656(0x1b9)](_0x3ad824(_0x25a248,_0x450e1d,_0xd83752)):_0x5e34d4[_0x20f656(0x1b9)](_0x5197bc(_0x25a248,_0x450e1d,{'style':'deepObject','explode':!0x0,..._0xd83752?.[_0x20f656(0x141)],'allowReserved':_0xd83752?.[_0x20f656(0x155)]||!0x1}));}}return _0x5e34d4['join']('&');};}function _0x518119(_0x4cabfc){var _0x3215c2=_0x381365;return _0x4cabfc instanceof FormData?_0x4cabfc:JSON[_0x3215c2(0x14d)](_0x4cabfc);}function _0x110ae9(..._0x4a585d){var _0x467f68=_0x381365;const _0x4fbec8=new Headers();for(const _0x55ff37 of _0x4a585d){if(!_0x55ff37||_0x467f68(0x141)!=typeof _0x55ff37)continue;const _0x18389b=_0x55ff37 instanceof Headers?_0x55ff37['entries']():Object[_0x467f68(0x1a9)](_0x55ff37);for(const [_0x56b6c6,_0x2a886d]of _0x18389b)if(null===_0x2a886d)_0x4fbec8[_0x467f68(0x164)](_0x56b6c6);else{if(Array[_0x467f68(0x1aa)](_0x2a886d)){for(const _0x4a45bf of _0x2a886d)_0x4fbec8[_0x467f68(0x100)](_0x56b6c6,_0x4a45bf);}else void 0x0!==_0x2a886d&&_0x4fbec8['set'](_0x56b6c6,_0x2a886d);}}return _0x4fbec8;}function _0x44e1b4(_0x1dedb3){var _0x377894=_0x381365;return _0x1dedb3[_0x377894(0x11f)]('/')?_0x1dedb3[_0x377894(0x10a)](0x0,_0x1dedb3[_0x377894(0x1b3)]-0x1):_0x1dedb3;}var _0x5e3ec0,_0x5656d9,_0x2627b4=(null===(_0x5656d9=null===(_0x5e3ec0=window[_0x381365(0x14e)])||void 0x0===_0x5e3ec0?void 0x0:_0x5e3ec0['Cookies'])||void 0x0===_0x5656d9?void 0x0:_0x5656d9[_0x381365(0x175)])||function(){var _0x283c5d=_0x381365;return _0x283c5d(0xed);},_0x139de9=function(_0x2d125b,_0x49cf13){var _0x1fb83f=_0x381365,_0x506159=function(_0x55ac81){var _0x5afb10=a0_0x2521;let {baseUrl:_0x342d5c='',Request:_0x3ae53=globalThis[_0x5afb10(0x1b7)],fetch:_0x25e5c4=globalThis[_0x5afb10(0x166)],querySerializer:_0x5efc7f,bodySerializer:_0x775915,headers:_0x1fbd6c,requestInitExt:_0x2d05c4,..._0x323689}={..._0x55ac81};_0x2d05c4=_0x5afb10(0x141)==typeof process&&Number['parseInt'](process?.[_0x5afb10(0x192)]?.['node']?.[_0x5afb10(0x10a)](0x0,0x2))>=0x12&&process['versions'][_0x5afb10(0x105)]?_0x2d05c4:void 0x0,_0x342d5c=_0x44e1b4(_0x342d5c);const _0xf485f8=[];async function _0x219b5e(_0x28f3d1,_0x28e4ac){var _0x32827e=_0x5afb10;const {baseUrl:_0x12a46c,fetch:_0x5f1b66=_0x25e5c4,Request:_0x3fd99a=_0x3ae53,headers:_0x35d85f,params:_0x10a661={},parseAs:_0x12b85f=_0x32827e(0x108),querySerializer:_0x3e4da4,bodySerializer:_0x23403b=_0x775915??_0x518119,body:_0xb264f8,..._0x53c9cc}=_0x28e4ac||{};_0x12a46c&&(_0x342d5c=_0x44e1b4(_0x12a46c));let _0x4f0422=_0x32827e(0x10b)==typeof _0x5efc7f?_0x5efc7f:_0x12f444(_0x5efc7f);_0x3e4da4&&(_0x4f0422=_0x32827e(0x10b)==typeof _0x3e4da4?_0x3e4da4:_0x12f444({..._0x32827e(0x141)==typeof _0x5efc7f?_0x5efc7f:{},..._0x3e4da4}));const _0x238e65=void 0x0===_0xb264f8?void 0x0:_0x23403b(_0xb264f8),_0x3b607d=void 0x0===_0x238e65||_0x238e65 instanceof FormData?{}:{'Content-Type':_0x32827e(0x13a)},_0xa7ed3={'redirect':_0x32827e(0x121),..._0x323689,..._0x53c9cc,'body':_0x238e65,'headers':_0x110ae9(_0x3b607d,_0x1fbd6c,_0x35d85f,_0x10a661[_0x32827e(0x190)])};let _0x275363,_0xae3170,_0x47c831,_0x340cdc=new _0x3ae53(function(_0x29ca1a,_0x418f96){var _0x5e9708=_0x32827e;let _0x43e544=''+_0x418f96['baseUrl']+_0x29ca1a;_0x418f96[_0x5e9708(0x107)]?.[_0x5e9708(0x18f)]&&(_0x43e544=function(_0x4874ed,_0xe579fb){var _0x1bb023=_0x5e9708;let _0x40e478=_0x4874ed;for(const _0x1e3df2 of _0x4874ed[_0x1bb023(0x1a5)](_0x31a1cc)??[]){let _0x300683=_0x1e3df2[_0x1bb023(0x10a)](0x1,_0x1e3df2[_0x1bb023(0x1b3)]-0x1),_0xd24cfa=!0x1,_0x526cec='simple';if(_0x300683[_0x1bb023(0x11f)]('*')&&(_0xd24cfa=!0x0,_0x300683=_0x300683['substring'](0x0,_0x300683[_0x1bb023(0x1b3)]-0x1)),_0x300683[_0x1bb023(0x12e)]('.')?(_0x526cec=_0x1bb023(0xf4),_0x300683=_0x300683['substring'](0x1)):_0x300683[_0x1bb023(0x12e)](';')&&(_0x526cec=_0x1bb023(0x174),_0x300683=_0x300683[_0x1bb023(0x10a)](0x1)),!_0xe579fb||void 0x0===_0xe579fb[_0x300683]||null===_0xe579fb[_0x300683])continue;const _0x8d8772=_0xe579fb[_0x300683];_0x40e478=Array[_0x1bb023(0x1aa)](_0x8d8772)?_0x40e478[_0x1bb023(0x1a6)](_0x1e3df2,_0x265896(_0x300683,_0x8d8772,{'style':_0x526cec,'explode':_0xd24cfa})):_0x1bb023(0x141)!=typeof _0x8d8772?_0x1bb023(0x174)!==_0x526cec?_0x40e478[_0x1bb023(0x1a6)](_0x1e3df2,_0x1bb023(0xf4)===_0x526cec?'.'+encodeURIComponent(_0x8d8772):encodeURIComponent(_0x8d8772)):_0x40e478[_0x1bb023(0x1a6)](_0x1e3df2,';'+_0x3ad824(_0x300683,_0x8d8772)):_0x40e478[_0x1bb023(0x1a6)](_0x1e3df2,_0x5197bc(_0x300683,_0x8d8772,{'style':_0x526cec,'explode':_0xd24cfa}));}return _0x40e478;}(_0x43e544,_0x418f96[_0x5e9708(0x107)][_0x5e9708(0x18f)]));let _0x280555=_0x418f96[_0x5e9708(0x159)](_0x418f96['params'][_0x5e9708(0x15f)]??{});return _0x280555[_0x5e9708(0x12e)]('?')&&(_0x280555=_0x280555['substring'](0x1)),_0x280555&&(_0x43e544+='?'+_0x280555),_0x43e544;}(_0x28f3d1,{'baseUrl':_0x342d5c,'params':_0x10a661,'querySerializer':_0x4f0422}),_0xa7ed3);for(const _0xfbf437 in _0x53c9cc)_0xfbf437 in _0x340cdc||(_0x340cdc[_0xfbf437]=_0x53c9cc[_0xfbf437]);if(_0xf485f8[_0x32827e(0x1b3)]){_0x275363=Math['random']()['toString'](0x24)[_0x32827e(0x130)](0x2,0xb),_0xae3170=Object['freeze']({'baseUrl':_0x342d5c,'fetch':_0x5f1b66,'parseAs':_0x12b85f,'querySerializer':_0x4f0422,'bodySerializer':_0x23403b});for(const _0x24e8eb of _0xf485f8)if(_0x24e8eb&&_0x32827e(0x141)==typeof _0x24e8eb&&_0x32827e(0x10b)==typeof _0x24e8eb[_0x32827e(0x186)]){const _0x1ac3a0=await _0x24e8eb[_0x32827e(0x186)]({'request':_0x340cdc,'schemaPath':_0x28f3d1,'params':_0x10a661,'options':_0xae3170,'id':_0x275363});if(_0x1ac3a0){if(!(_0x1ac3a0 instanceof _0x3ae53)){if(_0x1ac3a0 instanceof Response){_0x47c831=_0x1ac3a0;break;}throw new Error(_0x32827e(0x158));}_0x340cdc=_0x1ac3a0;}}}if(!_0x47c831){try{_0x47c831=await _0x5f1b66(_0x340cdc,_0x2d05c4);}catch(_0x48d874){let _0x1c8c1e=_0x48d874;if(_0xf485f8['length'])for(let _0xd6d203=_0xf485f8['length']-0x1;_0xd6d203>=0x0;_0xd6d203--){const _0x5d105e=_0xf485f8[_0xd6d203];if(_0x5d105e&&_0x32827e(0x141)==typeof _0x5d105e&&_0x32827e(0x10b)==typeof _0x5d105e[_0x32827e(0x19a)]){const _0x4ef58f=await _0x5d105e['onError']({'request':_0x340cdc,'error':_0x1c8c1e,'schemaPath':_0x28f3d1,'params':_0x10a661,'options':_0xae3170,'id':_0x275363});if(_0x4ef58f){if(_0x4ef58f instanceof Response){_0x1c8c1e=void 0x0,_0x47c831=_0x4ef58f;break;}if(_0x4ef58f instanceof Error){_0x1c8c1e=_0x4ef58f;continue;}throw new Error('onError:\\x20must\\x20return\\x20new\\x20Response()\\x20or\\x20instance\\x20of\\x20Error');}}}if(_0x1c8c1e)throw _0x1c8c1e;}if(_0xf485f8[_0x32827e(0x1b3)])for(let _0xfe565f=_0xf485f8[_0x32827e(0x1b3)]-0x1;_0xfe565f>=0x0;_0xfe565f--){const _0x29d726=_0xf485f8[_0xfe565f];if(_0x29d726&&_0x32827e(0x141)==typeof _0x29d726&&_0x32827e(0x10b)==typeof _0x29d726[_0x32827e(0x1bc)]){const _0x565857=await _0x29d726['onResponse']({'request':_0x340cdc,'response':_0x47c831,'schemaPath':_0x28f3d1,'params':_0x10a661,'options':_0xae3170,'id':_0x275363});if(_0x565857){if(!(_0x565857 instanceof Response))throw new Error(_0x32827e(0x132));_0x47c831=_0x565857;}}}}if(0xcc===_0x47c831['status']||'0'===_0x47c831[_0x32827e(0x1c3)]['get'](_0x32827e(0x19d)))return _0x47c831['ok']?{'data':void 0x0,'response':_0x47c831}:{'error':void 0x0,'response':_0x47c831};if(_0x47c831['ok'])return _0x32827e(0x12a)===_0x12b85f?{'data':_0x47c831['body'],'response':_0x47c831}:{'data':await _0x47c831[_0x12b85f](),'response':_0x47c831};let _0x41a829=await _0x47c831[_0x32827e(0xf7)]();try{_0x41a829=JSON[_0x32827e(0x142)](_0x41a829);}catch{}return{'error':_0x41a829,'response':_0x47c831};}return{'request':(_0x5472c2,_0x458f5f,_0x2714aa)=>_0x219b5e(_0x458f5f,{..._0x2714aa,'method':_0x5472c2[_0x5afb10(0x151)]()}),'GET':(_0x144cfe,_0x768fb)=>_0x219b5e(_0x144cfe,{..._0x768fb,'method':_0x5afb10(0x131)}),'PUT':(_0x4f4573,_0x26a910)=>_0x219b5e(_0x4f4573,{..._0x26a910,'method':_0x5afb10(0x153)}),'POST':(_0x22cd70,_0x4bbd36)=>_0x219b5e(_0x22cd70,{..._0x4bbd36,'method':_0x5afb10(0x116)}),'DELETE':(_0x43fe7c,_0x2aff7b)=>_0x219b5e(_0x43fe7c,{..._0x2aff7b,'method':'DELETE'}),'OPTIONS':(_0x47e3ee,_0x28cde8)=>_0x219b5e(_0x47e3ee,{..._0x28cde8,'method':'OPTIONS'}),'HEAD':(_0x40deb7,_0x3f5ab2)=>_0x219b5e(_0x40deb7,{..._0x3f5ab2,'method':_0x5afb10(0x183)}),'PATCH':(_0x3d9ba2,_0x4d5a93)=>_0x219b5e(_0x3d9ba2,{..._0x4d5a93,'method':'PATCH'}),'TRACE':(_0x2f0722,_0x2289f5)=>_0x219b5e(_0x2f0722,{..._0x2289f5,'method':'TRACE'}),'use'(..._0xcb9fce){var _0x1e2eda=_0x5afb10;for(const _0x1c7864 of _0xcb9fce)if(_0x1c7864){if(_0x1e2eda(0x141)!=typeof _0x1c7864||!('onRequest'in _0x1c7864||'onResponse'in _0x1c7864||_0x1e2eda(0x19a)in _0x1c7864))throw new Error(_0x1e2eda(0x18a));_0xf485f8['push'](_0x1c7864);}},'eject'(..._0x4c3559){for(const _0x1eb6e0 of _0x4c3559){const _0xc66d31=_0xf485f8['indexOf'](_0x1eb6e0);-0x1!==_0xc66d31&&_0xf485f8['splice'](_0xc66d31,0x1);}}};}({'baseUrl':_0x2d125b()});return function(_0x15b699){var _0x5cb9c2=a0_0x2521;return _0x5cb9c2(0x187)===_0x15b699[_0x5cb9c2(0x11a)];}(_0x49cf13)||_0x506159['use'][_0x1fb83f(0x1cf)](_0x506159,_0x49cf13[_0x1fb83f(0x196)]),_0x506159;},_0x44525c=function(){var _0x3473b3=_0x381365,_0x27779d,_0x4eacb8,_0x4220f4,_0x468e04=null!==(_0x4220f4=null===(_0x4eacb8=null===(_0x27779d=window[_0x3473b3(0x14e)])||void 0x0===_0x27779d?void 0x0:_0x27779d[_0x3473b3(0x1ac)])||void 0x0===_0x4eacb8?void 0x0:_0x4eacb8['apiGatewayUrl'])&&void 0x0!==_0x4220f4?_0x4220f4:_0x3473b3(0x13e);return''['concat'](_0x468e04,_0x3473b3(0x137));},_0x25a974=_0x44525c(),_0x1422c9=_0x139de9(function(){return _0x25a974;},_0x275f62),_0xa47912=function(_0x363e92,_0x3f7405,_0x47986c){var _0x4bb212=_0x381365;for(var _0x219f5c=[],_0x3ac229=0x3;_0x3ac229<arguments[_0x4bb212(0x1b3)];_0x3ac229++)_0x219f5c[_0x3ac229-0x3]=arguments[_0x3ac229];return _0x27b380(void 0x0,function(_0x23afb3,_0x640005,_0x5e3075){var _0x82d88f=_0x4bb212;if(_0x5e3075||0x2===arguments[_0x82d88f(0x1b3)]){for(var _0x2ae509,_0x576854=0x0,_0x542618=_0x640005[_0x82d88f(0x1b3)];_0x576854<_0x542618;_0x576854++)!_0x2ae509&&_0x576854 in _0x640005||(_0x2ae509||(_0x2ae509=Array['prototype'][_0x82d88f(0x130)]['call'](_0x640005,0x0,_0x576854)),_0x2ae509[_0x576854]=_0x640005[_0x576854]);}return _0x23afb3[_0x82d88f(0x10d)](_0x2ae509||Array[_0x82d88f(0x106)][_0x82d88f(0x130)][_0x82d88f(0x184)](_0x640005));}([_0x363e92,_0x3f7405,_0x47986c],_0x219f5c,!0x0),void 0x0,function(_0x34450e,_0x690570,_0x1fa2eb,_0xde21cb){return void 0x0===_0xde21cb&&(_0xde21cb=_0x1422c9),_0x980b01(this,function(_0x473268){switch(_0x473268['label']){case 0x0:return[0x4,(_0x3756d3=function(){return _0x27b380(void 0x0,void 0x0,void 0x0,function(){return _0x980b01(this,function(_0x27ec6b){var _0xc993d9=a0_0x2521;return[0x2,_0xde21cb[_0xc993d9(0x116)]('/v1/metrics/record',{'baseUrl':_0x44525c(),'body':{'identifier':_0x1fa2eb||_0x2627b4(),'name':_0x34450e,'labelValues':_0x690570,'value':0x1}})];});});},function(){return function(_0x5a7218,_0x3e3e06,_0x54c9e1,_0x19c709){return new(_0x54c9e1||(_0x54c9e1=Promise))(function(_0x591d01,_0x7d6976){var _0x2943ee=a0_0x2521;function _0x5f7ea2(_0x3ea2b2){var _0x45c200=a0_0x2521;try{_0x518eec(_0x19c709[_0x45c200(0x1b5)](_0x3ea2b2));}catch(_0x63fac5){_0x7d6976(_0x63fac5);}}function _0x3121fc(_0x1588b9){try{_0x518eec(_0x19c709['throw'](_0x1588b9));}catch(_0x3a4904){_0x7d6976(_0x3a4904);}}function _0x518eec(_0x6a0226){var _0x3063b9=a0_0x2521,_0x23b8af;_0x6a0226[_0x3063b9(0x1a7)]?_0x591d01(_0x6a0226['value']):(_0x23b8af=_0x6a0226[_0x3063b9(0x196)],_0x23b8af instanceof _0x54c9e1?_0x23b8af:new _0x54c9e1(function(_0x5df660){_0x5df660(_0x23b8af);}))[_0x3063b9(0xfc)](_0x5f7ea2,_0x3121fc);}_0x518eec((_0x19c709=_0x19c709['apply'](undefined,[]))[_0x2943ee(0x1b5)]());});}(0x0,0x0,void 0x0,function(){return function(_0x215778,_0x2baae3){var _0xa93d55=a0_0x2521,_0x27629c,_0x3bca07,_0x374488,_0x426255,_0x3494f2={'label':0x0,'sent':function(){if(0x1&_0x374488[0x0])throw _0x374488[0x1];return _0x374488[0x1];},'trys':[],'ops':[]};return _0x426255={'next':_0x915f8a(0x0),'throw':_0x915f8a(0x1),'return':_0x915f8a(0x2)},_0xa93d55(0x10b)==typeof Symbol&&(_0x426255[Symbol[_0xa93d55(0x185)]]=function(){return this;}),_0x426255;function _0x915f8a(_0x4d3c94){return function(_0x168834){return function(_0x2fd99a){var _0x183b2b=a0_0x2521;if(_0x27629c)throw new TypeError('Generator\\x20is\\x20already\\x20executing.');for(;_0x426255&&(_0x426255=0x0,_0x2fd99a[0x0]&&(_0x3494f2=0x0)),_0x3494f2;)try{if(_0x27629c=0x1,_0x3bca07&&(_0x374488=0x2&_0x2fd99a[0x0]?_0x3bca07[_0x183b2b(0x1cc)]:_0x2fd99a[0x0]?_0x3bca07['throw']||((_0x374488=_0x3bca07[_0x183b2b(0x1cc)])&&_0x374488[_0x183b2b(0x184)](_0x3bca07),0x0):_0x3bca07['next'])&&!(_0x374488=_0x374488[_0x183b2b(0x184)](_0x3bca07,_0x2fd99a[0x1]))[_0x183b2b(0x1a7)])return _0x374488;switch(_0x3bca07=0x0,_0x374488&&(_0x2fd99a=[0x2&_0x2fd99a[0x0],_0x374488[_0x183b2b(0x196)]]),_0x2fd99a[0x0]){case 0x0:case 0x1:_0x374488=_0x2fd99a;break;case 0x4:return _0x3494f2['label']++,{'value':_0x2fd99a[0x1],'done':!0x1};case 0x5:_0x3494f2[_0x183b2b(0xf4)]++,_0x3bca07=_0x2fd99a[0x1],_0x2fd99a=[0x0];continue;case 0x7:_0x2fd99a=_0x3494f2[_0x183b2b(0x15a)][_0x183b2b(0x113)](),_0x3494f2['trys'][_0x183b2b(0x113)]();continue;default:if(!((_0x374488=(_0x374488=_0x3494f2[_0x183b2b(0x143)])[_0x183b2b(0x1b3)]>0x0&&_0x374488[_0x374488[_0x183b2b(0x1b3)]-0x1])||0x6!==_0x2fd99a[0x0]&&0x2!==_0x2fd99a[0x0])){_0x3494f2=0x0;continue;}if(0x3===_0x2fd99a[0x0]&&(!_0x374488||_0x2fd99a[0x1]>_0x374488[0x0]&&_0x2fd99a[0x1]<_0x374488[0x3])){_0x3494f2[_0x183b2b(0xf4)]=_0x2fd99a[0x1];break;}if(0x6===_0x2fd99a[0x0]&&_0x3494f2[_0x183b2b(0xf4)]<_0x374488[0x1]){_0x3494f2[_0x183b2b(0xf4)]=_0x374488[0x1],_0x374488=_0x2fd99a;break;}if(_0x374488&&_0x3494f2[_0x183b2b(0xf4)]<_0x374488[0x2]){_0x3494f2[_0x183b2b(0xf4)]=_0x374488[0x2],_0x3494f2[_0x183b2b(0x15a)][_0x183b2b(0x1b9)](_0x2fd99a);break;}_0x374488[0x2]&&_0x3494f2[_0x183b2b(0x15a)][_0x183b2b(0x113)](),_0x3494f2[_0x183b2b(0x143)][_0x183b2b(0x113)]();continue;}_0x2fd99a=_0x2baae3[_0x183b2b(0x184)](_0x215778,_0x3494f2);}catch(_0x28ca89){_0x2fd99a=[0x6,_0x28ca89],_0x3bca07=0x0;}finally{_0x27629c=_0x374488=0x0;}if(0x5&_0x2fd99a[0x0])throw _0x2fd99a[0x1];return{'value':_0x2fd99a[0x0]?_0x2fd99a[0x1]:void 0x0,'done':!0x0};}([_0x4d3c94,_0x168834]);};}}(this,function(_0x19947c){var _0x270086=a0_0x2521;switch(_0x19947c[_0x270086(0xf4)]){case 0x0:return _0x19947c[_0x270086(0x143)][_0x270086(0x1b9)]([0x0,0x2,,0x3]),[0x4,_0x3756d3()[_0x270086(0xfc)](_0x2f3bb8)];case 0x1:return[0x2,_0x19947c[_0x270086(0x128)]()];case 0x2:return _0x19947c[_0x270086(0x128)](),[0x2,_0x22cb8d(void 0x0)];case 0x3:return[0x2];}});});})()];case 0x1:return _0x473268['sent'](),[0x2];}var _0x3756d3;});});},_0x48155c=(function(){var _0x2d1e31=_0x381365,_0x1e2b31,_0x46906c,_0x4bd1e2,_0x2af680=null!==(_0x4bd1e2=null===(_0x46906c=null===(_0x1e2b31=window[_0x2d1e31(0x14e)])||void 0x0===_0x1e2b31?void 0x0:_0x1e2b31['EnvironmentUrls'])||void 0x0===_0x46906c?void 0x0:_0x46906c[_0x2d1e31(0x1af)])&&void 0x0!==_0x4bd1e2?_0x4bd1e2:'NOT_FOUND';return''[_0x2d1e31(0x10d)](_0x2af680,_0x2d1e31(0x18d));}()),_0x3663eb=(_0x139de9(function(){return _0x48155c;},_0x275f62),function _0x4ce703(_0x2d699f){var _0x14186d=_0x381365,_0x560e94=_0x18c3b7[_0x2d699f];if(void 0x0!==_0x560e94)return _0x560e94[_0x14186d(0x16f)];var _0x3a8741=_0x18c3b7[_0x2d699f]={'exports':{}};return _0x5c33ea[_0x2d699f](_0x3a8741,_0x3a8741[_0x14186d(0x16f)],_0x4ce703),_0x3a8741['exports'];}(0x18b));!(function(){var _0x6ef65f=_0x381365,_0x4af289,_0x4f8267=(0x0,_0x3663eb['jL'])(),_0x2ff0c1=_0x4f8267[_0x6ef65f(0x18c)],_0x566ae5=_0x4f8267[_0x6ef65f(0x16b)],_0x3bdf94=window[_0x6ef65f(0x12b)],_0x99928e=_0x3bdf94[_0x6ef65f(0x1d1)],_0x32114c=_0x3bdf94[_0x6ef65f(0x1a0)],_0x51ace5=function(_0x1b7f2c){var _0x22d087=_0x6ef65f,_0x176237=_0x1b7f2c[_0x22d087(0x1a5)](/(sitetest[123]\\.robloxlabs\\.com|roblox\\.com)$/),_0xe4c6c6=_0x176237?_0x176237[0x1]:'';return _0xe4c6c6?'https://apis.'[_0x22d087(0x10d)](_0xe4c6c6,'/rotating-client-service'):'';}(_0x99928e);if(_0x51ace5){var _0x29daa2=0x1b58*Math[_0x6ef65f(0xf8)]()+0xbb8;setTimeout(function(){var _0x4e16c1=_0x6ef65f;try{CoreUtilities[_0x4e16c1(0x138)][_0x4e16c1(0x1b6)]({'url':''[_0x4e16c1(0x10d)](_0x51ace5,'/')[_0x4e16c1(0x10d)](_0x4e16c1(0x1ce),'?pathname=')[_0x4e16c1(0x10d)](encodeURIComponent(_0x32114c)),'withCredentials':!0x0,'timeout':0x1388});}catch(_0x4a6a75){}},_0x29daa2);}else _0xa47912(_0x6ef65f(0x1c0),{'arm':_0x6ef65f(0x176)},null!==(_0x4af289=null!=_0x2ff0c1?_0x2ff0c1:_0x566ae5)&&void 0x0!==_0x4af289?_0x4af289:_0x6ef65f(0x115));}());})()));function a0_0x5172(){var _0xf4ac97=['Generator\\x20is\\x20already\\x20executing.','onRequest:\\x20must\\x20return\\x20new\\x20Request()\\x20or\\x20Response()\\x20when\\x20modifying\\x20the\\x20request','querySerializer','ops','__core-js_shared__','one','constFalse','String','query','maxEventQueueLength','keys','__esModule','Object\\x20already\\x20initialized','delete','132uThrMX','fetch','166xEfJAy','10208254sqiZgS','symbol','constNull','btid','Deeply-nested\\x20arrays/objects\\x20aren\u00e2\u0080\u0099t\\x20supported.\\x20Provide\\x20your\\x20own\\x20`querySerializer()`\\x20to\\x20handle\\x20these.','state','publish','exports','\\x20is\\x20not\\x20an\\x20object','6XVLGnf','https://github.com/zloirock/core-js/blob/v3.41.0/LICENSE','nonWritable','matrix','getBrowserTrackerId','coffee-harvesting','userAgent','flow','propertyIsEnumerable','delegatePublisher','navigator','Reflect','Deno','dontCallGetSet','toString','setter','document','3.41.0','HEAD','call','iterator','onRequest','None','getBooleanAlgebra','EventPublishers\\x20must\\x20have\\x20size\\x20of\\x20at\\x20least\\x201!','Middleware\\x20must\\x20be\\x20an\\x20object\\x20with\\x20one\\x20of\\x20`onRequest()`,\\x20`onResponse()\\x20or\\x20`onError()`','getRing','userId','/rotating-client-service','bind','path','header','throw','versions','valueOf','hole','329740PWWZyH','value','toLowerCase','name','Incompatible\\x20receiver,\\x20','onError','sub','Called\\x20`absurd`\\x20function\\x20which\\x20should\\x20be\\x20uncallable','Content-Length','3EPnsBt','promise','pathname','empty','explode','Symbol','constUndefined','match','replace','done','find','entries','isArray','Accessors\\x20not\\x20supported','EnvironmentUrls','data','tupled','apiGatewayUrl','getAttribute','getOwnPropertySymbols','version','length','trunc','next','get','Request','meet','push','constTrue','from','onResponse','normalize','%20','stat','icedCappucino','return\\x20this','\\x20is\\x20not\\x20a\\x20function','headers','set','getMonoid','5471196dRYTgk','getSemigroup','bufferIndex','string','absurd','7671GmMizQ','return','Bad\\x20Promise\\x20constructor','v1/heartbeat','apply','form','hostname','max','enumerable','\u00c2\u00a9\\x202014-2025\\x20Denis\\x20Pushkarev\\x20(zloirock.ru)','unknown','WeakMap','target','7399584kZHOtu','browserid','Can\\x27t\\x20call\\x20method\\x20on\\x20','deepObject','label','map','getter','text','random','toPrimitive','constVoid','add','then','join','split','constructor','append','zero','source','fill','defineProperty','undici','prototype','params','json','undefined','substring','function','ownKeys','concat','all','6960033oPeopA','POLYFILL','Can\\x27t\\x20convert\\x20object\\x20to\\x20primitive\\x20value','process','pop','style','unknown_identifier','POST','createElement','getOwnPropertyNames','getSemiring','_tag','pipe','implies','nonConfigurable','toLocaleString','endsWith','global','follow','RBXEventTrackerV2=','Promise','TypeError','hasOwnProperty','eventQueue','get\\x20','sent','facade','stream','location','getOwnPropertyDescriptor','__spreadArray','startsWith','number','slice','GET','onResponse:\\x20must\\x20return\\x20new\\x20Response()\\x20when\\x20modifying\\x20the\\x20response','getEndomorphismMonoid','CONFIGURABLE','Right','flip','/account-security-service','httpService','reject','application/json','\\x20required','min','Some','NOT_FOUND','has','inspectSource','object','parse','trys','1499110IqkmRi','Symbol(','isPrototypeOf','not','arity','simple','appendEvent','unsafeCoerce','dual','stringify','Roblox','floor','trim','toUpperCase','withoutSetter','PUT','filter','allowReserved','sham'];a0_0x5172=function(){return _0xf4ac97;};return a0_0x5172();}})();"
  }
}