{
  "metadata": {
    "timestamps": {
      "start": "2026-02-18T19:56:55.673129",
      "end": "2026-02-18T19:56:55.730141",
      "duration_ms": 57
    },
    "url": {
      "full": "https://arkoselabs.roblox.com/cdn/fc/assets/pow/2.2.0/standard/main.css",
      "protocol": "https",
      "domain": "arkoselabs.roblox.com",
      "path": "/cdn/fc/assets/pow/2.2.0/standard/main.css",
      "normalized_path": "/{slug}/fc/{slug}/pow/2.2.0/{slug}/main.css",
      "query": {}
    },
    "method": "GET",
    "status_code": 200,
    "size": {
      "request_bytes": 0,
      "response_bytes": 825,
      "compressed": false
    },
    "content_type": "text/css",
    "cache_status": ""
  },
  "request": {
    "headers": {
      "sec-ch-ua-platform": "\"Linux\"",
      "user-agent": "Mozilla/5.0 (X11; Linux x86_64) AppleWebKit/537.36 (KHTML, like Gecko) Chrome/144.0.0.0 Safari/537.36",
      "sec-ch-ua": "\"Not(A:Brand\";v=\"8\", \"Chromium\";v=\"144\", \"Google Chrome\";v=\"144\"",
      "sec-ch-ua-mobile": "?0",
      "accept": "text/css,*/*;q=0.1",
      "sec-fetch-site": "same-origin",
      "sec-fetch-mode": "no-cors",
      "sec-fetch-dest": "style",
      "referer": "https://arkoselabs.roblox.com/cdn/fc/assets/pow/2.2.0/standard/index.html",
      "accept-encoding": "gzip, deflate, br, zstd",
      "accept-language": "en-US,en;q=0.9,fil;q=0.8",
      "cookie": "GuestData=UserID=-1784413165, RBXcb=RBXViralAcquisition%3Dtrue%26RBXSource%3Dtrue%26GoogleAnalytics%3Dtrue, RBXEventTrackerV2=CreateDate=10/04/2025 09:19:06&rbxid=7108482020&browserid=1759587403750002, _ga=GA1.1.1224127167.1759628996, _ga_F8VP9T1NT3=GS2.1.s1759628996$o1$g0$t1759629006$j50$l0$h0, __utmz=200924205.1769790118.9.3.utmcsr=appsflyer|utmccn=(not%20set)|utmcmd=cpa|utmcct=onelink, _gcl_au=1.1.445633669.1770730834, _scid=Wr9kCEc_3Nlyed1wABxVj3bEIIybNWtk, _scid_r=Wr9kCEc_3Nlyed1wABxVj3bEIIybNWtk, _fbp=fb.1.1770730835055.775171315334809685, _tt_enable_cookie=1, _ttp=01KH3WGKAR3H2AE8S5M5DX1J7W_.tt.1, ttcsid=1770730835310::miqHqGUEZxfvZ_nHbBwv.1.1770730835684.0, ttcsid_CSV31T3C77UDA0827220=1770730835307::XlXvMvpaVhbeZ9pnMwwy.1.1770730835685.0, _sctr=1%7C1770652800000, RBXSource=rbx_acquisition_time=02/10/2026 14:11:35&rbx_acquisition_referrer=&rbx_medium=cpa&rbx_source=appsflyer&rbx_campaign=onelink&rbx_adgroup=&rbx_keyword=&rbx_matchtype=&rbx_send_info=0, rbx-ip2=1, __utma=200924205.1785706367.1759587415.1770730834.1771414933.12, __utmb=200924205.0.10.1771414933, __utmc=200924205, RBXPaymentsFlowContext=6b863465-7439-4466-8678-42b7f0295720,",
      "priority": "u=0"
    },
    "payload": null
  },
  "response": {
    "headers": {
      "content-type": "text/css",
      "last-modified": "Mon, 15 Sep 2025 04:30:18 GMT",
      "content-encoding": "br",
      "x-amz-server-side-encryption": "AES256",
      "x-amz-version-id": "0Zm2M1C_w6MijyrHUXpHjBRJ22atZZDm",
      "server": "cloudfront",
      "date": "Tue, 17 Feb 2026 23:33:57 GMT",
      "etag": "W/\"8edb4793c844b8cb253b8888bc0e8e54\"",
      "vary": "accept-encoding",
      "via": "1.1 3eafd911617df6700f1357b2dcc7380c.cloudfront.net (CloudFront)",
      "alt-svc": "h3=\":443\"; ma=86400",
      "age": "44581",
      "x-xss-protection": "1; mode=block",
      "referrer-policy": "strict-origin-when-cross-origin",
      "x-content-type-options": "nosniff",
      "strict-transport-security": "max-age=31536000; includeSubDomains",
      "accept-ch": "Device-Memory, Sec-CH-UA, Sec-CH-UA-Arch, Sec-CH-UA-Bitness, Sec-CH-DPR, Sec-CH-UA-Full-Version-List, Sec-CH-UA-Mobile, Sec-CH-UA-Model, Sec-CH-Viewport-Width, Sec-CH-UA-Platform, Sec-CH-UA-Platform-Version, Sec-CH-Width, Sec-CH-UA-Form-Factors",
      "content-security-policy": "connect-src 'self' *.arkoselabs.com *.darkoselabs.com *.tarkoselabs.com *.arkoselabs.cn *.arkose.com.cn; font-src 'self' *.arkoselabs.com *.darkoselabs.com *.tarkoselabs.com *.arkoselabs.cn *.arkose.com.cn; frame-src 'self' *.arkoselabs.com *.darkoselabs.com *.tarkoselabs.com *.arkoselabs.cn *.arkose.com.cn; img-src 'self' *.arkoselabs.com *.darkoselabs.com *.tarkoselabs.com *.arkoselabs.cn *.arkose.com.cn blob: data:;script-src 'self' *.arkoselabs.com *.darkoselabs.com *.tarkoselabs.com *.arkoselabs.cn *.arkose.com.cn; style-src 'nonce-MfIH3gn0of06B4ek8vpnbH' 'self' *.arkoselabs.com *.darkoselabs.com *.tarkoselabs.com *.arkoselabs.cn *.arkose.com.cn;",
      "x-cache": "Hit from cloudfront",
      "x-amz-cf-pop": "MNL51-P2",
      "x-amz-cf-id": "dv251zeIAPgpxLP429lmVqnjxZp04QmyMdeZzvGnCnMhG-z1qEmk2Q=="
    },
    "body": "\n*{\n  box-sizing: border-box;\n}\n\nhtml{\n  margin: 0;\n  height: 100%;\n  min-height: 100vh;\n}\n\nbody{\n  margin: 0;\n  height: 100%;\n}\n\n\n.hidden{\n  display: none;\n}\n\n.shown{\n  display: block;\n}\n\n.container{\n    border: 1px solid black;\n    position: relative;\n    display: flex;\n    flex-direction: column;\n    min-width: 300px;\n    min-height: 100%;\n    overflow: auto;\n\n    background: #fff;\n\n    color: rgb(47, 59, 70);\n    font-family: Helvetica, Arial, sans-serif;\n    font-size: 1em;\n    font-weight: 300;\n\n    font-synthesis: none;\n    text-rendering: optimizeLegibility;\n    -webkit-font-smoothing: antialiased;\n    -moz-osx-font-smoothing: grayscale;\n  }\n\n.screen{\n  height: 100%;\n  width: 100%;\n  padding: 7px 24px;\n\n  position: relative;\n  display: flex;\n  flex-grow: 1;\n  align-items: center;\n  justify-content: center;\n  flex-direction: column;\n\n}\n@media only screen and (max-width: 390px) {\n  .screen{\n    padding: 7px 16px;\n  }\n}\n.embeddedSessionID{\n  margin: 1px;\n  display: flex;\n  justify-content: center;\n  font-size: 8pt;\n  color: #000000cc;\n}\n*{\n    box-sizing: border-box;\n}\n\n.spinning{\n    display: inline-flex;\n    -webkit-animation: spin 1s linear infinite;\n    -moz-animation: spin 1s linear infinite;\n    animation: spin 1s linear infinite;\n}\n\n.loading.icon circle {\n  stroke-width: 6px;\n  stroke-dasharray: 283px;\n  stroke-dashoffset: 140px;\n}\n\n@-moz-keyframes spin {\n  from {\n    transform: rotate(0deg);\n  }\n  \n  to {\n    transform: rotate(360deg);\n  }\n}\n@-webkit-keyframes spin {\n  from {\n    transform: rotate(0deg);\n  }\n  \n  to {\n    transform: rotate(360deg);\n  }\n}\n@keyframes spin {\n  from {\n    transform: rotate(0deg);\n  }\n  \n  to {\n    transform: rotate(360deg);\n  }\n}\n.success.icon circle {\n    stroke-width: 6px;\n}\n\n.success.icon path {\n    stroke-width: 5px;\n    stroke-linecap: round;\n    stroke-linejoin: round;\n    stroke-dasharray: 100px;\n    stroke-dashoffset: 0;\n}\n/* This file is replicating the relavant default styles from ec-game-core */\n\n.error.text {\n    font-size: 1em;\n    font-family: Helvetica, arial, sans-serif;\n    font-weight: 300;\n    margin: 30px 0px;\n    text-align: center;\n    -webkit-font-smoothing: initial;\n}\n\n.error.button {\n    padding: 12px 20px;\n    background: rgb(47, 59, 70);\n    letter-spacing: 0.4px;\n    color: rgb(255, 255, 255);\n    width: 100%;\n    border: none;\n    cursor: pointer;\n    font-size: 1em;\n    line-height: 18px;\n    font-family: Helvetica, arial, sans-serif;\n    font-weight: 600;\n    text-align: center;\n    margin: 0px;\n    -webkit-font-smoothing: initial;\n}\n\n"
  }
}