{
  "metadata": {
    "timestamps": {
      "start": "2026-02-18T19:56:54.033484",
      "end": "2026-02-18T19:56:54.283270",
      "duration_ms": 249
    },
    "url": {
      "full": "https://arkoselabs.roblox.com/fc/gt2/public_key/476068BF-9607-4799-B53D-966BE98E2B81",
      "protocol": "https",
      "domain": "arkoselabs.roblox.com",
      "path": "/fc/gt2/public_key/476068BF-9607-4799-B53D-966BE98E2B81",
      "normalized_path": "/{slug}/gt2/{slug}/476068BF-9607-4799-B53D-966BE98E2B81",
      "query": {}
    },
    "method": "POST",
    "status_code": 200,
    "size": {
      "request_bytes": 10481,
      "response_bytes": 2206,
      "compressed": false
    },
    "content_type": "text/plain; charset=utf-8",
    "cache_status": ""
  },
  "request": {
    "headers": {
      "content-length": "10481",
      "ark-build-id": "a87f7163-5524-449b-af22-1f88f02771d5",
      "sec-ch-ua-platform": "\"Linux\"",
      "x-ark-esync-value": "1771415805600",
      "user-agent": "Mozilla/5.0 (X11; Linux x86_64) AppleWebKit/537.36 (KHTML, like Gecko) Chrome/144.0.0.0 Safari/537.36",
      "sec-ch-ua": "\"Not(A:Brand\";v=\"8\", \"Chromium\";v=\"144\", \"Google Chrome\";v=\"144\"",
      "content-type": "application/x-www-form-urlencoded; charset=UTF-8",
      "sec-ch-ua-mobile": "?0",
      "accept": "*/*",
      "origin": "https://www.roblox.com",
      "sec-fetch-site": "same-site",
      "sec-fetch-mode": "cors",
      "sec-fetch-dest": "empty",
      "referer": "https://www.roblox.com/",
      "accept-encoding": "gzip, deflate, br, zstd",
      "accept-language": "en-US,en;q=0.9,fil;q=0.8",
      "cookie": "GuestData=UserID=-1784413165, RBXcb=RBXViralAcquisition%3Dtrue%26RBXSource%3Dtrue%26GoogleAnalytics%3Dtrue, RBXEventTrackerV2=CreateDate=10/04/2025 09:19:06&rbxid=7108482020&browserid=1759587403750002, _ga=GA1.1.1224127167.1759628996, _ga_F8VP9T1NT3=GS2.1.s1759628996$o1$g0$t1759629006$j50$l0$h0, __utmz=200924205.1769790118.9.3.utmcsr=appsflyer|utmccn=(not%20set)|utmcmd=cpa|utmcct=onelink, _gcl_au=1.1.445633669.1770730834, _scid=Wr9kCEc_3Nlyed1wABxVj3bEIIybNWtk, _scid_r=Wr9kCEc_3Nlyed1wABxVj3bEIIybNWtk, _fbp=fb.1.1770730835055.775171315334809685, _tt_enable_cookie=1, _ttp=01KH3WGKAR3H2AE8S5M5DX1J7W_.tt.1, ttcsid=1770730835310::miqHqGUEZxfvZ_nHbBwv.1.1770730835684.0, ttcsid_CSV31T3C77UDA0827220=1770730835307::XlXvMvpaVhbeZ9pnMwwy.1.1770730835685.0, _sctr=1%7C1770652800000, RBXSource=rbx_acquisition_time=02/10/2026 14:11:35&rbx_acquisition_referrer=&rbx_medium=cpa&rbx_source=appsflyer&rbx_campaign=onelink&rbx_adgroup=&rbx_keyword=&rbx_matchtype=&rbx_send_info=0, rbx-ip2=1, __utma=200924205.1785706367.1759587415.1770730834.1771414933.12, __utmb=200924205.0.10.1771414933, __utmc=200924205, RBXPaymentsFlowContext=6b863465-7439-4466-8678-42b7f0295720,",
      "priority": "u=1, i"
    },
    "payload": "c=TOKcF%2FX0Zydb7oGyvRDxyihEWVfEMuqsxNQglA%3D%3DUEEK2GtXQyvKKBM1OrLo7uU51HZn9wtZRHXftw1shXEVShitJ%2BsGvDU4H99DzaVmTSU7MrjcjSYHhm8ZekGcVbXt5hpizE%2B88rocIC0Up3urm%2Bpi6CLdTlOOmKGwv8qkhsgLLNCtPdWv9VTxsYJ7nICJXAqXXfXreciwFyE%2BzOvcr%2BYobGP4Z8v0hFAjovqKij7mUp%2FMJzqvi8WVujtkTqUJIGEeXJlR9OYbXryFXWkerOkCbpmLbnvUbYuxNzMQLcmlJ1x0N4NI3bCsP9V23GehnTBG9NdwXsDf6QLkDFFegqH0SCraQ%2BmG0SKBM%2BWLAveKpOmf9WZgbazcKlFK%2Fg%3D%3D8iZX9IMKPFSZD6MYIVXj6Q8Tr4znJ2VYRga6GrBdkmc7Dw2YZMvEeDL%2FyBaNZKwXALz9KlrBZG5avLIm3VFFp3n5jlL0if%2B9kSDFzEO1nAxgAJuhxJ4%2FbjAqx06uAeJ1TKNzMGCOlF8A4WE%2BEnZVdV1CEElIpatcWm1KwHeVL1eIXHtRRYu3jbDdrUtvu9dOAC5TPiuQaBxrhUcoNUIAdK4jLynycNHaTJERijaPr9MYw6HFCHG1NTRV%2F6BMAuLS9kVqqy4tm4odIHs0gprrfwTHJSXuyO%2B%2BYuJt0SVpNm84rz9bw7VQEBo2FM2JkE8zrL%2FfzMxzjTFx3YSbqXC8ReMRL84hX5otkO9PowO6OZcDOD%2FYHBLvweo1mO43ls3ALYgLS%2BnImvrPZKQZ9xRn7r6r1W16vgsRoxvvGb1bl99ZnVCIwKSr3TA5mKjjqYxyXwPejmAjBbpqWz6Zpp8gcNINARtVIrD9TKkonnQ81C2gO12fwcJMx4oAR9OGuZTHVz5jLKsD6rW1SpqtnHV0hmMNFXonfdU35rUJBX7OMHoGAs8NtJMUzpLhlLOoeR%2F%2Fgtw%2FqSjF5uFHXem48rSXazSve%2F9zPvT8Y1fnZqM%2BIe3l0KKp58Dcy8yQhJlwfQCrk2Myo8UItsBr7NlePOXDk9syP%2BIaRJpzVfiCJS3%2FXJOpucjRyA3TUnDI3bHMCWtq5wVdDnDGDrGZDM3BUFBaiLfSU66yTOHI%2BUL%2Fj8oWmk%2BcHruldOhXIv9el3xZzTtDuMQhxtJ1O5srN19IDi3oNBsFuOfrAMfOU1v5Vidj4x1PrNElJyGYx7zJKX6br50EjgFMZaS3N5Kn5Jw9ZZLPCX%2Fw8WwIVRDISKgg8rOQ%2Fas5rrPaJsRvzyJCvkcOnP2cN71TygYPGUiFhlqXwAf2ZQIReLEUmUXFNRVaHVVdhibj5Sc%2BMOasncVusHkFhQ%2Bt0hur9VWi81wj1%2BrhSXQWUP00Lxfp4aYBDZHa8y%2BqO2xHfPh9sWw6Jb5gq3IZncnYK8fyqA%2FVkfxzIe3OEbbWObDNE%2BS8122f8d1nWJtv%2FnataCiTsuoz90bnu86mq6rYQthqel11CU9x9PM%2FzRG%2BqPPtLQj2M%2BFv1%2BNcYVhUWROCSyadr9DsBNlUNRH1G8LLNkD8fwgYt9U72AFwepDl%2BaCsArK5wokhxMDMZNnVtVLHu093DK6Mh%2Frv5jyqophgaoOsJHO17u4mBjJfbEyGfvqtOtlyTSB2etNfdRL5FLbU0sSJ4upPm5%2B6t2T9OLm27ayBP2VsTKijEcWZBmTl7rx5wjiqDb%2BHo42Ai6FoPK6ixvzLEEh3Vp1ZTcAjxKyQz8AUEPE2fb5cw8SiUhkU8VlB9jsrKu%2F5Sm1NuHJiZjvdQE0T2vscB7WZvenRSw%2BPDGyhMbwcPluPmYkXZWaXILf8kv%2BG7DjlmDRxakhfrOqOuHlogIK0MEok6PAbr07XUNkA%2BUpFuApBKsODuCww15GvfcFJFhUJJqQBQYjEKnXAYNbqsbm1u7FX2dHmsy%2FZj6M96BoGe%2FSFFU1uuI0d1SukvqW9xAdmAcpQqsfV6pe8RNiFOaDOQMdgnCarmaAq3qk1jiX3XQLZKEuY1ZvAFYojuB28AXjk03dkbLW2enWNWTZNOXR8JfMsKyqXF9i%2B2DQfucnTQVXskEqJDXMT7ZcTWbuzxcBjztoiYvWIAIaai%2FVDFZEky37HgWDnPIiykAUfkgGz9tzAYJ1RfeQJv2mfgx0%2B53F6pyIudhay81Vs1YzTzlXwmAjFZYYXq7tFwVfvKmP5qK7Hfw%2FCRoq1sxFu%2B4TRUymVrKEf92ogfg0Uqjs20INF7xbFQd%2F%2B%2FQ5b4rrbbALrsjikXDCwJNIB95PmnqOw4qUWpnbxp%2BuvZYgaZjF2nrrDAiukMCTMLmCismA38qn7gziDwi%2FLWSg3S8PCSnP7LgKdZvmrnzKi9FqxRcqTTkrzMsNZ8HrTGm30Rwj578tCZ7EggKgEQoXRadJq2o%2BOpE51aQTqbQ4cHTC5IOXEGlKe%2B4y3LlZABJBQyi0nWykPEV%2FBmXwdkUYJpbRcrjcRd0PptR6TpE5Z36b5eJQQXngRIMH6hhOdTFXdJ5IZcFnDlcLdGxhiD7bpkBxt%2F7J2Ov94eqFIYRue1XEC91bzGrJD8G65tQxUJSEjE0%2BkyKryBFuvI7zlIaXA7MqdvOim3SB7ydNRxgYmYf8spOt9CafHct2EDHEqswQBXAEiMmkYcsRRzu2wQM9yLmBjeLeZv043puR0Qw6J63ZpsNRbg4CLk48yOnIZLQKSer5QUZ39Ny5D%2FR%2FYwriHNr1ueljKRxeg4ocU35f3RpTX%2Bqt0adFU3LQT2aQfGMMtfO3nMv%2BBxdtAR99Zizx8Bow1tzSsyQBB4F5cZ4OLkGYgjrlHjnZP2vNue%2BeXX2JL%2F6vg%2BzBYSNaZ4LovUcuMfY1R4fpsm%2BiOJhHq97gbTVIJgGeehy3oQwhP24BeCPWsgDPxpovYdeXhx51EW%2FCNpwktzja2T%2BNmDII3aCtCq9N2jXlXu4BiacgRdNL2NGinG1stGf73IwvF4I907wp%2BJ0cFsaXFv%2BC0jwJOVBovvdt7aZglao4uuoJD0AnpdSxhumgalyioRSKes6Wnj8uUcjILRRsASWTp0d4MPGOD%2Fzpdb%2F9WrteUeJhrwtZMgQIJju%2FkRtwHbZYfnIOrBFQDXz6Oh9ZirXcXVFnNVYjQl4mDGGF%2FB7XrQSzanLhsZ7RlCHIrgCfD9QGSxUdhGWVV8xotYYq621fIzNhyAbHVnkzrKXGBsI2wa50m9tULG04zyal2H9%2Bujb7meAs9vH%2FImact4eX%2BUIXb%2BCVchzG2vSiS%2BAuOBvTuOaTD%2FdbGq5BmsGeuc2n82xAGQtooksDgLI5CrwrWFBXe%2BV6tnVjTw26dI2r1gjTWNKADJ5%2FYfjWceuUQYPXW4ta40N4I6%2B1RuRAmAT9BerNvj98BGbl%2F9jG8QBYmM7Zxs8Bb6Nu9RiGHeWxOLU9lbnAO8iKKGr1hVKBHdOvEbjwxhTRmRvz3Mkh04s6294wPPzF59ZYBApW3a%2BuAYwQEIBYaPVPCkXADQmZvHQtQjY49DImF1DqqBmjKekaf4FF%2FsUaIxkG0VMkrPZAoqoP3yGXBAurjebizCC3%2BzkN0a5jnCXx8NhmJ7BhWYQlNcOGpHy5QqbNz5AdJY0cpqPIRx4jQ%2B6Imnrr3IDO6JjK48AwZjo7%2B5xX7yTLK3vAn8uQ%2B%2BMDo%2F2mBLsorNdZLBKSy7PAyDO64%2B7EY%2FJz945LORgCZj3NcIBjeCoLYmtySgOcMKsKPh2gDIVt8ml0KGL67O%2FbRbpgw6My01XedtsA2iJeRadD5GPeVeTDPuRVK8crJI%2BEw2sOAvtYruB49gC1uVDV8bLjJma50fDPAVUfLCQv6aixWhArBKN0ENEB6qlXKSelVDpFql5F%2B0CWRgLoiQHJqWo%2BapciIGJoo7AjEv9mL0Bf6l3xGmvS7sVrE5xh5pXVQVFZwUbnvxYjGHru2MgiQs9xNMXM%2BEFNhRgYfTqWy67eByY21atTNUYAWE0QhuP5qEcyldCHRcSMYjH%2F1mRcBa5kj7a5cQs80i1jxEcLh5xLhNmbAdZ9Wc7QURDmFmho9httEDaI7ooxgLQ7yKZmLExX7EVxQdhPbhcxiNh7ZV1AKtjZYab1ie978u1dkguWSeI7wfIhBqYUZzMooIOD6%2By98E%2BfaGe5wQ44ZRpMLTHQFwaX99RJCa6aVvIrl6JLyfs0UnqwmCyyHHgKupWOUVhkfBtUA5bG54HEtdTT443agZTBv1d%2Ba4de3kZDcnHg6dHW1pN9e1lXhJJfeulvh30LPqwy5Rn8AzHSipLSJT4LOsyYll0LqGGyW16qljMBl5C4OMHLpxuN0b56asSwpxV1xnnQKODnRRZxyu5RxNqfbIdBY1dqYYqIiDCvFTd1jWAuocYGwepGu2M%2BVt3hJfZC8M1SCXvKPEYtZNf%2F8536rZHWS3DQmUv3bgrIZoaRg4X%2BXr9Q2Kd0dTfM3Cb9QDI%2FlNso3UbED%2FB5NGrfSE2ahrLiaCffQhOjjUCg7cwDm4cxFdf%2F%2Fm%2Bb1QaSWGj%2BuyEUpgJ9BzNYVpt9tI3gF%2FL%2ByYcONyDihGSpkxqVkosskn4MNTHJfeZdgZW93tEczw6URTApU3nVEhcLsPOL3c1o3ywC2lPthfgzfOwk2I8Ik6DoI5eDpR72b8q1yxbCNHkvueT3K6zDnexyMAiVvWQGWJnqtC4OLMowAt5De%2FNlsWlgqoKl%2BZNQPwNc%2Fghm%2BxC2h0aK1zw1VG%2FlrnR1WLgG%2B5en9oRy5mtioSZpHh4pRnbpOxdtjoxrcTS%2B18AaM%2BiEPLwhxByQD3VwwnXwwGbJagVlco5u9d3OeMf%2BSYhDeahISvc0aG2lBnw6WZkvL8mzkeNyQb2g24brE4qq639jLWX0iP%2BwqKlPIhcyAlj5fric6zslM3UkvfqtLwpZAUSNSOzRj7LqdgG2ngbttyxm7G7KmPaVq5lmDJg0C84JKfVuWrkhAQzYt7jlPdEMvpLqQuVhsAxJ4lkirieoqCGzXgb%2BAbYi7fNWz4ieCVaFgmd%2FT%2FOGPnq%2BmVzrbilRMCNmmuSn570jwBN%2ByJBf4eGJg8uu1opmc7uYuZcwMy4%2FRIqHuC4LBAhRKi8B6Y1xa6Xdde09OBc3Ws8Tu57LxO%2BJxqycMrR9x3FrL%2FxFJzYhnhm7ulI9IoIYwB6Z%2FMJ9pOMlCJz35xTrF3ErNlfr1Y8mYttkJW2mZEXxWCDLKJ7w57BShgXY5ZuWNMmOvfepqJHx6cicge9uo9kF0liN2VxD9wI7fzxW2XX2zUbI6nWXPhsGg4yFdS97kXo8tyYFSoY4KLGhH9D73u8fVYGXc2Y8MMDGa9fBp6%2BrNKBIP0vfWJ8CM%2FAHF3B50%2BjpjaW3wO8lV7JlwWCbARYBi%2Blj%2FFESwJ2ZTd1ztAEEhEeNcLYUCXBZ2Mf8QAmQrZfHKAjw3nsg070bO3jBc2OEiI4UNW4dTbToBtZDy1EOyqgl2pn%2BSHjivedZq6Q%2BYWRev7htRn0L7LWFspMgKz6M%2Fy1rXrNolvrPHl5gas7ZCo5MhkQpozXUstUxkh78XUa6crdv0N9k3KeFDy9LQY%2Bns6QJQuhMfhyPrMFpyUY6%2BW8KtajhlT9C1N%2Fs%2BYEdFrN5xPiyw4bB92MRcUmTlVRGenkruM2njuz84JwRIPzot4bgIVgN0AkcClVN6Mgfub9UQfRvxAqVIo7G9TPhaXfBuFEmCrWVMUJEX18oNLv7f%2F%2FUQ6O%2BTyrMJPahCTqrp7BmRACQHTBuXvOmikO6YFm0taslaD2Glmt5uIiy56HlUtu50%2Byd95AilIcEFZJ4JEA8kzLuijMsewvcYjpjxjU5QPk6Ve89jcrPBME9mfMay4O26jKZkDiTaBNW2m%2B9qHoliWjSJ6ANZ%2B0fbe27K2dcYm%2Fw3bA0%2FUlzY18Fnb6zrGDQnCgdyXeQNps51Qzmkvd2HonrZg%2Bfr07H5bFwb7rjDFy%2FDMlJfl4HM2miS%2BmcQm%2BRN7caYFxGcGZODbfYlBNQMnprtaKAGbReiu22A9LYAcMCyemOfLyQ0dzdlelI4%2B0xHBf%2FIrUXi%2BHnunMrHIMTFYjlNvhY%2B2EAORYfduwyijy7VY8y9UFufBH22AJBCHqTrQoietqBvLVtVkpZPTUllhQtLYel1fco7oOjabQzVo%2Bx5IfzU9FczOOECoOPT5enAwu88Y12NXvYj%2Bkx%2F%2FBJhNmh8XMxH3HNsZ7j9Yj0R9WGknBnr6aegQ%2B%2F%2BFjeGOl6O7Y6cM2503FlOEf9a8NybZY1eVEd0ODWMcYkDylqTlZqmZlcQp%2FgWny%2BkdjNema%2FI5rHhKQGsF35h2KWfNpr8gpmeafo%2BkuQ%2FmWPVrwn%2BH%2BgLVsnYEmHrhG%2FJ7fkV8LbJkuq%2FbR%2BwnnLW27Ekr3T7bPz3t1ZsCV3UN4DoaXXnrKqf0YQ1FXO0yTYLDY94qY1AeGZFBILWTkowtaLjbFbcuyl31Kkkm%2FZjp8EAsuIyh50enhGyTvy3au%2FqhAGFpvMdi7kbUKJeiOM82BCfQMECr731R2ixaz7nrsFCm%2BZeRvH0cveXtvCIOfMsnHwy52X3JO7xnEBax4aBGwshmKBMB4TYQF7GZQGegm6NmryPNPvMwvzEhvJ27FX4ZxRaUm6aMMndppFFV1Yx9aWUMU0mVc84t5Osfx5a0BWtdQyqj89FN2%2B0rQ45MoHh%2Fh19vBNqtq6cOvlaURkjgYv8KtnWojibwLjG7pIkNo6JW8Mq9KTLztHzETSIYPVZhVCpdQgWDAB4olP8ZQpAgmPmypeKapyKAVNfyMv7EbnlGyU1fgwVrzvYr%2BMuoEcZeb0OJ5qpkCSMs4ajSvvy5Yp6aD5Ry4SrlYAD3yT7wYo6Ctei4VFbX%2B8pUMTSZXLEoYLyuFMCqbaskxS4VvDj5LQL9wtMrC5lxIbRyOe4j8dzApyTD4qpnSdI%2BmeZKbc1oNWTN6Lu6VWzrDcYGcaFLi0ZBcMDHRdBsvqBBJZz0AmYif0fRS99HJmRKxqE3JWr%2FjUhuv58b1sqyFFs3eoqrQCpJf2lQ1Unbm4yuDqyJY7VJyhTXGG%2FkjkBCkIxVWQL8Yl68FM2EOL38F10y%2FOfvZobcfEXwCcR4TbfFiuPUOikea%2Bm6WWn%2BqX9NukYu9eWZbhS6SuF6gT%2Bl9%2Fu4Zi3UiMP9KuVZAYJ44g6079tn7LrMmXiUCbYF%2FSLNExnFpPxhjQAJq1Ez%2FSMV3sglx1YMlsfrfM3olIods8Y8AjZhHjJA87XW3Z7W5eGJocA%2B7b8BoZ%2F5DLEWD6w5m2gA1tkNpGp8dBp2Sk1dmNeX8VeU058RrWYX9x1KF%2FgXzmDacTJlwRtsH2gGZGG%2BB6Eli1orW1%2BRIXafnDH9cbMYjPjd1p4jMp9CrqdMMc6mHyBkoqX%2FCRGkaxu3CJA8OczGLG6Wm%2FqqNZOj3WilSycKbFf8hdE2yNPuhtGRuDGkFBF3N0X%2BhhZfn1RvFMveURSVOHy%2BHYPisNhwGjo6c2sUlnGrlkAzQVdiONuVncmzFsQz1D4%2BFzcf741aLu5sCMhokFC1ZNrcXazq%2FtWGf7%2FKBxW4c8LPoqQ0wQQ%2FKsS09ut8rvQlPf7eMsHzqDUzXtD9yNPTKylEgQm%2BjLHLKifPFkphLQwouTYQU%2BABJDkaq%2BF%2BCWbJBwb4ehLK0VcvzXGoazji3DZB2ImMvgEg%2BrY9E1S7Oz6UY%2Fzc5gEfIT1xwa4dA7%2BdBU8dE52kzC5ERixJQMj3bsmmH3GdZOnxr8jqi7Ey7%2BMnf5XXRBst%2BerL8hFjiaBZUgJcJCdHwed9arX68HJVuJKhNO9HNkI4wpi5WLXPXLtymhLpO4hnVVAsjuP1sKOlDxiC0R%2BcVtq7aqIm%2B4M4rYC3AAw1TKZQI4KEIzM%2Fb6cN%2Bk4ca6QNPvU97clyfthqJSpF7jxyPjWAJsYBKH33a4NtETYhQSghfqXnW2OsGFyQYXQk0tQhrhj%2BUnCW9ccay4bUDOhoBrJGsJdMB1uZwqPTe1FVKdPbH9vPInC23uo5yuduug6P1bVe0TXx8zh1IH7%2Fe8qBR5GZxhksgUbqTuMAjWWggMdbfxvo8Og8pmLOhhS%2BhmLCQrhveytIEyYn72hHpVVyZnrdDSlWLitnqM37EuuKKz2fVm9MTaN%2B%2FOG3m3V0CdgUo%2B2S00iP3LYe%2BtCTpK4Q6lpibHTdcZOlMAyTsu%2B08BUPirHtXm553I8q8Zo93x133BKM0FW7nLQRrvs%2FZiTY5QXFlgCyb3kkPBTm6PjnSCFuPq%2FDtw2XeN%2FczsZxnzxOXOeeOxwaXg8BWcMFoWv%2BAIyMvHlMFiRW0mLBFr%2BeKrXDRVfIrahZvnKFfNDm9TXtPeLmdpXzAYOomL%2FK8Wx8rg2Ux7T48K2xd54B0uXlH%2F%2BBGlNklcXunb6%2FuMNztxb9YrQ8UCu6nafYZOD7ijntdW88V4XX1TdPm6YGk71C4rUgPOLZQX0sz40EYFpqouO8oGLqjnBhZ7RJK%2Btl7x5MfMMwrvWKFusTGeg%2F1iUJXrMTxGjsgr2B9iX9KUdiwoycT31xjQdG8zuIp2grjhhCNNuOIWjvU%2BfZiIaLzK9%2FX4r6ihCLmRV%2FofRjFeOE%2BQmjMsF1iOSG7Us3opkY2QINd2FbR%2FG8fKOy7WvV6Cjs%2FYz3Z9j8zgb%2BLoxQ1w9GgIAMT1abUNANXlcLOXAtCJuHPBXOQK1sk9XhbeTL4F3K4N11Gx8aNXTfEheOAvMOdtcW5mNyjfQ3bCCW9%2FieNTTfFOWwFO15y0edVgblK1cNK0HnVaLhn9RpTS6NqqEP4RfOY251HBK3geOoIBzSK%2By2rKVZlNTp7RWMYyE7mDO9qCCye5s3mB3k6Ekk%2FItQrUXAHuw2jO%2FQ%2FBWRSVuK482n9Qy0z3mhoRAi2ENn5pe9xcJn3dBnn41vabA23Ccark1dFsxhjr6b%2F%2FpQzrPFmQPUzG0xKiqNE4kZlgWedZTuDHg8%2FN8IIZfPO8aFJHUhrdCz8XWJQrLIgrW4%2FTLAg%3D%3D&public_key=476068BF-9607-4799-B53D-966BE98E2B81&site=https%3A%2F%2Fwww.roblox.com&userbrowser=Mozilla%2F5.0%20(X11%3B%20Linux%20x86_64)%20AppleWebKit%2F537.36%20(KHTML%2C%20like%20Gecko)%20Chrome%2F144.0.0.0%20Safari%2F537.36&capi_version=4.0.14&capi_mode=lightbox&style_theme=modal&rnd=0.6396043559531537&data[blob]=GJVVTCBQWgoIKu6g.4P4D%2BkiqOikPjyzNf9MCOwfiUh08YyOr1a8pxfxLEb3SDE43prCX9P%2B%2FguswTi1Ls1vBryAF8Y0tH3tA100BGIxZS2If9tOCECSHm7J%2FGyjQANJXYdvboVWwrS%2FsLsAwrjTK7UMO%2BY0JFMpOB7U5bT6XISU2fjnqNmal0jKqiuw0pYByJ%2BsyGemwQAaHNqU%2Bt2mGGwrCje7f4W5vuiaGN0gd6jM9cb3dyp4%2BIoaPh4asYMwK8DJpinZes3HCH5JSX3AkzvrDtj6ePDsWoPtVDb5wigjsIqE6y24HbS87IDW%2BD2V%2FmUL1Owk5QPPq46jOE0wfg1qTtVjESM1ph7hIqateZdYVRZwMcPlB9L9QLI0tB13hJMfxDa%2BRbvGb%2FpF7irS4XsbJjSwpGR%2FXfAx17nYIGYQmWH%2BH76%2F7OYlPwTO3elNNqvdyVIsAAXaJSjbTawNjx%2BnA66au%2B09IEuICTKkDO73d9QLO1tSgQk1eWC%2FYQvz5kRZ%2FFXk8gYvrQPkMyK1ghd%2FCJPAMMqaoLiqiX5xJVRnge9SAyAWysxARdb28WrYefHd8RE%2B6SQ4vdxDh6r8c3CAmVaXz7c1GZeqWZtjJeA%3D%3D"
  },
  "response": {
    "headers": {
      "content-type": "text/plain; charset=utf-8",
      "date": "Wed, 18 Feb 2026 11:56:55 GMT",
      "version": "2.0",
      "x-envoy-upstream-service-time": "66",
      "access-control-allow-credentials": "true",
      "access-control-allow-origin": "https://www.roblox.com",
      "access-control-expose-headers": "X-Ark-Arid, X-Amz-Cf-Id",
      "content-security-policy": "default-src 'self'; script-src 'self'; style-src 'self'; img-src 'self' cdn.funcaptcha.com cdn.arkoselabs.com data:; media-src 'self' data:; connect-src 'self'",
      "hackers": "www.arkoselabs.com/whitehat/",
      "server": "cloudfront",
      "session-id": "4881895554c448373.7161280104",
      "sregion": "ap-southeast-1",
      "via": "1.1 3eafd911617df6700f1357b2dcc7380c.cloudfront.net (CloudFront)",
      "alt-svc": "h3=\":443\"; ma=86400",
      "x-xss-protection": "1; mode=block",
      "referrer-policy": "strict-origin-when-cross-origin",
      "x-content-type-options": "nosniff",
      "strict-transport-security": "max-age=31536000; includeSubDomains",
      "accept-ch": "Device-Memory, Sec-CH-UA, Sec-CH-UA-Arch, Sec-CH-UA-Bitness, Sec-CH-DPR, Sec-CH-UA-Full-Version-List, Sec-CH-UA-Mobile, Sec-CH-UA-Model, Sec-CH-Viewport-Width, Sec-CH-UA-Platform, Sec-CH-UA-Platform-Version, Sec-CH-Width, Sec-CH-UA-Form-Factors",
      "server-timing": "cdn-upstream-layer;desc=\"EDGE\",cdn-upstream-dns;dur=0,cdn-upstream-connect;dur=0,cdn-upstream-fbl;dur=102,cdn-cache-miss,cdn-pop;desc=\"MNL51-P2\",cdn-rid;desc=\"4eJaPO0dIwX8HFGqY3plw59bYUUqR9jiWKOF5AhCTz9yZ5r6QHXcOw==\",cdn-downstream-fbl;dur=112",
      "x-cache": "Miss from cloudfront",
      "x-amz-cf-pop": "MNL51-P2",
      "x-amz-cf-id": "4eJaPO0dIwX8HFGqY3plw59bYUUqR9jiWKOF5AhCTz9yZ5r6QHXcOw=="
    },
    "body": "{\"token\":\"4881895554c448373.7161280104|r=ap-southeast-1|meta=3|metabgclr=transparent|metaiconclr=%23757575|maintxtclr=%23b8b8b8|guitextcolor=%23474747|pk=476068BF-9607-4799-B53D-966BE98E2B81|at=40|rid=94|ag=101|cdn_url=https%3A%2F%2Farkoselabs.roblox.com%2Fcdn%2Ffc|surl=https%3A%2F%2Farkoselabs.roblox.com|smurl=https%3A%2F%2Farkoselabs.roblox.com%2Fcdn%2Ffc%2Fassets%2Fstyle-manager\",\"challenge_url\":\"\",\"challenge_url_sri\":null,\"challenge_url_cdn\":\"https://arkoselabs.roblox.com/cdn/fc/assets/ec-game-core/bootstrap/1.31.3/standard/game_core_bootstrap.js\",\"challenge_url_cdn_sri\":\"sha384-4RUcl5GWvX9e4Ns9/9mUxRZGlhgtv4gN9+N781o+J4ZBYk1iX2MXUfGsb2fcp5/0\",\"noscript\":\"Disable\",\"inject_script_integrity\":null,\"inject_script_url\":null,\"mbio\":true,\"tbio\":true,\"kbio\":true,\"styles\":[{\"name\":\"Inline\",\"theme\":\"Inline\",\"iframeWidth\":302,\"iframeHeight\":290,\"style\":{\"id\":\"3f436853-58f1-4160-a370-95b052830806\",\"sriHash\":\"sha384-KpMnfc0ygElXRDV+7Itf+FkW7mbgZoTyDB8CwyLZUkCcbVR+NxG6DIJaWvZtfafP\"},\"assets\":{},\"customStringName\":\"\",\"layoutOrder\":{}},{\"name\":\"modal\",\"theme\":\"modal\",\"iframeWidth\":400,\"iframeHeight\":450,\"style\":{\"id\":\"85dffee8-877e-43f6-9675-a43c8425e5e8\",\"sriHash\":\"sha384-vLCCa/vDWQsdB0Rmha4IlO/Skf1oXhTMcukx7Bj1kUokOcpYnp3VYqe2UtRiu+Pa\"},\"assets\":{},\"customStringName\":\"\",\"layoutOrder\":{}}],\"iframe_width\":302,\"iframe_height\":290,\"disable_default_styling\":false,\"string_table\":{\"meta.api_timeout_error\":\"The connection to a verification server was interrupted. Please reload the challenge to try again. \",\"meta.compat_mode_error_string\":\"For security reasons, your device or browser cannot connect to a verification server. To verify that you are a real person, please update your device or browser.\",\"meta.custom_compat_mode_error_string\":\"\",\"meta.generic_error\":\"Something went wrong. Please reload the challenge to try again.\",\"meta.loading_info\":\"Working, please wait...\",\"meta.reload_challenge\":\"Reload Challenge\",\"meta.verification_complete\":\"Verification complete!\",\"meta.visual_challenge_frame_title\":\"Visual challenge\",\"pow.loading_info\":\"Verifying browser...\",\"pow.verification_complete\":\"Verification complete!\"},\"compatibility_mode_enabled\":true,\"force_standard_mode\":false,\"pow\":true}"
  }
}