{
  "metadata": {
    "timestamps": {
      "start": "2026-02-18T19:56:59.365790",
      "end": "2026-02-18T19:56:59.417489",
      "duration_ms": 51
    },
    "url": {
      "full": "https://arkoselabs.roblox.com/fc/assets/ec-game-core/match-game/1.31.3/standard/remoteEntry.js",
      "protocol": "https",
      "domain": "arkoselabs.roblox.com",
      "path": "/fc/assets/ec-game-core/match-game/1.31.3/standard/remoteEntry.js",
      "normalized_path": "/{slug}/assets/{slug}/match-game/1.31.3/{slug}/remoteEntry.js",
      "query": {}
    },
    "method": "GET",
    "status_code": 200,
    "size": {
      "request_bytes": 0,
      "response_bytes": 4945,
      "compressed": false
    },
    "content_type": "application/javascript",
    "cache_status": ""
  },
  "request": {
    "headers": {
      "sec-ch-ua-platform": "\"Linux\"",
      "user-agent": "Mozilla/5.0 (X11; Linux x86_64) AppleWebKit/537.36 (KHTML, like Gecko) Chrome/144.0.0.0 Safari/537.36",
      "sec-ch-ua": "\"Not(A:Brand\";v=\"8\", \"Chromium\";v=\"144\", \"Google Chrome\";v=\"144\"",
      "sec-ch-ua-mobile": "?0",
      "accept": "*/*",
      "sec-fetch-site": "same-origin",
      "sec-fetch-mode": "no-cors",
      "sec-fetch-dest": "script",
      "referer": "https://arkoselabs.roblox.com/fc/assets/ec-game-core/game-core/1.31.3/standard/index.html?session=4881895554c448373.7161280104&r=ap-southeast-1&meta=3&metabgclr=transparent&metaiconclr=%23757575&maintxtclr=%23b8b8b8&guitextcolor=%23474747&pk=476068BF-9607-4799-B53D-966BE98E2B81&at=40&rid=94&ag=101&cdn_url=https%3A%2F%2Farkoselabs.roblox.com%2Fcdn%2Ffc&surl=https%3A%2F%2Farkoselabs.roblox.com&smurl=https%3A%2F%2Farkoselabs.roblox.com%2Fcdn%2Ffc%2Fassets%2Fstyle-manager",
      "accept-encoding": "gzip, deflate, br, zstd",
      "accept-language": "en-US,en;q=0.9,fil;q=0.8",
      "cookie": "GuestData=UserID=-1784413165, RBXcb=RBXViralAcquisition%3Dtrue%26RBXSource%3Dtrue%26GoogleAnalytics%3Dtrue, RBXEventTrackerV2=CreateDate=10/04/2025 09:19:06&rbxid=7108482020&browserid=1759587403750002, _ga=GA1.1.1224127167.1759628996, _ga_F8VP9T1NT3=GS2.1.s1759628996$o1$g0$t1759629006$j50$l0$h0, __utmz=200924205.1769790118.9.3.utmcsr=appsflyer|utmccn=(not%20set)|utmcmd=cpa|utmcct=onelink, _gcl_au=1.1.445633669.1770730834, _scid=Wr9kCEc_3Nlyed1wABxVj3bEIIybNWtk, _scid_r=Wr9kCEc_3Nlyed1wABxVj3bEIIybNWtk, _fbp=fb.1.1770730835055.775171315334809685, _tt_enable_cookie=1, _ttp=01KH3WGKAR3H2AE8S5M5DX1J7W_.tt.1, ttcsid=1770730835310::miqHqGUEZxfvZ_nHbBwv.1.1770730835684.0, ttcsid_CSV31T3C77UDA0827220=1770730835307::XlXvMvpaVhbeZ9pnMwwy.1.1770730835685.0, _sctr=1%7C1770652800000, RBXSource=rbx_acquisition_time=02/10/2026 14:11:35&rbx_acquisition_referrer=&rbx_medium=cpa&rbx_source=appsflyer&rbx_campaign=onelink&rbx_adgroup=&rbx_keyword=&rbx_matchtype=&rbx_send_info=0, rbx-ip2=1, __utma=200924205.1785706367.1759587415.1770730834.1771414933.12, __utmb=200924205.0.10.1771414933, __utmc=200924205, RBXPaymentsFlowContext=6b863465-7439-4466-8678-42b7f0295720,, timestamp=177141500819313"
    },
    "payload": null
  },
  "response": {
    "headers": {
      "content-type": "application/javascript",
      "date": "Tue, 17 Feb 2026 22:44:23 GMT",
      "last-modified": "Fri, 31 Oct 2025 07:22:44 GMT",
      "content-encoding": "br",
      "x-amz-server-side-encryption": "AES256",
      "x-amz-version-id": "YPU26IciOt4EQ5b.0H7cZZnx9NuHJ2TN",
      "server": "cloudfront",
      "etag": "W/\"29da3830fc865d0ec264acd05eff71e7\"",
      "vary": "accept-encoding",
      "via": "1.1 3eafd911617df6700f1357b2dcc7380c.cloudfront.net (CloudFront)",
      "alt-svc": "h3=\":443\"; ma=86400",
      "age": "47558",
      "x-xss-protection": "1; mode=block",
      "referrer-policy": "strict-origin-when-cross-origin",
      "x-content-type-options": "nosniff",
      "strict-transport-security": "max-age=31536000; includeSubDomains",
      "accept-ch": "Device-Memory, Sec-CH-UA, Sec-CH-UA-Arch, Sec-CH-UA-Bitness, Sec-CH-DPR, Sec-CH-UA-Full-Version-List, Sec-CH-UA-Mobile, Sec-CH-UA-Model, Sec-CH-Viewport-Width, Sec-CH-UA-Platform, Sec-CH-UA-Platform-Version, Sec-CH-Width, Sec-CH-UA-Form-Factors",
      "server-timing": "cdn-cache-hit,cdn-pop;desc=\"MNL51-P2\",cdn-rid;desc=\"bVw0TjkXfZe4p__TQwAeMSgC7H6FQmhHk8WSFcVthh5Qmqg1V8KDCQ==\",cdn-hit-layer;desc=\"EDGE\",cdn-downstream-fbl;dur=2",
      "content-security-policy": "default-src 'self'; script-src 'self' 'nonce-krdQ2LKmBuZaAHJMxBw28g'; style-src 'self' 'nonce-krdQ2LKmBuZaAHJMxBw28g'; img-src 'self' cdn.funcaptcha.com cdn.arkoselabs.com blob: data:; media-src 'self' blob: data:; connect-src 'self'",
      "x-cache": "Hit from cloudfront",
      "x-amz-cf-pop": "MNL51-P2",
      "x-amz-cf-id": "bVw0TjkXfZe4p__TQwAeMSgC7H6FQmhHk8WSFcVthh5Qmqg1V8KDCQ=="
    },
    "body": "function mg_1m(){var Mw=['5.3.5','292.chunk.cdc31100001976709e26.js','213567clSJsR','name','exec','indexOf','978.chunk.63f91fa598a92773c687.js','onload','length','missing','eager','styled-components','__esModule','document','removeChild','timeout','onerror','1364OEdiLT','378.chunk.2b01bb9396e24c190b85.js','load','replace','857.vendors.0d595949ba40e5527b8d.js','exports','Module','script','createElement','bind','message','map','get','resolve','call','43021EZOhjg','react-dom','264.chunk.6e950f6d48acb07e7f1f.js','840YoFjUZ','from','importScripts','17.0.2','apply','test','utf-8','toStringTag','data-webpack','object','prototype','appendChild','src','setAttribute','split','default','225136agFVWE','pop','(((.+)+)+)+$','1313949uLIzic','256.chunk.a8b7ba72a66b0ad9ff9b.js','constructor','defineProperty','210DoXpnk','some','67698OBUdHS','924.vendors.dc0a2f1a305f1cc32996.js','51BPjTjN','i18nlib','2zWUQwx','react','match-game','45936xGcWVu','parentNode','push','location','all','target','forEach','keys','698.chunk.8cc618e5caf342c3a75e.js','loaded','search','hasOwnProperty','reduce','then','webpackChunkmatch_game','consumes','939.chunk.48c4d29912de93a5771d.js','chunk-','4.chunk.76612876c5e847194dd3.js','currentScript','getAttribute','65ZhEzdn','undefined','getElementsByTagName','542.vendors.69ddfc94ede78a3bfdde.js','type','head','toString'];mg_1m=function(){return Mw;};return mg_1m();}(function(X,M){var mg_1Xv={X:0xcc,M:0x10a,m:0x108,Y:0xdb,h:0xc3,T:0x106,Z:0x100,F:0xfd,B:0x10d,z:0x104,O:0xea,A:0xed},o=mg_1Y,m=X();while(!![]){try{var Y=-parseInt(o(mg_1Xv.X))/0x1*(-parseInt(o(mg_1Xv.M))/0x2)+parseInt(o(mg_1Xv.m))/0x3*(parseInt(o(mg_1Xv.Y))/0x4)+-parseInt(o(mg_1Xv.h))/0x5*(-parseInt(o(mg_1Xv.T))/0x6)+parseInt(o(mg_1Xv.Z))/0x7+-parseInt(o(mg_1Xv.F))/0x8+parseInt(o(mg_1Xv.B))/0x9*(-parseInt(o(mg_1Xv.z))/0xa)+parseInt(o(mg_1Xv.O))/0xb*(-parseInt(o(mg_1Xv.A))/0xc);if(Y===M)break;else m['push'](m['shift']());}catch(h){m['push'](m['shift']());}}}(mg_1m,0x2350e));var MatchGame;function mg_1Y(X,M){var m=mg_1m();return mg_1Y=function(Y,h){Y=Y-0xb9;var T=m[Y];return T;},mg_1Y(X,M);}!(function(){var mg_1My={X:0xbd},mg_1MQ={X:0xbc,M:0xe4,m:0x10f,Y:0xe4},mg_1MP={X:0x113},mg_1MI={X:0x10f,M:0xbb},mg_1Me={X:0xfc,M:0xd5},mg_1Mf={X:0xfc,M:0x109},mg_1MS={X:0xfc,M:0x10b},mg_1Mv={X:0xbb},mg_1MU={X:0xe7},mg_1Mi={X:0xd2,M:0xfe,m:0xe4},mg_1Mj={X:0xd2},mg_1Mu={X:0xce,M:0xd2,m:0x10f,Y:0xf1,h:0x10f},mg_1Mr={X:0xfb,M:0xe6},mg_1Md={X:0xef,M:0x110,m:0xd7,Y:0xc1,h:0xf9,T:0xc5,Z:0xe2,F:0xd2,B:0xf9,z:0xde,O:0xde},mg_1MA={X:0xcf,M:0x10f,m:0x10c,Y:0xfc,h:0x109,T:0xeb,Z:0xf0,F:0xd5,B:0xca,z:0xd2,O:0x111,A:0xbb},mg_1M6={X:0xc4,M:0xf4,m:0x103,Y:0xf4,h:0xe1},mg_1M5={X:0x10f,M:0xc5,m:0xd2,Y:0xc2,h:0xf9,T:0xe3,Z:0xf3,F:0xd9,B:0xfa,z:0xf5,O:0xf9,A:0xe4,x:0xd9,d:0xda,N:0xd1,r:0xc8,u:0xf8},mg_1M4={X:0xda,M:0x10e,m:0xd8},mg_1M2={X:0xf7,M:0xb9},mg_1M1={X:0xf6},mg_1XC={X:0x115,M:0xbe,m:0xc6,Y:0xdc,h:0x107,T:0xdf,Z:0x101,F:0xc0,B:0xec,z:0xcb,O:0xd0},mg_1Xw={X:0x111,M:0x114,m:0xba},mg_1XG={X:0xd6},mg_1XJ={X:0xfc},mg_1XW={X:0xe0,M:0xe9,m:0xe0,Y:0xe0},mg_1Xt={X:0xe8},mg_1XL={X:0x111},XR=mg_1Y,X=(function(){var mg_1XS={X:0xf1},q=!![];return function(b,H){var K=q?function(){var G=mg_1Y;if(H){var v=H[G(mg_1XS.X)](b,arguments);return H=null,v;}}:function(){};return q=![],K;};}());'use strict';var m,Y,T,Z,F,B,z,O,A,x,N,j={0x1c49:function(q,b,H){var mg_1Xl={X:0xfc},mg_1XE={X:0xbb},K={'Game':function(){var Q=mg_1Y;return Promise[Q(mg_1XL.X)]([H['e'](0x359),H['e'](0x2ba),H['e'](0x100),H['e'](0x4),H['e'](0x108)])['then'](function(){return function(){return H(0x1e70);};});},'Fail':function(){var y=mg_1Y;return Promise['all']([H['e'](0x359),H['e'](0x2ba),H['e'](0x100),H['e'](0x4),H['e'](0x124)])[y(mg_1XE.X)](function(){return function(){return H(0x961);};});}},v=function(D,L){var w=mg_1Y;return H['R']=L,L=H['o'](K,D)?K[D]():Promise[w(mg_1Xt.X)]()['then'](function(){throw new Error('Module \"'+D+'\" does not exist in container.');}),H['R']=void 0x0,L;},S=function(D,L){var C=mg_1Y;if(H['S']){var g=C(mg_1Xl.X),E=H['S'][g];if(E&&E!==D)throw new Error('Container initialization failed as it has already been initialized with a different share scope');return H['S'][g]=D,H['I'](g,L);}};H['d'](b,{'get':function(){return v;},'init':function(){return S;}});}},R={};function k(q){var X0=mg_1Y,b=R[q];if(void 0x0!==b)return b[X0(mg_1XW.X)];var H=R[q]={'exports':{}};return j[q][X0(mg_1XW.M)](H[X0(mg_1XW.m)],H,H[X0(mg_1XW.X)],k),H[X0(mg_1XW.Y)];}k['m']=j,k['c']=R,k['n']=function(q){var X1=mg_1Y,b=q&&q[X1(mg_1XG.X)]?function(){var X2=X1;return q[X2(mg_1XJ.X)];}:function(){return q;};return k['d'](b,{'a':b}),b;},k['d']=function(q,b){for(var H in b)k['o'](b,H)&&!k['o'](q,H)&&Object['defineProperty'](q,H,{'enumerable':!0x0,'get':b[H]});},k['f']={},k['e']=function(q){var X3=mg_1Y;return Promise[X3(mg_1Xw.X)](Object[X3(mg_1Xw.M)](k['f'])[X3(mg_1Xw.m)](function(b,H){return k['f'][H](q,b),b;},[]));},k['u']=function(q){var X4=mg_1Y;return 0x2ba===q?X4(mg_1XC.X):0x3ab===q?X4(mg_1XC.M):0x21e===q?X4(mg_1XC.m):0x17a===q?X4(mg_1XC.Y):0x39c===q?X4(mg_1XC.h):0x359===q?X4(mg_1XC.T):0x100===q?X4(mg_1XC.Z):0x4===q?X4(mg_1XC.F):0x108===q?X4(mg_1XC.B):0x124===q?X4(mg_1XC.z):0x3d2===q?X4(mg_1XC.O):void 0x0;},k['g']=(function(){var mg_1M0={X:0xc9,M:0x117,m:0xff,Y:0x102,h:0xff},X6=mg_1Y,q=X(this,function(){var X5=mg_1Y;return q[X5(mg_1M0.X)]()[X5(mg_1M0.M)](X5(mg_1M0.m))['toString']()[X5(mg_1M0.Y)](q)['search'](X5(mg_1M0.h));});q();if(X6(mg_1M1.X)==typeof globalThis)return globalThis;try{return this||new Function('return this')();}catch(b){if(X6(mg_1M1.X)==typeof window)return window;}}()),k['o']=function(q,b){var X7=mg_1Y;return Object[X7(mg_1M2.X)][X7(mg_1M2.M)]['call'](q,b);},m={},Y='match-game:',k['l']=function(q,b,H,K){var X8=mg_1Y;if(m[q])m[q][X8(mg_1M5.X)](b);else{var v,S;if(void 0x0!==H)for(var D=document[X8(mg_1M5.M)]('script'),L=0x0;L<D[X8(mg_1M5.m)];L++){var g=D[L];if(g[X8(mg_1M5.Y)](X8(mg_1M5.h))==q||g['getAttribute']('data-webpack')==Y+H){v=g;break;}}v||(S=!0x0,(v=document[X8(mg_1M5.T)]('script'))['charset']=X8(mg_1M5.Z),v[X8(mg_1M5.F)]=0x78,k['nc']&&v[X8(mg_1M5.B)]('nonce',k['nc']),v['setAttribute'](X8(mg_1M5.z),Y+H),v[X8(mg_1M5.O)]=q),m[q]=[b];var E=function(I,P){var X9=X8;v[X9(mg_1M4.X)]=v['onload']=null,clearTimeout(V);var W=m[q];if(delete m[q],v['parentNode']&&v[X9(mg_1M4.M)][X9(mg_1M4.m)](v),W&&W['forEach'](function(J){return J(P);}),I)return I(P);},V=setTimeout(E[X8(mg_1M5.A)](null,void 0x0,{'type':X8(mg_1M5.x),'target':v}),0x1d4c0);v[X8(mg_1M5.d)]=E['bind'](null,v[X8(mg_1M5.d)]),v[X8(mg_1M5.N)]=E['bind'](null,v['onload']),S&&document[X8(mg_1M5.r)][X8(mg_1M5.u)](v);}},k['r']=function(q){var XX=mg_1Y;XX(mg_1M6.X)!=typeof Symbol&&Symbol[XX(mg_1M6.M)]&&Object[XX(mg_1M6.m)](q,Symbol[XX(mg_1M6.Y)],{'value':XX(mg_1M6.h)}),Object[XX(mg_1M6.m)](q,'__esModule',{'value':!0x0});},(function(){var mg_1MY={X:0x111,M:0xbb},mg_1MX={X:0x111,M:0xbb},mg_1M7={X:0x116,M:0xd4,m:0xee};k['S']={};var q={},b={};k['I']=function(H,K){var mg_1Mz={X:0x111},mg_1MZ={X:0xbb},XM=mg_1Y;K||(K=[]);var v=b[H];if(v||(v=b[H]={}),!(K[XM(mg_1MA.X)](v)>=0x0)){if(K[XM(mg_1MA.M)](v),q[H])return q[H];k['o'](k['S'],H)||(k['S'][H]={});var S=k['S'][H],D=XM(mg_1MA.m),L=function(E,V,I,P){var Xm=XM,W=S[E]=S[E]||{},J=W[V];(!J||!J[Xm(mg_1M7.X)]&&(!P!=!J[Xm(mg_1M7.M)]?P:D>J[Xm(mg_1M7.m)]))&&(W[V]={'get':I,'from':D,'eager':!!P});},g=[];if(XM(mg_1MA.Y)===H)L(XM(mg_1MA.h),'3.2.3',function(){var XY=XM;return Promise[XY(mg_1MX.X)]([k['e'](0x2ba),k['e'](0x3ab)])[XY(mg_1MX.M)](function(){return function(){return k(0x26d3);};});}),L(XM(mg_1MA.T),XM(mg_1MA.Z),function(){var Xh=XM;return Promise[Xh(mg_1MY.X)]([k['e'](0x21e),k['e'](0x2ba)])[Xh(mg_1MY.M)](function(){return function(){return k(0x606);};});}),L('react','17.0.2',function(){var XT=XM;return k['e'](0x17a)[XT(mg_1MZ.X)](function(){return function(){return k(0x1cd2);};});}),L(XM(mg_1MA.F),XM(mg_1MA.B),function(){var XZ=XM;return Promise[XZ(mg_1Mz.X)]([k['e'](0x39c),k['e'](0x2ba)])['then'](function(){return function(){return k(0xf54);};});});return g[XM(mg_1MA.z)]?q[H]=Promise[XM(mg_1MA.O)](g)[XM(mg_1MA.A)](function(){return q[H]=0x1;}):q[H]=0x1;}};}()),(function(){var XF=mg_1Y,q;k['g'][XF(mg_1Md.X)]&&(q=k['g'][XF(mg_1Md.M)]+'');var b=k['g'][XF(mg_1Md.m)];if(!q&&b&&(b['currentScript']&&(q=b[XF(mg_1Md.Y)][XF(mg_1Md.h)]),!q)){var H=b[XF(mg_1Md.T)](XF(mg_1Md.Z));if(H['length']){for(var K=H[XF(mg_1Md.F)]-0x1;K>-0x1&&!q;)q=H[K--][XF(mg_1Md.B)];}}if(!q)throw new Error('Automatic publicPath is not supported in this browser');q=q[XF(mg_1Md.z)](/#.*$/,'')[XF(mg_1Md.O)](/\\?.*$/,'')[XF(mg_1Md.O)](/\\/[^\\/]+$/,'/'),k['p']=q;}()),T=function(q){var Xz=mg_1Y,b=function(v){var XB=mg_1Y;return v[XB(mg_1Mr.X)]('.')[XB(mg_1Mr.M)](function(S){return+S==S?+S:S;});},H=/^([^-+]+)?(?:-([^+]+))?(?:\\+(.+))?$/[Xz(mg_1Mu.X)](q),K=H[0x1]?b(H[0x1]):[];return H[0x2]&&(K[Xz(mg_1Mu.M)]++,K[Xz(mg_1Mu.m)][Xz(mg_1Mu.Y)](K,b(H[0x2]))),H[0x3]&&(K[Xz(mg_1Mu.m)]([]),K[Xz(mg_1Mu.h)][Xz(mg_1Mu.Y)](K,b(H[0x3]))),K;},Z=function(q,b){var XO=mg_1Y;q=T(q),b=T(b);for(var H=0x0;;){if(H>=q[XO(mg_1Mj.X)])return H<b[XO(mg_1Mj.X)]&&'u'!=(typeof b[H])[0x0];var K=q[H],v=(typeof K)[0x0];if(H>=b[XO(mg_1Mj.X)])return'u'==v;var S=b[H],D=(typeof S)[0x0];if(v!=D)return'o'==v&&'n'==D||'s'==D||'u'==v;if('o'!=v&&'u'!=v&&K!=S)return K<S;H++;}},F=function(q,b){var XA=mg_1Y;if(0x0 in q){b=T(b);var H=q[0x0],K=H<0x0;K&&(H=-H-0x1);for(var v=0x0,S=0x1,D=!0x0;;S++,v++){var L,g,E=S<q[XA(mg_1Mi.X)]?(typeof q[S])[0x0]:'';if(v>=b['length']||'o'==(g=(typeof(L=b[v]))[0x0]))return!D||('u'==E?S>H&&!K:''==E!=K);if('u'==g){if(!D||'u'!=E)return!0x1;}else{if(D){if(E==g){if(S<=H){if(L!=q[S])return!0x1;}else{if(K?L>q[S]:L<q[S])return!0x1;L!=q[S]&&(D=!0x1);}}else{if('s'!=E&&'n'!=E){if(K||S<=H)return!0x1;D=!0x1,S--;}else{if(S<=H||g<E!=K)return!0x1;D=!0x1;}}}else's'!=E&&'n'!=E&&(D=!0x1,S--);}}}var V=[],I=V[XA(mg_1Mi.M)][XA(mg_1Mi.m)](V);for(v=0x1;v<q[XA(mg_1Mi.X)];v++){var P=q[v];V['push'](0x1==P?I()|I():0x2==P?I()&I():P?F(P,b):!I());}return!!I();},B=function(q,b,H){var K=q[b];return(b=Object['keys'](K)['reduce'](function(v,S){return!F(H,S)||v&&!Z(v,S)?v:S;},0x0))&&K[b];},z=function(q){var Xx=mg_1Y;return q['loaded']=0x1,q[Xx(mg_1MU.X)]();},O=function(q){var mg_1Mq={X:0xbb,M:0xe4};return function(b,H,K,v){var Xd=mg_1Y,S=k['I'](b);return S&&S['then']?S[Xd(mg_1Mq.X)](q[Xd(mg_1Mq.M)](q,b,k['S'][b],H,K,v)):q(b,k['S'][b],H,K,v);};}(function(q,b,H,K,v){var S=b&&k['o'](b,H)&&B(b,H,K);return S?z(S):v();}),A={},x={0x2ba:function(){var XN=mg_1Y;return O(XN(mg_1MS.X),XN(mg_1MS.M),[0x1,0x11,0x0,0x2],function(){var Xr=XN;return k['e'](0x17a)[Xr(mg_1Mv.X)](function(){return function(){return k(0x1cd2);};});});},0x445:function(){var mg_1MD={X:0xbb},Xu=mg_1Y;return O(Xu(mg_1Mf.X),Xu(mg_1Mf.M),[0x4,0x3,0x2,0x3],function(){var Xj=Xu;return k['e'](0x3d2)[Xj(mg_1MD.X)](function(){return function(){return k(0x26d3);};});});},0x14ed:function(){var Xi=mg_1Y;return O(Xi(mg_1Me.X),Xi(mg_1Me.M),[0x4,0x5,0x3,0x5],function(){return k['e'](0x39c)['then'](function(){return function(){return k(0xf54);};});});}},N={0x4:[0x445,0x14ed],0x2ba:[0x2ba]},k['f'][XR(mg_1My.X)]=function(q,b){var Xk=XR;k['o'](N,q)&&N[q][Xk(mg_1MP.X)](function(H){var mg_1ME={X:0xe0},XU=Xk;if(k['o'](A,H))return b[XU(mg_1MI.X)](A[H]);var K=function(D){A[H]=0x0,k['m'][H]=function(L){var Xq=mg_1Y;delete k['c'][H],L[Xq(mg_1ME.X)]=D();};},v=function(D){delete A[H],k['m'][H]=function(L){throw delete k['c'][H],D;};};try{var S=x[H]();S[XU(mg_1MI.M)]?b[XU(mg_1MI.X)](A[H]=S['then'](K)['catch'](v)):K(S);}catch(D){v(D);}});},(function(){var mg_1MG={X:0x105,M:0xd2},mg_1MJ={X:0x10f,M:0xf2,m:0xbf},XK=XR,q={0x147:0x0};k['f']['j']=function(K,v){var mg_1MW={X:0xdd,M:0xc7,m:0xd3,Y:0x112,h:0x112,T:0xf9,Z:0xe5,F:0xcd},Xc=mg_1Y,S=k['o'](q,K)?q[K]:void 0x0;if(0x0!==S){if(S)v[Xc(mg_1MJ.X)](S[0x2]);else{if(/^(4|698)$/[Xc(mg_1MJ.M)](K))q[K]=0x0;else{var D=new Promise(function(E,V){S=q[K]=[E,V];});v['push'](S[0x2]=D);var L=k['p']+k['u'](K),g=new Error();k['l'](L,function(E){var Xb=Xc;if(k['o'](q,K)&&(0x0!==(S=q[K])&&(q[K]=void 0x0),S)){var V=E&&(Xb(mg_1MW.X)===E[Xb(mg_1MW.M)]?Xb(mg_1MW.m):E['type']),I=E&&E[Xb(mg_1MW.Y)]&&E[Xb(mg_1MW.h)][Xb(mg_1MW.T)];g[Xb(mg_1MW.Z)]='Loading chunk '+K+' failed.\\n('+V+': '+I+')',g[Xb(mg_1MW.F)]='ChunkLoadError',g['type']=V,g['request']=I,S[0x1](g);}},Xc(mg_1MJ.m)+K,K);}}}};var b=function(K,v){var XH=mg_1Y,S,D,L=v[0x0],g=v[0x1],E=v[0x2],V=0x0;if(L[XH(mg_1MG.X)](function(I){return 0x0!==q[I];})){for(S in g)k['o'](g,S)&&(k['m'][S]=g[S]);if(E)E(k);}for(K&&K(v);V<L[XH(mg_1MG.M)];V++)D=L[V],k['o'](q,D)&&q[D]&&q[D][0x0](),q[D]=0x0;},H=self[XK(mg_1MQ.X)]=self['webpackChunkmatch_game']||[];H['forEach'](b[XK(mg_1MQ.M)](null,0x0)),H[XK(mg_1MQ.m)]=b['bind'](null,H['push'][XK(mg_1MQ.Y)](H));}());var U=k(0x1c49);MatchGame=U;}());"
  }
}