{
  "metadata": {
    "timestamps": {
      "start": "2026-02-18T19:57:57.273572",
      "end": "2026-02-18T19:57:57.781194",
      "duration_ms": 507
    },
    "url": {
      "full": "https://apis.roblox.com/beacon-api/v1/measurements",
      "protocol": "https",
      "domain": "apis.roblox.com",
      "path": "/beacon-api/v1/measurements",
      "normalized_path": "/{slug}/v1/measurements",
      "query": {}
    },
    "method": "POST",
    "status_code": 200,
    "size": {
      "request_bytes": 4763,
      "response_bytes": 16,
      "compressed": false
    },
    "content_type": "application/json; charset=utf-8",
    "cache_status": ""
  },
  "request": {
    "headers": {
      "content-length": "4763",
      "sec-ch-ua-platform": "\"Linux\"",
      "x-csrf-token": "Df7Y4bzYSUur",
      "user-agent": "Mozilla/5.0 (X11; Linux x86_64) AppleWebKit/537.36 (KHTML, like Gecko) Chrome/144.0.0.0 Safari/537.36",
      "sec-ch-ua": "\"Not(A:Brand\";v=\"8\", \"Chromium\";v=\"144\", \"Google Chrome\";v=\"144\"",
      "content-type": "application/json",
      "sec-ch-ua-mobile": "?0",
      "accept": "*/*",
      "origin": "https://www.roblox.com",
      "sec-fetch-site": "same-site",
      "sec-fetch-mode": "cors",
      "sec-fetch-dest": "empty",
      "referer": "https://www.roblox.com/",
      "accept-encoding": "gzip, deflate, br, zstd",
      "accept-language": "en-US,en;q=0.9,fil;q=0.8",
      "priority": "u=1, i"
    },
    "payload": "[{\"metricName\":\"ThumbnailLoadDurationWebapp\",\"jsonData\":\"{\\\"Status\\\":\\\"Success\\\",\\\"ThumbnailType\\\":\\\"Asset_2d\\\",\\\"Value\\\":\\\"8121\\\"}\"},{\"metricName\":\"ThumbnailNoRetrySuccessWebapp\",\"jsonData\":\"{\\\"ThumbnailType\\\":\\\"Asset_2d\\\"}\"},{\"metricName\":\"ThumbnailLoadDurationWebapp\",\"jsonData\":\"{\\\"Status\\\":\\\"Success\\\",\\\"ThumbnailType\\\":\\\"Asset_2d\\\",\\\"Value\\\":\\\"8122\\\"}\"},{\"metricName\":\"ThumbnailNoRetrySuccessWebapp\",\"jsonData\":\"{\\\"ThumbnailType\\\":\\\"Asset_2d\\\"}\"},{\"metricName\":\"ThumbnailLoadDurationWebapp\",\"jsonData\":\"{\\\"Status\\\":\\\"Success\\\",\\\"ThumbnailType\\\":\\\"Asset_2d\\\",\\\"Value\\\":\\\"8124\\\"}\"},{\"metricName\":\"ThumbnailNoRetrySuccessWebapp\",\"jsonData\":\"{\\\"ThumbnailType\\\":\\\"Asset_2d\\\"}\"},{\"metricName\":\"ThumbnailLoadDurationWebapp\",\"jsonData\":\"{\\\"Status\\\":\\\"Success\\\",\\\"ThumbnailType\\\":\\\"Asset_2d\\\",\\\"Value\\\":\\\"8125\\\"}\"},{\"metricName\":\"ThumbnailNoRetrySuccessWebapp\",\"jsonData\":\"{\\\"ThumbnailType\\\":\\\"Asset_2d\\\"}\"},{\"metricName\":\"ThumbnailLoadDurationWebapp\",\"jsonData\":\"{\\\"Status\\\":\\\"Success\\\",\\\"ThumbnailType\\\":\\\"Asset_2d\\\",\\\"Value\\\":\\\"8125\\\"}\"},{\"metricName\":\"ThumbnailNoRetrySuccessWebapp\",\"jsonData\":\"{\\\"ThumbnailType\\\":\\\"Asset_2d\\\"}\"},{\"metricName\":\"ThumbnailLoadDurationWebapp\",\"jsonData\":\"{\\\"Status\\\":\\\"Success\\\",\\\"ThumbnailType\\\":\\\"Asset_2d\\\",\\\"Value\\\":\\\"8125\\\"}\"},{\"metricName\":\"ThumbnailNoRetrySuccessWebapp\",\"jsonData\":\"{\\\"ThumbnailType\\\":\\\"Asset_2d\\\"}\"},{\"metricName\":\"ThumbnailLoadDurationWebapp\",\"jsonData\":\"{\\\"Status\\\":\\\"Success\\\",\\\"ThumbnailType\\\":\\\"Asset_2d\\\",\\\"Value\\\":\\\"8127\\\"}\"},{\"metricName\":\"ThumbnailNoRetrySuccessWebapp\",\"jsonData\":\"{\\\"ThumbnailType\\\":\\\"Asset_2d\\\"}\"},{\"metricName\":\"ThumbnailLoadDurationWebapp\",\"jsonData\":\"{\\\"Status\\\":\\\"Success\\\",\\\"ThumbnailType\\\":\\\"Asset_2d\\\",\\\"Value\\\":\\\"8127\\\"}\"},{\"metricName\":\"ThumbnailNoRetrySuccessWebapp\",\"jsonData\":\"{\\\"ThumbnailType\\\":\\\"Asset_2d\\\"}\"},{\"metricName\":\"ThumbnailLoadDurationWebapp\",\"jsonData\":\"{\\\"Status\\\":\\\"Success\\\",\\\"ThumbnailType\\\":\\\"Asset_2d\\\",\\\"Value\\\":\\\"8128\\\"}\"},{\"metricName\":\"ThumbnailNoRetrySuccessWebapp\",\"jsonData\":\"{\\\"ThumbnailType\\\":\\\"Asset_2d\\\"}\"},{\"metricName\":\"ThumbnailLoadDurationWebapp\",\"jsonData\":\"{\\\"Status\\\":\\\"Success\\\",\\\"ThumbnailType\\\":\\\"Asset_2d\\\",\\\"Value\\\":\\\"8128\\\"}\"},{\"metricName\":\"ThumbnailNoRetrySuccessWebapp\",\"jsonData\":\"{\\\"ThumbnailType\\\":\\\"Asset_2d\\\"}\"},{\"metricName\":\"ThumbnailLoadDurationWebapp\",\"jsonData\":\"{\\\"Status\\\":\\\"Success\\\",\\\"ThumbnailType\\\":\\\"Asset_2d\\\",\\\"Value\\\":\\\"8128\\\"}\"},{\"metricName\":\"ThumbnailNoRetrySuccessWebapp\",\"jsonData\":\"{\\\"ThumbnailType\\\":\\\"Asset_2d\\\"}\"},{\"metricName\":\"ThumbnailLoadDurationWebapp\",\"jsonData\":\"{\\\"Status\\\":\\\"Success\\\",\\\"ThumbnailType\\\":\\\"Asset_2d\\\",\\\"Value\\\":\\\"8129\\\"}\"},{\"metricName\":\"ThumbnailNoRetrySuccessWebapp\",\"jsonData\":\"{\\\"ThumbnailType\\\":\\\"Asset_2d\\\"}\"},{\"metricName\":\"ThumbnailLoadDurationWebapp\",\"jsonData\":\"{\\\"Status\\\":\\\"Success\\\",\\\"ThumbnailType\\\":\\\"GameThumbnail_2d\\\",\\\"Value\\\":\\\"8130\\\"}\"},{\"metricName\":\"ThumbnailNoRetrySuccessWebapp\",\"jsonData\":\"{\\\"ThumbnailType\\\":\\\"GameThumbnail_2d\\\"}\"},{\"metricName\":\"ThumbnailLoadDurationWebapp\",\"jsonData\":\"{\\\"Status\\\":\\\"Success\\\",\\\"ThumbnailType\\\":\\\"Asset_2d\\\",\\\"Value\\\":\\\"8131\\\"}\"},{\"metricName\":\"ThumbnailNoRetrySuccessWebapp\",\"jsonData\":\"{\\\"ThumbnailType\\\":\\\"Asset_2d\\\"}\"},{\"metricName\":\"ThumbnailLoadDurationWebapp\",\"jsonData\":\"{\\\"Status\\\":\\\"Success\\\",\\\"ThumbnailType\\\":\\\"Asset_2d\\\",\\\"Value\\\":\\\"8131\\\"}\"},{\"metricName\":\"ThumbnailNoRetrySuccessWebapp\",\"jsonData\":\"{\\\"ThumbnailType\\\":\\\"Asset_2d\\\"}\"},{\"metricName\":\"ThumbnailLoadDurationWebapp\",\"jsonData\":\"{\\\"Status\\\":\\\"Success\\\",\\\"ThumbnailType\\\":\\\"Asset_2d\\\",\\\"Value\\\":\\\"8131\\\"}\"},{\"metricName\":\"ThumbnailNoRetrySuccessWebapp\",\"jsonData\":\"{\\\"ThumbnailType\\\":\\\"Asset_2d\\\"}\"},{\"metricName\":\"ThumbnailLoadDurationWebapp\",\"jsonData\":\"{\\\"Status\\\":\\\"Success\\\",\\\"ThumbnailType\\\":\\\"Asset_2d\\\",\\\"Value\\\":\\\"8132\\\"}\"},{\"metricName\":\"ThumbnailNoRetrySuccessWebapp\",\"jsonData\":\"{\\\"ThumbnailType\\\":\\\"Asset_2d\\\"}\"},{\"metricName\":\"ThumbnailLoadDurationWebapp\",\"jsonData\":\"{\\\"Status\\\":\\\"Success\\\",\\\"ThumbnailType\\\":\\\"Asset_2d\\\",\\\"Value\\\":\\\"8160\\\"}\"},{\"metricName\":\"ThumbnailNoRetrySuccessWebapp\",\"jsonData\":\"{\\\"ThumbnailType\\\":\\\"Asset_2d\\\"}\"},{\"metricName\":\"ThumbnailLoadDurationWebapp\",\"jsonData\":\"{\\\"Status\\\":\\\"Success\\\",\\\"ThumbnailType\\\":\\\"Asset_2d\\\",\\\"Value\\\":\\\"8196\\\"}\"},{\"metricName\":\"ThumbnailNoRetrySuccessWebapp\",\"jsonData\":\"{\\\"ThumbnailType\\\":\\\"Asset_2d\\\"}\"},{\"metricName\":\"ThumbnailLoadDurationWebapp\",\"jsonData\":\"{\\\"Status\\\":\\\"Success\\\",\\\"ThumbnailType\\\":\\\"Asset_2d\\\",\\\"Value\\\":\\\"8354\\\"}\"},{\"metricName\":\"ThumbnailNoRetrySuccessWebapp\",\"jsonData\":\"{\\\"ThumbnailType\\\":\\\"Asset_2d\\\"}\"},{\"metricName\":\"ThumbnailLoadDurationWebapp\",\"jsonData\":\"{\\\"Status\\\":\\\"Success\\\",\\\"ThumbnailType\\\":\\\"Asset_2d\\\",\\\"Value\\\":\\\"8503\\\"}\"},{\"metricName\":\"ThumbnailNoRetrySuccessWebapp\",\"jsonData\":\"{\\\"ThumbnailType\\\":\\\"Asset_2d\\\"}\"}]"
  },
  "response": {
    "headers": {
      "content-type": "application/json; charset=utf-8",
      "date": "Wed, 18 Feb 2026 11:57:57 GMT",
      "server": "public-gateway",
      "roblox-machine-id": "ed13fd49-4e9d-c02e-9b02-58bdce2a4734",
      "x-envoy-upstream-service-time": "208",
      "x-terms-message": "Terms apply https://rblx.co/TOU.",
      "strict-transport-security": "max-age=3600",
      "x-ratelimit-limit": "10000, 10000;w=60",
      "x-ratelimit-remaining": "9996",
      "x-ratelimit-reset": "2",
      "access-control-allow-origin": "https://www.roblox.com",
      "access-control-allow-credentials": "true",
      "vary": "Origin",
      "x-ingress-proxy": "true",
      "x-roblox-edge": "c118",
      "report-to": "{\"group\":\"network-errors\",\"max_age\":604800,\"endpoints\":[{\"url\":\"https://ncs.roblox.com/upload\"}]}",
      "nel": "{\"report_to\":\"network-errors\",\"max_age\":604800,\"success_fraction\":0.001,\"failure_fraction\":1}"
    },
    "body": "{\"message\":\"Ok\"}"
  }
}