{
  "metadata": {
    "timestamps": {
      "start": "2026-02-18T19:57:55.764103",
      "end": "2026-02-18T19:57:56.144681",
      "duration_ms": 380
    },
    "url": {
      "full": "https://apis.roblox.com/beacon-api/v1/measurements",
      "protocol": "https",
      "domain": "apis.roblox.com",
      "path": "/beacon-api/v1/measurements",
      "normalized_path": "/{slug}/v1/measurements",
      "query": {}
    },
    "method": "POST",
    "status_code": 200,
    "size": {
      "request_bytes": 11381,
      "response_bytes": 16,
      "compressed": false
    },
    "content_type": "application/json; charset=utf-8",
    "cache_status": ""
  },
  "request": {
    "headers": {
      "content-length": "11381",
      "sec-ch-ua-platform": "\"Linux\"",
      "x-csrf-token": "Df7Y4bzYSUur",
      "user-agent": "Mozilla/5.0 (X11; Linux x86_64) AppleWebKit/537.36 (KHTML, like Gecko) Chrome/144.0.0.0 Safari/537.36",
      "sec-ch-ua": "\"Not(A:Brand\";v=\"8\", \"Chromium\";v=\"144\", \"Google Chrome\";v=\"144\"",
      "content-type": "application/json",
      "sec-ch-ua-mobile": "?0",
      "accept": "*/*",
      "origin": "https://www.roblox.com",
      "sec-fetch-site": "same-site",
      "sec-fetch-mode": "cors",
      "sec-fetch-dest": "empty",
      "referer": "https://www.roblox.com/",
      "accept-encoding": "gzip, deflate, br, zstd",
      "accept-language": "en-US,en;q=0.9,fil;q=0.8",
      "priority": "u=1, i"
    },
    "payload": "[{\"metricName\":\"ThumbnailNoRetrySuccessWebapp\",\"jsonData\":\"{\\\"ThumbnailType\\\":\\\"Asset_2d\\\"}\"},{\"metricName\":\"ThumbnailLoadDurationWebapp\",\"jsonData\":\"{\\\"Status\\\":\\\"Success\\\",\\\"ThumbnailType\\\":\\\"GameThumbnail_2d\\\",\\\"Value\\\":\\\"4419\\\"}\"},{\"metricName\":\"ThumbnailNoRetrySuccessWebapp\",\"jsonData\":\"{\\\"ThumbnailType\\\":\\\"GameThumbnail_2d\\\"}\"},{\"metricName\":\"ThumbnailLoadDurationWebapp\",\"jsonData\":\"{\\\"Status\\\":\\\"Success\\\",\\\"ThumbnailType\\\":\\\"Asset_2d\\\",\\\"Value\\\":\\\"4510\\\"}\"},{\"metricName\":\"ThumbnailNoRetrySuccessWebapp\",\"jsonData\":\"{\\\"ThumbnailType\\\":\\\"Asset_2d\\\"}\"},{\"metricName\":\"ThumbnailLoadDurationWebapp\",\"jsonData\":\"{\\\"Status\\\":\\\"Success\\\",\\\"ThumbnailType\\\":\\\"Asset_2d\\\",\\\"Value\\\":\\\"4513\\\"}\"},{\"metricName\":\"ThumbnailNoRetrySuccessWebapp\",\"jsonData\":\"{\\\"ThumbnailType\\\":\\\"Asset_2d\\\"}\"},{\"metricName\":\"ThumbnailLoadDurationWebapp\",\"jsonData\":\"{\\\"Status\\\":\\\"Success\\\",\\\"ThumbnailType\\\":\\\"Asset_2d\\\",\\\"Value\\\":\\\"4575\\\"}\"},{\"metricName\":\"ThumbnailNoRetrySuccessWebapp\",\"jsonData\":\"{\\\"ThumbnailType\\\":\\\"Asset_2d\\\"}\"},{\"metricName\":\"ThumbnailLoadDurationWebapp\",\"jsonData\":\"{\\\"Status\\\":\\\"Success\\\",\\\"ThumbnailType\\\":\\\"Asset_2d\\\",\\\"Value\\\":\\\"4579\\\"}\"},{\"metricName\":\"ThumbnailNoRetrySuccessWebapp\",\"jsonData\":\"{\\\"ThumbnailType\\\":\\\"Asset_2d\\\"}\"},{\"metricName\":\"ThumbnailLoadDurationWebapp\",\"jsonData\":\"{\\\"Status\\\":\\\"Success\\\",\\\"ThumbnailType\\\":\\\"Asset_2d\\\",\\\"Value\\\":\\\"4744\\\"}\"},{\"metricName\":\"ThumbnailNoRetrySuccessWebapp\",\"jsonData\":\"{\\\"ThumbnailType\\\":\\\"Asset_2d\\\"}\"},{\"metricName\":\"ThumbnailLoadDurationWebapp\",\"jsonData\":\"{\\\"Status\\\":\\\"Success\\\",\\\"ThumbnailType\\\":\\\"Asset_2d\\\",\\\"Value\\\":\\\"4753\\\"}\"},{\"metricName\":\"ThumbnailNoRetrySuccessWebapp\",\"jsonData\":\"{\\\"ThumbnailType\\\":\\\"Asset_2d\\\"}\"},{\"metricName\":\"ThumbnailLoadDurationWebapp\",\"jsonData\":\"{\\\"Status\\\":\\\"Success\\\",\\\"ThumbnailType\\\":\\\"Asset_2d\\\",\\\"Value\\\":\\\"4785\\\"}\"},{\"metricName\":\"ThumbnailNoRetrySuccessWebapp\",\"jsonData\":\"{\\\"ThumbnailType\\\":\\\"Asset_2d\\\"}\"},{\"metricName\":\"ThumbnailLoadDurationWebapp\",\"jsonData\":\"{\\\"Status\\\":\\\"Success\\\",\\\"ThumbnailType\\\":\\\"GameThumbnail_2d\\\",\\\"Value\\\":\\\"4912\\\"}\"},{\"metricName\":\"ThumbnailNoRetrySuccessWebapp\",\"jsonData\":\"{\\\"ThumbnailType\\\":\\\"GameThumbnail_2d\\\"}\"},{\"metricName\":\"ThumbnailLoadDurationWebapp\",\"jsonData\":\"{\\\"Status\\\":\\\"Success\\\",\\\"ThumbnailType\\\":\\\"Asset_2d\\\",\\\"Value\\\":\\\"4912\\\"}\"},{\"metricName\":\"ThumbnailNoRetrySuccessWebapp\",\"jsonData\":\"{\\\"ThumbnailType\\\":\\\"Asset_2d\\\"}\"},{\"metricName\":\"ThumbnailLoadDurationWebapp\",\"jsonData\":\"{\\\"Status\\\":\\\"Success\\\",\\\"ThumbnailType\\\":\\\"Asset_2d\\\",\\\"Value\\\":\\\"4999\\\"}\"},{\"metricName\":\"ThumbnailNoRetrySuccessWebapp\",\"jsonData\":\"{\\\"ThumbnailType\\\":\\\"Asset_2d\\\"}\"},{\"metricName\":\"ThumbnailLoadDurationWebapp\",\"jsonData\":\"{\\\"Status\\\":\\\"Success\\\",\\\"ThumbnailType\\\":\\\"Asset_2d\\\",\\\"Value\\\":\\\"5010\\\"}\"},{\"metricName\":\"ThumbnailNoRetrySuccessWebapp\",\"jsonData\":\"{\\\"ThumbnailType\\\":\\\"Asset_2d\\\"}\"},{\"metricName\":\"ThumbnailLoadDurationWebapp\",\"jsonData\":\"{\\\"Status\\\":\\\"Success\\\",\\\"ThumbnailType\\\":\\\"Asset_2d\\\",\\\"Value\\\":\\\"5141\\\"}\"},{\"metricName\":\"ThumbnailNoRetrySuccessWebapp\",\"jsonData\":\"{\\\"ThumbnailType\\\":\\\"Asset_2d\\\"}\"},{\"metricName\":\"ThumbnailLoadDurationWebapp\",\"jsonData\":\"{\\\"Status\\\":\\\"Success\\\",\\\"ThumbnailType\\\":\\\"Asset_2d\\\",\\\"Value\\\":\\\"5259\\\"}\"},{\"metricName\":\"ThumbnailNoRetrySuccessWebapp\",\"jsonData\":\"{\\\"ThumbnailType\\\":\\\"Asset_2d\\\"}\"},{\"metricName\":\"ThumbnailLoadDurationWebapp\",\"jsonData\":\"{\\\"Status\\\":\\\"Success\\\",\\\"ThumbnailType\\\":\\\"Asset_2d\\\",\\\"Value\\\":\\\"5260\\\"}\"},{\"metricName\":\"ThumbnailNoRetrySuccessWebapp\",\"jsonData\":\"{\\\"ThumbnailType\\\":\\\"Asset_2d\\\"}\"},{\"metricName\":\"ThumbnailLoadDurationWebapp\",\"jsonData\":\"{\\\"Status\\\":\\\"Success\\\",\\\"ThumbnailType\\\":\\\"Asset_2d\\\",\\\"Value\\\":\\\"5272\\\"}\"},{\"metricName\":\"ThumbnailNoRetrySuccessWebapp\",\"jsonData\":\"{\\\"ThumbnailType\\\":\\\"Asset_2d\\\"}\"},{\"metricName\":\"ThumbnailLoadDurationWebapp\",\"jsonData\":\"{\\\"Status\\\":\\\"Success\\\",\\\"ThumbnailType\\\":\\\"Asset_2d\\\",\\\"Value\\\":\\\"5307\\\"}\"},{\"metricName\":\"ThumbnailNoRetrySuccessWebapp\",\"jsonData\":\"{\\\"ThumbnailType\\\":\\\"Asset_2d\\\"}\"},{\"metricName\":\"ThumbnailLoadDurationWebapp\",\"jsonData\":\"{\\\"Status\\\":\\\"Success\\\",\\\"ThumbnailType\\\":\\\"Asset_2d\\\",\\\"Value\\\":\\\"5471\\\"}\"},{\"metricName\":\"ThumbnailNoRetrySuccessWebapp\",\"jsonData\":\"{\\\"ThumbnailType\\\":\\\"Asset_2d\\\"}\"},{\"metricName\":\"ThumbnailLoadDurationWebapp\",\"jsonData\":\"{\\\"Status\\\":\\\"Success\\\",\\\"ThumbnailType\\\":\\\"Asset_2d\\\",\\\"Value\\\":\\\"5471\\\"}\"},{\"metricName\":\"ThumbnailNoRetrySuccessWebapp\",\"jsonData\":\"{\\\"ThumbnailType\\\":\\\"Asset_2d\\\"}\"},{\"metricName\":\"ThumbnailLoadDurationWebapp\",\"jsonData\":\"{\\\"Status\\\":\\\"Success\\\",\\\"ThumbnailType\\\":\\\"Asset_2d\\\",\\\"Value\\\":\\\"5489\\\"}\"},{\"metricName\":\"ThumbnailNoRetrySuccessWebapp\",\"jsonData\":\"{\\\"ThumbnailType\\\":\\\"Asset_2d\\\"}\"},{\"metricName\":\"ThumbnailLoadDurationWebapp\",\"jsonData\":\"{\\\"Status\\\":\\\"Success\\\",\\\"ThumbnailType\\\":\\\"Asset_2d\\\",\\\"Value\\\":\\\"5490\\\"}\"},{\"metricName\":\"ThumbnailNoRetrySuccessWebapp\",\"jsonData\":\"{\\\"ThumbnailType\\\":\\\"Asset_2d\\\"}\"},{\"metricName\":\"ThumbnailLoadDurationWebapp\",\"jsonData\":\"{\\\"Status\\\":\\\"Success\\\",\\\"ThumbnailType\\\":\\\"Asset_2d\\\",\\\"Value\\\":\\\"5584\\\"}\"},{\"metricName\":\"ThumbnailNoRetrySuccessWebapp\",\"jsonData\":\"{\\\"ThumbnailType\\\":\\\"Asset_2d\\\"}\"},{\"metricName\":\"ThumbnailLoadDurationWebapp\",\"jsonData\":\"{\\\"Status\\\":\\\"Success\\\",\\\"ThumbnailType\\\":\\\"Asset_2d\\\",\\\"Value\\\":\\\"5716\\\"}\"},{\"metricName\":\"ThumbnailNoRetrySuccessWebapp\",\"jsonData\":\"{\\\"ThumbnailType\\\":\\\"Asset_2d\\\"}\"},{\"metricName\":\"ThumbnailLoadDurationWebapp\",\"jsonData\":\"{\\\"Status\\\":\\\"Success\\\",\\\"ThumbnailType\\\":\\\"Asset_2d\\\",\\\"Value\\\":\\\"5718\\\"}\"},{\"metricName\":\"ThumbnailNoRetrySuccessWebapp\",\"jsonData\":\"{\\\"ThumbnailType\\\":\\\"Asset_2d\\\"}\"},{\"metricName\":\"ThumbnailLoadDurationWebapp\",\"jsonData\":\"{\\\"Status\\\":\\\"Success\\\",\\\"ThumbnailType\\\":\\\"Asset_2d\\\",\\\"Value\\\":\\\"5721\\\"}\"},{\"metricName\":\"ThumbnailNoRetrySuccessWebapp\",\"jsonData\":\"{\\\"ThumbnailType\\\":\\\"Asset_2d\\\"}\"},{\"metricName\":\"ThumbnailLoadDurationWebapp\",\"jsonData\":\"{\\\"Status\\\":\\\"Success\\\",\\\"ThumbnailType\\\":\\\"Asset_2d\\\",\\\"Value\\\":\\\"5785\\\"}\"},{\"metricName\":\"ThumbnailNoRetrySuccessWebapp\",\"jsonData\":\"{\\\"ThumbnailType\\\":\\\"Asset_2d\\\"}\"},{\"metricName\":\"ThumbnailLoadDurationWebapp\",\"jsonData\":\"{\\\"Status\\\":\\\"Success\\\",\\\"ThumbnailType\\\":\\\"Asset_2d\\\",\\\"Value\\\":\\\"5788\\\"}\"},{\"metricName\":\"ThumbnailNoRetrySuccessWebapp\",\"jsonData\":\"{\\\"ThumbnailType\\\":\\\"Asset_2d\\\"}\"},{\"metricName\":\"ThumbnailLoadDurationWebapp\",\"jsonData\":\"{\\\"Status\\\":\\\"Success\\\",\\\"ThumbnailType\\\":\\\"Asset_2d\\\",\\\"Value\\\":\\\"5873\\\"}\"},{\"metricName\":\"ThumbnailNoRetrySuccessWebapp\",\"jsonData\":\"{\\\"ThumbnailType\\\":\\\"Asset_2d\\\"}\"},{\"metricName\":\"ThumbnailLoadDurationWebapp\",\"jsonData\":\"{\\\"Status\\\":\\\"Success\\\",\\\"ThumbnailType\\\":\\\"Asset_2d\\\",\\\"Value\\\":\\\"5882\\\"}\"},{\"metricName\":\"ThumbnailNoRetrySuccessWebapp\",\"jsonData\":\"{\\\"ThumbnailType\\\":\\\"Asset_2d\\\"}\"},{\"metricName\":\"ThumbnailLoadDurationWebapp\",\"jsonData\":\"{\\\"Status\\\":\\\"Success\\\",\\\"ThumbnailType\\\":\\\"Asset_2d\\\",\\\"Value\\\":\\\"5970\\\"}\"},{\"metricName\":\"ThumbnailNoRetrySuccessWebapp\",\"jsonData\":\"{\\\"ThumbnailType\\\":\\\"Asset_2d\\\"}\"},{\"metricName\":\"ThumbnailLoadDurationWebapp\",\"jsonData\":\"{\\\"Status\\\":\\\"Success\\\",\\\"ThumbnailType\\\":\\\"Asset_2d\\\",\\\"Value\\\":\\\"6033\\\"}\"},{\"metricName\":\"ThumbnailNoRetrySuccessWebapp\",\"jsonData\":\"{\\\"ThumbnailType\\\":\\\"Asset_2d\\\"}\"},{\"metricName\":\"ThumbnailLoadDurationWebapp\",\"jsonData\":\"{\\\"Status\\\":\\\"Success\\\",\\\"ThumbnailType\\\":\\\"Asset_2d\\\",\\\"Value\\\":\\\"6036\\\"}\"},{\"metricName\":\"ThumbnailNoRetrySuccessWebapp\",\"jsonData\":\"{\\\"ThumbnailType\\\":\\\"Asset_2d\\\"}\"},{\"metricName\":\"ThumbnailLoadDurationWebapp\",\"jsonData\":\"{\\\"Status\\\":\\\"Success\\\",\\\"ThumbnailType\\\":\\\"Asset_2d\\\",\\\"Value\\\":\\\"6080\\\"}\"},{\"metricName\":\"ThumbnailNoRetrySuccessWebapp\",\"jsonData\":\"{\\\"ThumbnailType\\\":\\\"Asset_2d\\\"}\"},{\"metricName\":\"ThumbnailLoadDurationWebapp\",\"jsonData\":\"{\\\"Status\\\":\\\"Success\\\",\\\"ThumbnailType\\\":\\\"Asset_2d\\\",\\\"Value\\\":\\\"6237\\\"}\"},{\"metricName\":\"ThumbnailNoRetrySuccessWebapp\",\"jsonData\":\"{\\\"ThumbnailType\\\":\\\"Asset_2d\\\"}\"},{\"metricName\":\"ThumbnailLoadDurationWebapp\",\"jsonData\":\"{\\\"Status\\\":\\\"Success\\\",\\\"ThumbnailType\\\":\\\"Asset_2d\\\",\\\"Value\\\":\\\"6245\\\"}\"},{\"metricName\":\"ThumbnailNoRetrySuccessWebapp\",\"jsonData\":\"{\\\"ThumbnailType\\\":\\\"Asset_2d\\\"}\"},{\"metricName\":\"ThumbnailLoadDurationWebapp\",\"jsonData\":\"{\\\"Status\\\":\\\"Success\\\",\\\"ThumbnailType\\\":\\\"Asset_2d\\\",\\\"Value\\\":\\\"6297\\\"}\"},{\"metricName\":\"ThumbnailNoRetrySuccessWebapp\",\"jsonData\":\"{\\\"ThumbnailType\\\":\\\"Asset_2d\\\"}\"},{\"metricName\":\"ThumbnailLoadDurationWebapp\",\"jsonData\":\"{\\\"Status\\\":\\\"Success\\\",\\\"ThumbnailType\\\":\\\"Asset_2d\\\",\\\"Value\\\":\\\"6421\\\"}\"},{\"metricName\":\"ThumbnailNoRetrySuccessWebapp\",\"jsonData\":\"{\\\"ThumbnailType\\\":\\\"Asset_2d\\\"}\"},{\"metricName\":\"ThumbnailLoadDurationWebapp\",\"jsonData\":\"{\\\"Status\\\":\\\"Success\\\",\\\"ThumbnailType\\\":\\\"Asset_2d\\\",\\\"Value\\\":\\\"6424\\\"}\"},{\"metricName\":\"ThumbnailNoRetrySuccessWebapp\",\"jsonData\":\"{\\\"ThumbnailType\\\":\\\"Asset_2d\\\"}\"},{\"metricName\":\"ThumbnailLoadDurationWebapp\",\"jsonData\":\"{\\\"Status\\\":\\\"Success\\\",\\\"ThumbnailType\\\":\\\"Asset_2d\\\",\\\"Value\\\":\\\"6597\\\"}\"},{\"metricName\":\"ThumbnailNoRetrySuccessWebapp\",\"jsonData\":\"{\\\"ThumbnailType\\\":\\\"Asset_2d\\\"}\"},{\"metricName\":\"ThumbnailLoadDurationWebapp\",\"jsonData\":\"{\\\"Status\\\":\\\"Success\\\",\\\"ThumbnailType\\\":\\\"GameThumbnail_2d\\\",\\\"Value\\\":\\\"6598\\\"}\"},{\"metricName\":\"ThumbnailNoRetrySuccessWebapp\",\"jsonData\":\"{\\\"ThumbnailType\\\":\\\"GameThumbnail_2d\\\"}\"},{\"metricName\":\"ThumbnailLoadDurationWebapp\",\"jsonData\":\"{\\\"Status\\\":\\\"Success\\\",\\\"ThumbnailType\\\":\\\"Asset_2d\\\",\\\"Value\\\":\\\"6608\\\"}\"},{\"metricName\":\"ThumbnailNoRetrySuccessWebapp\",\"jsonData\":\"{\\\"ThumbnailType\\\":\\\"Asset_2d\\\"}\"},{\"metricName\":\"ThumbnailLoadDurationWebapp\",\"jsonData\":\"{\\\"Status\\\":\\\"Success\\\",\\\"ThumbnailType\\\":\\\"Asset_2d\\\",\\\"Value\\\":\\\"6673\\\"}\"},{\"metricName\":\"ThumbnailNoRetrySuccessWebapp\",\"jsonData\":\"{\\\"ThumbnailType\\\":\\\"Asset_2d\\\"}\"},{\"metricName\":\"ThumbnailLoadDurationWebapp\",\"jsonData\":\"{\\\"Status\\\":\\\"Success\\\",\\\"ThumbnailType\\\":\\\"Asset_2d\\\",\\\"Value\\\":\\\"6758\\\"}\"},{\"metricName\":\"ThumbnailNoRetrySuccessWebapp\",\"jsonData\":\"{\\\"ThumbnailType\\\":\\\"Asset_2d\\\"}\"},{\"metricName\":\"ThumbnailLoadDurationWebapp\",\"jsonData\":\"{\\\"Status\\\":\\\"Success\\\",\\\"ThumbnailType\\\":\\\"GameThumbnail_2d\\\",\\\"Value\\\":\\\"6759\\\"}\"},{\"metricName\":\"ThumbnailNoRetrySuccessWebapp\",\"jsonData\":\"{\\\"ThumbnailType\\\":\\\"GameThumbnail_2d\\\"}\"},{\"metricName\":\"ThumbnailLoadDurationWebapp\",\"jsonData\":\"{\\\"Status\\\":\\\"Success\\\",\\\"ThumbnailType\\\":\\\"Asset_2d\\\",\\\"Value\\\":\\\"6843\\\"}\"},{\"metricName\":\"ThumbnailNoRetrySuccessWebapp\",\"jsonData\":\"{\\\"ThumbnailType\\\":\\\"Asset_2d\\\"}\"},{\"metricName\":\"ThumbnailLoadDurationWebapp\",\"jsonData\":\"{\\\"Status\\\":\\\"Success\\\",\\\"ThumbnailType\\\":\\\"Asset_2d\\\",\\\"Value\\\":\\\"6854\\\"}\"},{\"metricName\":\"ThumbnailNoRetrySuccessWebapp\",\"jsonData\":\"{\\\"ThumbnailType\\\":\\\"Asset_2d\\\"}\"},{\"metricName\":\"ThumbnailLoadDurationWebapp\",\"jsonData\":\"{\\\"Status\\\":\\\"Success\\\",\\\"ThumbnailType\\\":\\\"GameThumbnail_2d\\\",\\\"Value\\\":\\\"6970\\\"}\"},{\"metricName\":\"ThumbnailNoRetrySuccessWebapp\",\"jsonData\":\"{\\\"ThumbnailType\\\":\\\"GameThumbnail_2d\\\"}\"},{\"metricName\":\"ThumbnailLoadDurationWebapp\",\"jsonData\":\"{\\\"Status\\\":\\\"Success\\\",\\\"ThumbnailType\\\":\\\"Asset_2d\\\",\\\"Value\\\":\\\"6971\\\"}\"},{\"metricName\":\"ThumbnailNoRetrySuccessWebapp\",\"jsonData\":\"{\\\"ThumbnailType\\\":\\\"Asset_2d\\\"}\"},{\"metricName\":\"ThumbnailLoadDurationWebapp\",\"jsonData\":\"{\\\"Status\\\":\\\"Success\\\",\\\"ThumbnailType\\\":\\\"Asset_2d\\\",\\\"Value\\\":\\\"7019\\\"}\"},{\"metricName\":\"ThumbnailNoRetrySuccessWebapp\",\"jsonData\":\"{\\\"ThumbnailType\\\":\\\"Asset_2d\\\"}\"},{\"metricName\":\"ThumbnailLoadDurationWebapp\",\"jsonData\":\"{\\\"Status\\\":\\\"Success\\\",\\\"ThumbnailType\\\":\\\"Asset_2d\\\",\\\"Value\\\":\\\"7025\\\"}\"}]"
  },
  "response": {
    "headers": {
      "content-type": "application/json; charset=utf-8",
      "date": "Wed, 18 Feb 2026 11:57:56 GMT",
      "server": "public-gateway",
      "roblox-machine-id": "8bf2a4ad-4b93-5498-10d2-e92600081def",
      "x-envoy-upstream-service-time": "195",
      "x-terms-message": "Terms apply https://rblx.co/TOU.",
      "strict-transport-security": "max-age=3600",
      "x-ratelimit-limit": "10000, 10000;w=60",
      "x-ratelimit-remaining": "9998",
      "x-ratelimit-reset": "3",
      "access-control-allow-origin": "https://www.roblox.com",
      "access-control-allow-credentials": "true",
      "vary": "Origin",
      "x-ingress-proxy": "true",
      "x-roblox-edge": "c118",
      "report-to": "{\"group\":\"network-errors\",\"max_age\":604800,\"endpoints\":[{\"url\":\"https://ncs.roblox.com/upload\"}]}",
      "nel": "{\"report_to\":\"network-errors\",\"max_age\":604800,\"success_fraction\":0.001,\"failure_fraction\":1}"
    },
    "body": "{\"message\":\"Ok\"}"
  }
}