{
  "metadata": {
    "timestamps": {
      "start": "2026-02-18T19:57:55.207904",
      "end": "2026-02-18T19:57:55.685518",
      "duration_ms": 477
    },
    "url": {
      "full": "https://apis.roblox.com/beacon-api/v1/measurements",
      "protocol": "https",
      "domain": "apis.roblox.com",
      "path": "/beacon-api/v1/measurements",
      "normalized_path": "/{slug}/v1/measurements",
      "query": {}
    },
    "method": "POST",
    "status_code": 200,
    "size": {
      "request_bytes": 12599,
      "response_bytes": 16,
      "compressed": false
    },
    "content_type": "application/json; charset=utf-8",
    "cache_status": ""
  },
  "request": {
    "headers": {
      "content-length": "12599",
      "sec-ch-ua-platform": "\"Linux\"",
      "x-csrf-token": "Df7Y4bzYSUur",
      "user-agent": "Mozilla/5.0 (X11; Linux x86_64) AppleWebKit/537.36 (KHTML, like Gecko) Chrome/144.0.0.0 Safari/537.36",
      "sec-ch-ua": "\"Not(A:Brand\";v=\"8\", \"Chromium\";v=\"144\", \"Google Chrome\";v=\"144\"",
      "content-type": "application/json",
      "sec-ch-ua-mobile": "?0",
      "accept": "*/*",
      "origin": "https://www.roblox.com",
      "sec-fetch-site": "same-site",
      "sec-fetch-mode": "cors",
      "sec-fetch-dest": "empty",
      "referer": "https://www.roblox.com/",
      "accept-encoding": "gzip, deflate, br, zstd",
      "accept-language": "en-US,en;q=0.9,fil;q=0.8",
      "priority": "u=1, i"
    },
    "payload": "[{\"metricName\":\"ThumbnailStatusCountWebapp\",\"jsonData\":\"{\\\"ThumbnailType\\\":\\\"Asset_2d\\\",\\\"Status\\\":\\\"Completed\\\",\\\"Version\\\":\\\"TN3\\\"}\"},{\"metricName\":\"ThumbnailLoadDurationWebapp\",\"jsonData\":\"{\\\"Status\\\":\\\"Success\\\",\\\"ThumbnailType\\\":\\\"AvatarHeadshot_2d\\\",\\\"Value\\\":\\\"6161\\\"}\"},{\"metricName\":\"ThumbnailNoRetrySuccessWebapp\",\"jsonData\":\"{\\\"ThumbnailType\\\":\\\"AvatarHeadshot_2d\\\"}\"},{\"metricName\":\"ThumbnailLoadDurationWebapp\",\"jsonData\":\"{\\\"Status\\\":\\\"Success\\\",\\\"ThumbnailType\\\":\\\"AvatarHeadshot_2d\\\",\\\"Value\\\":\\\"6210\\\"}\"},{\"metricName\":\"ThumbnailNoRetrySuccessWebapp\",\"jsonData\":\"{\\\"ThumbnailType\\\":\\\"AvatarHeadshot_2d\\\"}\"},{\"metricName\":\"ThumbnailStatusCountWebapp\",\"jsonData\":\"{\\\"ThumbnailType\\\":\\\"Asset_2d\\\",\\\"Status\\\":\\\"Completed\\\",\\\"Version\\\":\\\"TN3\\\"}\"},{\"metricName\":\"ThumbnailStatusCountWebapp\",\"jsonData\":\"{\\\"ThumbnailType\\\":\\\"Asset_2d\\\",\\\"Status\\\":\\\"Completed\\\",\\\"Version\\\":\\\"TN3\\\"}\"},{\"metricName\":\"ThumbnailStatusCountWebapp\",\"jsonData\":\"{\\\"ThumbnailType\\\":\\\"Asset_2d\\\",\\\"Status\\\":\\\"Completed\\\",\\\"Version\\\":\\\"TN3\\\"}\"},{\"metricName\":\"ThumbnailStatusCountWebapp\",\"jsonData\":\"{\\\"ThumbnailType\\\":\\\"Asset_2d\\\",\\\"Status\\\":\\\"Completed\\\",\\\"Version\\\":\\\"TN3\\\"}\"},{\"metricName\":\"ThumbnailStatusCountWebapp\",\"jsonData\":\"{\\\"ThumbnailType\\\":\\\"Asset_2d\\\",\\\"Status\\\":\\\"Completed\\\",\\\"Version\\\":\\\"TN3\\\"}\"},{\"metricName\":\"ThumbnailStatusCountWebapp\",\"jsonData\":\"{\\\"ThumbnailType\\\":\\\"Asset_2d\\\",\\\"Status\\\":\\\"Completed\\\",\\\"Version\\\":\\\"TN3\\\"}\"},{\"metricName\":\"ThumbnailStatusCountWebapp\",\"jsonData\":\"{\\\"ThumbnailType\\\":\\\"Asset_2d\\\",\\\"Status\\\":\\\"Completed\\\",\\\"Version\\\":\\\"TN3\\\"}\"},{\"metricName\":\"ThumbnailStatusCountWebapp\",\"jsonData\":\"{\\\"ThumbnailType\\\":\\\"Asset_2d\\\",\\\"Status\\\":\\\"Completed\\\",\\\"Version\\\":\\\"TN3\\\"}\"},{\"metricName\":\"ThumbnailStatusCountWebapp\",\"jsonData\":\"{\\\"ThumbnailType\\\":\\\"Asset_2d\\\",\\\"Status\\\":\\\"Completed\\\",\\\"Version\\\":\\\"TN3\\\"}\"},{\"metricName\":\"ThumbnailStatusCountWebapp\",\"jsonData\":\"{\\\"ThumbnailType\\\":\\\"Asset_2d\\\",\\\"Status\\\":\\\"Completed\\\",\\\"Version\\\":\\\"TN3\\\"}\"},{\"metricName\":\"ThumbnailStatusCountWebapp\",\"jsonData\":\"{\\\"ThumbnailType\\\":\\\"Asset_2d\\\",\\\"Status\\\":\\\"Completed\\\",\\\"Version\\\":\\\"TN3\\\"}\"},{\"metricName\":\"ThumbnailStatusCountWebapp\",\"jsonData\":\"{\\\"ThumbnailType\\\":\\\"Asset_2d\\\",\\\"Status\\\":\\\"Completed\\\",\\\"Version\\\":\\\"TN3\\\"}\"},{\"metricName\":\"ThumbnailStatusCountWebapp\",\"jsonData\":\"{\\\"ThumbnailType\\\":\\\"Asset_2d\\\",\\\"Status\\\":\\\"Completed\\\",\\\"Version\\\":\\\"TN3\\\"}\"},{\"metricName\":\"ThumbnailStatusCountWebapp\",\"jsonData\":\"{\\\"ThumbnailType\\\":\\\"Asset_2d\\\",\\\"Status\\\":\\\"Completed\\\",\\\"Version\\\":\\\"TN3\\\"}\"},{\"metricName\":\"ThumbnailStatusCountWebapp\",\"jsonData\":\"{\\\"ThumbnailType\\\":\\\"Asset_2d\\\",\\\"Status\\\":\\\"Completed\\\",\\\"Version\\\":\\\"TN3\\\"}\"},{\"metricName\":\"ThumbnailStatusCountWebapp\",\"jsonData\":\"{\\\"ThumbnailType\\\":\\\"Asset_2d\\\",\\\"Status\\\":\\\"Completed\\\",\\\"Version\\\":\\\"TN3\\\"}\"},{\"metricName\":\"ThumbnailStatusCountWebapp\",\"jsonData\":\"{\\\"ThumbnailType\\\":\\\"GameThumbnail_2d\\\",\\\"Status\\\":\\\"Completed\\\",\\\"Version\\\":\\\"TN3\\\"}\"},{\"metricName\":\"ThumbnailStatusCountWebapp\",\"jsonData\":\"{\\\"ThumbnailType\\\":\\\"Asset_2d\\\",\\\"Status\\\":\\\"Completed\\\",\\\"Version\\\":\\\"TN3\\\"}\"},{\"metricName\":\"ThumbnailStatusCountWebapp\",\"jsonData\":\"{\\\"ThumbnailType\\\":\\\"Asset_2d\\\",\\\"Status\\\":\\\"Completed\\\",\\\"Version\\\":\\\"TN3\\\"}\"},{\"metricName\":\"ThumbnailStatusCountWebapp\",\"jsonData\":\"{\\\"ThumbnailType\\\":\\\"GameThumbnail_2d\\\",\\\"Status\\\":\\\"Completed\\\",\\\"Version\\\":\\\"TN3\\\"}\"},{\"metricName\":\"ThumbnailStatusCountWebapp\",\"jsonData\":\"{\\\"ThumbnailType\\\":\\\"GameThumbnail_2d\\\",\\\"Status\\\":\\\"Completed\\\",\\\"Version\\\":\\\"TN3\\\"}\"},{\"metricName\":\"ThumbnailStatusCountWebapp\",\"jsonData\":\"{\\\"ThumbnailType\\\":\\\"Asset_2d\\\",\\\"Status\\\":\\\"Completed\\\",\\\"Version\\\":\\\"TN3\\\"}\"},{\"metricName\":\"ThumbnailStatusCountWebapp\",\"jsonData\":\"{\\\"ThumbnailType\\\":\\\"Asset_2d\\\",\\\"Status\\\":\\\"Completed\\\",\\\"Version\\\":\\\"TN3\\\"}\"},{\"metricName\":\"ThumbnailStatusCountWebapp\",\"jsonData\":\"{\\\"ThumbnailType\\\":\\\"Asset_2d\\\",\\\"Status\\\":\\\"Completed\\\",\\\"Version\\\":\\\"TN3\\\"}\"},{\"metricName\":\"ThumbnailStatusCountWebapp\",\"jsonData\":\"{\\\"ThumbnailType\\\":\\\"Asset_2d\\\",\\\"Status\\\":\\\"Completed\\\",\\\"Version\\\":\\\"TN3\\\"}\"},{\"metricName\":\"ThumbnailStatusCountWebapp\",\"jsonData\":\"{\\\"ThumbnailType\\\":\\\"Asset_2d\\\",\\\"Status\\\":\\\"Completed\\\",\\\"Version\\\":\\\"TN3\\\"}\"},{\"metricName\":\"ThumbnailStatusCountWebapp\",\"jsonData\":\"{\\\"ThumbnailType\\\":\\\"Asset_2d\\\",\\\"Status\\\":\\\"Completed\\\",\\\"Version\\\":\\\"TN3\\\"}\"},{\"metricName\":\"ThumbnailStatusCountWebapp\",\"jsonData\":\"{\\\"ThumbnailType\\\":\\\"Asset_2d\\\",\\\"Status\\\":\\\"Completed\\\",\\\"Version\\\":\\\"TN3\\\"}\"},{\"metricName\":\"ThumbnailStatusCountWebapp\",\"jsonData\":\"{\\\"ThumbnailType\\\":\\\"Asset_2d\\\",\\\"Status\\\":\\\"Completed\\\",\\\"Version\\\":\\\"TN3\\\"}\"},{\"metricName\":\"ThumbnailStatusCountWebapp\",\"jsonData\":\"{\\\"ThumbnailType\\\":\\\"Asset_2d\\\",\\\"Status\\\":\\\"Completed\\\",\\\"Version\\\":\\\"TN3\\\"}\"},{\"metricName\":\"ThumbnailStatusCountWebapp\",\"jsonData\":\"{\\\"ThumbnailType\\\":\\\"Asset_2d\\\",\\\"Status\\\":\\\"Completed\\\",\\\"Version\\\":\\\"TN3\\\"}\"},{\"metricName\":\"ThumbnailStatusCountWebapp\",\"jsonData\":\"{\\\"ThumbnailType\\\":\\\"Asset_2d\\\",\\\"Status\\\":\\\"Completed\\\",\\\"Version\\\":\\\"TN3\\\"}\"},{\"metricName\":\"ThumbnailStatusCountWebapp\",\"jsonData\":\"{\\\"ThumbnailType\\\":\\\"Asset_2d\\\",\\\"Status\\\":\\\"Completed\\\",\\\"Version\\\":\\\"TN3\\\"}\"},{\"metricName\":\"ThumbnailStatusCountWebapp\",\"jsonData\":\"{\\\"ThumbnailType\\\":\\\"Asset_2d\\\",\\\"Status\\\":\\\"Completed\\\",\\\"Version\\\":\\\"TN3\\\"}\"},{\"metricName\":\"ThumbnailStatusCountWebapp\",\"jsonData\":\"{\\\"ThumbnailType\\\":\\\"Asset_2d\\\",\\\"Status\\\":\\\"Completed\\\",\\\"Version\\\":\\\"TN3\\\"}\"},{\"metricName\":\"ThumbnailStatusCountWebapp\",\"jsonData\":\"{\\\"ThumbnailType\\\":\\\"Asset_2d\\\",\\\"Status\\\":\\\"Completed\\\",\\\"Version\\\":\\\"TN3\\\"}\"},{\"metricName\":\"ThumbnailStatusCountWebapp\",\"jsonData\":\"{\\\"ThumbnailType\\\":\\\"GameThumbnail_2d\\\",\\\"Status\\\":\\\"Completed\\\",\\\"Version\\\":\\\"TN3\\\"}\"},{\"metricName\":\"ThumbnailStatusCountWebapp\",\"jsonData\":\"{\\\"ThumbnailType\\\":\\\"Asset_2d\\\",\\\"Status\\\":\\\"Completed\\\",\\\"Version\\\":\\\"TN3\\\"}\"},{\"metricName\":\"ThumbnailStatusCountWebapp\",\"jsonData\":\"{\\\"ThumbnailType\\\":\\\"Asset_2d\\\",\\\"Status\\\":\\\"Completed\\\",\\\"Version\\\":\\\"TN3\\\"}\"},{\"metricName\":\"ThumbnailStatusCountWebapp\",\"jsonData\":\"{\\\"ThumbnailType\\\":\\\"Asset_2d\\\",\\\"Status\\\":\\\"Completed\\\",\\\"Version\\\":\\\"TN3\\\"}\"},{\"metricName\":\"ThumbnailStatusCountWebapp\",\"jsonData\":\"{\\\"ThumbnailType\\\":\\\"Asset_2d\\\",\\\"Status\\\":\\\"Completed\\\",\\\"Version\\\":\\\"TN3\\\"}\"},{\"metricName\":\"ThumbnailStatusCountWebapp\",\"jsonData\":\"{\\\"ThumbnailType\\\":\\\"Asset_2d\\\",\\\"Status\\\":\\\"Completed\\\",\\\"Version\\\":\\\"TN3\\\"}\"},{\"metricName\":\"ThumbnailStatusCountWebapp\",\"jsonData\":\"{\\\"ThumbnailType\\\":\\\"Asset_2d\\\",\\\"Status\\\":\\\"Completed\\\",\\\"Version\\\":\\\"TN3\\\"}\"},{\"metricName\":\"ThumbnailStatusCountWebapp\",\"jsonData\":\"{\\\"ThumbnailType\\\":\\\"Asset_2d\\\",\\\"Status\\\":\\\"Completed\\\",\\\"Version\\\":\\\"TN3\\\"}\"},{\"metricName\":\"ThumbnailStatusCountWebapp\",\"jsonData\":\"{\\\"ThumbnailType\\\":\\\"Asset_2d\\\",\\\"Status\\\":\\\"Completed\\\",\\\"Version\\\":\\\"TN3\\\"}\"},{\"metricName\":\"ThumbnailStatusCountWebapp\",\"jsonData\":\"{\\\"ThumbnailType\\\":\\\"Asset_2d\\\",\\\"Status\\\":\\\"Completed\\\",\\\"Version\\\":\\\"TN3\\\"}\"},{\"metricName\":\"ThumbnailStatusCountWebapp\",\"jsonData\":\"{\\\"ThumbnailType\\\":\\\"Asset_2d\\\",\\\"Status\\\":\\\"Completed\\\",\\\"Version\\\":\\\"TN3\\\"}\"},{\"metricName\":\"ThumbnailStatusCountWebapp\",\"jsonData\":\"{\\\"ThumbnailType\\\":\\\"Asset_2d\\\",\\\"Status\\\":\\\"Completed\\\",\\\"Version\\\":\\\"TN3\\\"}\"},{\"metricName\":\"ThumbnailStatusCountWebapp\",\"jsonData\":\"{\\\"ThumbnailType\\\":\\\"Asset_2d\\\",\\\"Status\\\":\\\"Completed\\\",\\\"Version\\\":\\\"TN3\\\"}\"},{\"metricName\":\"ThumbnailStatusCountWebapp\",\"jsonData\":\"{\\\"ThumbnailType\\\":\\\"Asset_2d\\\",\\\"Status\\\":\\\"Completed\\\",\\\"Version\\\":\\\"TN3\\\"}\"},{\"metricName\":\"ThumbnailStatusCountWebapp\",\"jsonData\":\"{\\\"ThumbnailType\\\":\\\"Asset_2d\\\",\\\"Status\\\":\\\"Completed\\\",\\\"Version\\\":\\\"TN3\\\"}\"},{\"metricName\":\"ThumbnailStatusCountWebapp\",\"jsonData\":\"{\\\"ThumbnailType\\\":\\\"Asset_2d\\\",\\\"Status\\\":\\\"Completed\\\",\\\"Version\\\":\\\"TN3\\\"}\"},{\"metricName\":\"ThumbnailStatusCountWebapp\",\"jsonData\":\"{\\\"ThumbnailType\\\":\\\"Asset_2d\\\",\\\"Status\\\":\\\"Completed\\\",\\\"Version\\\":\\\"TN3\\\"}\"},{\"metricName\":\"ThumbnailStatusCountWebapp\",\"jsonData\":\"{\\\"ThumbnailType\\\":\\\"Asset_2d\\\",\\\"Status\\\":\\\"Completed\\\",\\\"Version\\\":\\\"TN3\\\"}\"},{\"metricName\":\"ThumbnailLoadDurationWebapp\",\"jsonData\":\"{\\\"Status\\\":\\\"Success\\\",\\\"ThumbnailType\\\":\\\"Asset_2d\\\",\\\"Value\\\":\\\"1752\\\"}\"},{\"metricName\":\"ThumbnailNoRetrySuccessWebapp\",\"jsonData\":\"{\\\"ThumbnailType\\\":\\\"Asset_2d\\\"}\"},{\"metricName\":\"ThumbnailLoadDurationWebapp\",\"jsonData\":\"{\\\"Status\\\":\\\"Success\\\",\\\"ThumbnailType\\\":\\\"Asset_2d\\\",\\\"Value\\\":\\\"1796\\\"}\"},{\"metricName\":\"ThumbnailNoRetrySuccessWebapp\",\"jsonData\":\"{\\\"ThumbnailType\\\":\\\"Asset_2d\\\"}\"},{\"metricName\":\"ThumbnailLoadDurationWebapp\",\"jsonData\":\"{\\\"Status\\\":\\\"Success\\\",\\\"ThumbnailType\\\":\\\"Asset_2d\\\",\\\"Value\\\":\\\"3341\\\"}\"},{\"metricName\":\"ThumbnailNoRetrySuccessWebapp\",\"jsonData\":\"{\\\"ThumbnailType\\\":\\\"Asset_2d\\\"}\"},{\"metricName\":\"ThumbnailLoadDurationWebapp\",\"jsonData\":\"{\\\"Status\\\":\\\"Success\\\",\\\"ThumbnailType\\\":\\\"Asset_2d\\\",\\\"Value\\\":\\\"3370\\\"}\"},{\"metricName\":\"ThumbnailNoRetrySuccessWebapp\",\"jsonData\":\"{\\\"ThumbnailType\\\":\\\"Asset_2d\\\"}\"},{\"metricName\":\"ThumbnailLoadDurationWebapp\",\"jsonData\":\"{\\\"Status\\\":\\\"Success\\\",\\\"ThumbnailType\\\":\\\"Asset_2d\\\",\\\"Value\\\":\\\"3574\\\"}\"},{\"metricName\":\"ThumbnailNoRetrySuccessWebapp\",\"jsonData\":\"{\\\"ThumbnailType\\\":\\\"Asset_2d\\\"}\"},{\"metricName\":\"ThumbnailLoadDurationWebapp\",\"jsonData\":\"{\\\"Status\\\":\\\"Success\\\",\\\"ThumbnailType\\\":\\\"Asset_2d\\\",\\\"Value\\\":\\\"3636\\\"}\"},{\"metricName\":\"ThumbnailNoRetrySuccessWebapp\",\"jsonData\":\"{\\\"ThumbnailType\\\":\\\"Asset_2d\\\"}\"},{\"metricName\":\"ThumbnailLoadDurationWebapp\",\"jsonData\":\"{\\\"Status\\\":\\\"Success\\\",\\\"ThumbnailType\\\":\\\"Asset_2d\\\",\\\"Value\\\":\\\"3638\\\"}\"},{\"metricName\":\"ThumbnailNoRetrySuccessWebapp\",\"jsonData\":\"{\\\"ThumbnailType\\\":\\\"Asset_2d\\\"}\"},{\"metricName\":\"ThumbnailLoadDurationWebapp\",\"jsonData\":\"{\\\"Status\\\":\\\"Success\\\",\\\"ThumbnailType\\\":\\\"Asset_2d\\\",\\\"Value\\\":\\\"3711\\\"}\"},{\"metricName\":\"ThumbnailNoRetrySuccessWebapp\",\"jsonData\":\"{\\\"ThumbnailType\\\":\\\"Asset_2d\\\"}\"},{\"metricName\":\"ThumbnailLoadDurationWebapp\",\"jsonData\":\"{\\\"Status\\\":\\\"Success\\\",\\\"ThumbnailType\\\":\\\"Asset_2d\\\",\\\"Value\\\":\\\"3734\\\"}\"},{\"metricName\":\"ThumbnailNoRetrySuccessWebapp\",\"jsonData\":\"{\\\"ThumbnailType\\\":\\\"Asset_2d\\\"}\"},{\"metricName\":\"ThumbnailLoadDurationWebapp\",\"jsonData\":\"{\\\"Status\\\":\\\"Success\\\",\\\"ThumbnailType\\\":\\\"Asset_2d\\\",\\\"Value\\\":\\\"3820\\\"}\"},{\"metricName\":\"ThumbnailNoRetrySuccessWebapp\",\"jsonData\":\"{\\\"ThumbnailType\\\":\\\"Asset_2d\\\"}\"},{\"metricName\":\"ThumbnailLoadDurationWebapp\",\"jsonData\":\"{\\\"Status\\\":\\\"Success\\\",\\\"ThumbnailType\\\":\\\"Asset_2d\\\",\\\"Value\\\":\\\"3823\\\"}\"},{\"metricName\":\"ThumbnailNoRetrySuccessWebapp\",\"jsonData\":\"{\\\"ThumbnailType\\\":\\\"Asset_2d\\\"}\"},{\"metricName\":\"ThumbnailLoadDurationWebapp\",\"jsonData\":\"{\\\"Status\\\":\\\"Success\\\",\\\"ThumbnailType\\\":\\\"Asset_2d\\\",\\\"Value\\\":\\\"3931\\\"}\"},{\"metricName\":\"ThumbnailNoRetrySuccessWebapp\",\"jsonData\":\"{\\\"ThumbnailType\\\":\\\"Asset_2d\\\"}\"},{\"metricName\":\"ThumbnailLoadDurationWebapp\",\"jsonData\":\"{\\\"Status\\\":\\\"Success\\\",\\\"ThumbnailType\\\":\\\"Asset_2d\\\",\\\"Value\\\":\\\"3935\\\"}\"},{\"metricName\":\"ThumbnailNoRetrySuccessWebapp\",\"jsonData\":\"{\\\"ThumbnailType\\\":\\\"Asset_2d\\\"}\"},{\"metricName\":\"ThumbnailLoadDurationWebapp\",\"jsonData\":\"{\\\"Status\\\":\\\"Success\\\",\\\"ThumbnailType\\\":\\\"Asset_2d\\\",\\\"Value\\\":\\\"4018\\\"}\"},{\"metricName\":\"ThumbnailNoRetrySuccessWebapp\",\"jsonData\":\"{\\\"ThumbnailType\\\":\\\"Asset_2d\\\"}\"},{\"metricName\":\"ThumbnailLoadDurationWebapp\",\"jsonData\":\"{\\\"Status\\\":\\\"Success\\\",\\\"ThumbnailType\\\":\\\"Asset_2d\\\",\\\"Value\\\":\\\"4024\\\"}\"},{\"metricName\":\"ThumbnailNoRetrySuccessWebapp\",\"jsonData\":\"{\\\"ThumbnailType\\\":\\\"Asset_2d\\\"}\"},{\"metricName\":\"ThumbnailLoadDurationWebapp\",\"jsonData\":\"{\\\"Status\\\":\\\"Success\\\",\\\"ThumbnailType\\\":\\\"Asset_2d\\\",\\\"Value\\\":\\\"4086\\\"}\"},{\"metricName\":\"ThumbnailNoRetrySuccessWebapp\",\"jsonData\":\"{\\\"ThumbnailType\\\":\\\"Asset_2d\\\"}\"},{\"metricName\":\"ThumbnailLoadDurationWebapp\",\"jsonData\":\"{\\\"Status\\\":\\\"Success\\\",\\\"ThumbnailType\\\":\\\"Asset_2d\\\",\\\"Value\\\":\\\"4205\\\"}\"},{\"metricName\":\"ThumbnailNoRetrySuccessWebapp\",\"jsonData\":\"{\\\"ThumbnailType\\\":\\\"Asset_2d\\\"}\"},{\"metricName\":\"ThumbnailLoadDurationWebapp\",\"jsonData\":\"{\\\"Status\\\":\\\"Success\\\",\\\"ThumbnailType\\\":\\\"Asset_2d\\\",\\\"Value\\\":\\\"4221\\\"}\"},{\"metricName\":\"ThumbnailNoRetrySuccessWebapp\",\"jsonData\":\"{\\\"ThumbnailType\\\":\\\"Asset_2d\\\"}\"},{\"metricName\":\"ThumbnailLoadDurationWebapp\",\"jsonData\":\"{\\\"Status\\\":\\\"Success\\\",\\\"ThumbnailType\\\":\\\"Asset_2d\\\",\\\"Value\\\":\\\"4280\\\"}\"},{\"metricName\":\"ThumbnailNoRetrySuccessWebapp\",\"jsonData\":\"{\\\"ThumbnailType\\\":\\\"Asset_2d\\\"}\"},{\"metricName\":\"ThumbnailLoadDurationWebapp\",\"jsonData\":\"{\\\"Status\\\":\\\"Success\\\",\\\"ThumbnailType\\\":\\\"Asset_2d\\\",\\\"Value\\\":\\\"4284\\\"}\"},{\"metricName\":\"ThumbnailNoRetrySuccessWebapp\",\"jsonData\":\"{\\\"ThumbnailType\\\":\\\"Asset_2d\\\"}\"},{\"metricName\":\"ThumbnailLoadDurationWebapp\",\"jsonData\":\"{\\\"Status\\\":\\\"Success\\\",\\\"ThumbnailType\\\":\\\"Asset_2d\\\",\\\"Value\\\":\\\"4404\\\"}\"}]"
  },
  "response": {
    "headers": {
      "content-type": "application/json; charset=utf-8",
      "date": "Wed, 18 Feb 2026 11:57:56 GMT",
      "server": "public-gateway",
      "roblox-machine-id": "bb78f4e2-6958-c64f-bbc2-62fa3696c897",
      "x-envoy-upstream-service-time": "201",
      "x-terms-message": "Terms apply https://rblx.co/TOU.",
      "strict-transport-security": "max-age=3600",
      "x-ratelimit-limit": "10000, 10000;w=60",
      "x-ratelimit-remaining": "9999",
      "x-ratelimit-reset": "4",
      "access-control-allow-origin": "https://www.roblox.com",
      "access-control-allow-credentials": "true",
      "vary": "Origin",
      "x-ingress-proxy": "true",
      "x-roblox-edge": "c118",
      "report-to": "{\"group\":\"network-errors\",\"max_age\":604800,\"endpoints\":[{\"url\":\"https://ncs.roblox.com/upload\"}]}",
      "nel": "{\"report_to\":\"network-errors\",\"max_age\":604800,\"success_fraction\":0.001,\"failure_fraction\":1}"
    },
    "body": "{\"message\":\"Ok\"}"
  }
}