{
  "metadata": {
    "timestamps": {
      "start": "2026-02-18T19:59:13.830078",
      "end": "2026-02-18T19:59:13.972878",
      "duration_ms": 142
    },
    "url": {
      "full": "https://js.stripe.com/v3/m-outer-3437aaddcdf6922d623e172c2d6f9278.html",
      "protocol": "https",
      "domain": "js.stripe.com",
      "path": "/v3/m-outer-3437aaddcdf6922d623e172c2d6f9278.html",
      "normalized_path": "/{slug}/m-outer-3437aaddcdf6922d623e172c2d6f9278.html",
      "query": {}
    },
    "method": "GET",
    "status_code": 200,
    "size": {
      "request_bytes": 0,
      "response_bytes": 122,
      "compressed": false
    },
    "content_type": "text/html; charset=utf-8",
    "cache_status": "max-age=31536000"
  },
  "request": {
    "headers": {
      "sec-ch-ua": "\"Not(A:Brand\";v=\"8\", \"Chromium\";v=\"144\", \"Google Chrome\";v=\"144\"",
      "sec-ch-ua-mobile": "?0",
      "sec-ch-ua-platform": "\"Linux\"",
      "upgrade-insecure-requests": "1",
      "user-agent": "Mozilla/5.0 (X11; Linux x86_64) AppleWebKit/537.36 (KHTML, like Gecko) Chrome/144.0.0.0 Safari/537.36",
      "accept": "text/html,application/xhtml+xml,application/xml;q=0.9,image/avif,image/webp,image/apng,*/*;q=0.8,application/signed-exchange;v=b3;q=0.7",
      "sec-fetch-site": "cross-site",
      "sec-fetch-mode": "navigate",
      "sec-fetch-dest": "iframe",
      "sec-fetch-storage-access": "none",
      "referer": "https://www.roblox.com/",
      "accept-encoding": "gzip, deflate, br, zstd",
      "accept-language": "en-US,en;q=0.9,fil;q=0.8",
      "priority": "u=0, i"
    },
    "payload": null
  },
  "response": {
    "headers": {
      "last-modified": "Wed, 01 Oct 2025 20:08:47 GMT",
      "etag": "\"3437aaddcdf6922d623e172c2d6f9278\"",
      "content-type": "text/html; charset=utf-8",
      "server": "Fastly",
      "content-encoding": "br",
      "accept-ranges": "bytes",
      "date": "Wed, 18 Feb 2026 11:59:15 GMT",
      "via": "1.1 varnish",
      "age": "4985627",
      "x-request-id": "d26e544c-47c0-4e1f-a51a-da42f9625e3c",
      "x-served-by": "cache-sin-wsat1880055-SIN",
      "x-cache": "HIT",
      "x-cache-hits": "1710271",
      "access-control-allow-origin": "*",
      "cache-control": "max-age=31536000",
      "content-security-policy": "base-uri 'none'; connect-src 'self' https://r.stripe.com; default-src 'self'; font-src 'none'; form-action 'none'; frame-src https://m.stripe.network; img-src https://q.stripe.com; media-src 'none'; object-src 'none'; script-src 'self'; style-src 'self'; worker-src 'none'; report-uri https://q.stripe.com/csp-report",
      "content-security-policy-report-only": "base-uri 'none'; connect-src 'self' https://r.stripe.com; default-src 'self'; font-src 'none'; form-action 'none'; frame-src https://m.stripe.network; img-src https://q.stripe.com; media-src 'none'; object-src 'none'; script-src 'self'; style-src 'self'; worker-src 'none'; report-uri https://q.stripe.com/csp-report",
      "origin-agent-cluster": "?1",
      "strict-transport-security": "max-age=31556926; includeSubDomains; preload",
      "vary": "Accept-Encoding",
      "x-content-type-options": "nosniff",
      "timing-allow-origin": "*",
      "alt-svc": "h3=\":443\";ma=86400,h3-29=\":443\";ma=86400,h3-27=\":443\";ma=86400",
      "content-length": "122"
    },
    "body": "<!doctype html><html><head><meta charset=\"utf-8\"/><script defer=\"defer\" src=\"https://js.stripe.com/v3/fingerprinted/js/m-outer-15a2b40a058ddff1cffdb63779fe3de1.js\"></script></head><body></body></html>"
  }
}