{
  "metadata": {
    "timestamps": {
      "start": "2026-02-18T19:56:53.265580",
      "end": "2026-02-18T19:56:53.641945",
      "duration_ms": 376
    },
    "url": {
      "full": "https://apis.roblox.com/account-security-service/v1/metrics/record",
      "protocol": "https",
      "domain": "apis.roblox.com",
      "path": "/account-security-service/v1/metrics/record",
      "normalized_path": "/{slug}/v1/{slug}/record",
      "query": {}
    },
    "method": "POST",
    "status_code": 200,
    "size": {
      "request_bytes": 229,
      "response_bytes": 2,
      "compressed": false
    },
    "content_type": "application/json; charset=utf-8",
    "cache_status": ""
  },
  "request": {
    "headers": {
      "content-length": "229",
      "sec-ch-ua-platform": "\"Linux\"",
      "x-csrf-token": "1erO9ZeTJy2l",
      "user-agent": "Mozilla/5.0 (X11; Linux x86_64) AppleWebKit/537.36 (KHTML, like Gecko) Chrome/144.0.0.0 Safari/537.36",
      "accept": "application/json, text/plain, */*",
      "sec-ch-ua": "\"Not(A:Brand\";v=\"8\", \"Chromium\";v=\"144\", \"Google Chrome\";v=\"144\"",
      "content-type": "application/json;charset=UTF-8",
      "sec-ch-ua-mobile": "?0",
      "origin": "https://www.roblox.com",
      "sec-fetch-site": "same-site",
      "sec-fetch-mode": "cors",
      "sec-fetch-dest": "empty",
      "referer": "https://www.roblox.com/",
      "accept-encoding": "gzip, deflate, br, zstd",
      "accept-language": "en-US,en;q=0.9,fil;q=0.8",
      "cookie": "GuestData=UserID=-1784413165, RBXcb=RBXViralAcquisition%3Dtrue%26RBXSource%3Dtrue%26GoogleAnalytics%3Dtrue, RBXEventTrackerV2=CreateDate=10/04/2025 09:19:06&rbxid=7108482020&browserid=1759587403750002, _ga=GA1.1.1224127167.1759628996, _ga_F8VP9T1NT3=GS2.1.s1759628996$o1$g0$t1759629006$j50$l0$h0, __utmz=200924205.1769790118.9.3.utmcsr=appsflyer|utmccn=(not%20set)|utmcmd=cpa|utmcct=onelink, _gcl_au=1.1.445633669.1770730834, _scid=Wr9kCEc_3Nlyed1wABxVj3bEIIybNWtk, _scid_r=Wr9kCEc_3Nlyed1wABxVj3bEIIybNWtk, _fbp=fb.1.1770730835055.775171315334809685, _tt_enable_cookie=1, _ttp=01KH3WGKAR3H2AE8S5M5DX1J7W_.tt.1, ttcsid=1770730835310::miqHqGUEZxfvZ_nHbBwv.1.1770730835684.0, ttcsid_CSV31T3C77UDA0827220=1770730835307::XlXvMvpaVhbeZ9pnMwwy.1.1770730835685.0, _sctr=1%7C1770652800000, RBXSource=rbx_acquisition_time=02/10/2026 14:11:35&rbx_acquisition_referrer=&rbx_medium=cpa&rbx_source=appsflyer&rbx_campaign=onelink&rbx_adgroup=&rbx_keyword=&rbx_matchtype=&rbx_send_info=0, rbx-ip2=1, __utma=200924205.1785706367.1759587415.1770730834.1771414933.12, __utmb=200924205.0.10.1771414933, __utmc=200924205, RBXPaymentsFlowContext=6b863465-7439-4466-8678-42b7f0295720,",
      "priority": "u=1, i"
    },
    "payload": "{\"name\":\"event_captcha\",\"value\":1,\"labelValues\":{\"action_type\":\"Login\",\"event_type\":\"FunCaptcha_Triggered\",\"application_type\":\"unknown\",\"version\":\"UseLightboxModal\"},\"identifier\":\"us-central-59a1a7c3-8e2c-40d0-b686-d4a5abb82956\"}"
  },
  "response": {
    "headers": {
      "content-type": "application/json; charset=utf-8",
      "date": "Wed, 18 Feb 2026 11:56:54 GMT",
      "content-length": "2",
      "server": "public-gateway",
      "x-terms-message": "Terms apply https://rblx.co/TOU.",
      "strict-transport-security": "max-age=3600",
      "x-ratelimit-limit": "100, 100;w=60",
      "x-ratelimit-remaining": "94",
      "x-ratelimit-reset": "6",
      "access-control-allow-origin": "https://www.roblox.com",
      "access-control-allow-credentials": "true",
      "vary": "Origin",
      "x-envoy-upstream-service-time": "202",
      "x-ingress-proxy": "true",
      "x-roblox-edge": "c117",
      "report-to": "{\"group\":\"network-errors\",\"max_age\":604800,\"endpoints\":[{\"url\":\"https://ncs.roblox.com/upload\"}]}",
      "nel": "{\"report_to\":\"network-errors\",\"max_age\":604800,\"success_fraction\":0.001,\"failure_fraction\":1}"
    },
    "body": "{}"
  }
}