{
  "metadata": {
    "timestamps": {
      "start": "2026-02-18T19:57:57.134422",
      "end": "2026-02-18T19:57:57.657975",
      "duration_ms": 523
    },
    "url": {
      "full": "https://apis.roblox.com/account-security-service/v1/metrics/record",
      "protocol": "https",
      "domain": "apis.roblox.com",
      "path": "/account-security-service/v1/metrics/record",
      "normalized_path": "/{slug}/v1/{slug}/record",
      "query": {}
    },
    "method": "POST",
    "status_code": 200,
    "size": {
      "request_bytes": 112,
      "response_bytes": 2,
      "compressed": false
    },
    "content_type": "application/json; charset=utf-8",
    "cache_status": ""
  },
  "request": {
    "headers": {
      "content-length": "112",
      "sec-ch-ua-platform": "\"Linux\"",
      "user-agent": "Mozilla/5.0 (X11; Linux x86_64) AppleWebKit/537.36 (KHTML, like Gecko) Chrome/144.0.0.0 Safari/537.36",
      "sec-ch-ua": "\"Not(A:Brand\";v=\"8\", \"Chromium\";v=\"144\", \"Google Chrome\";v=\"144\"",
      "content-type": "application/json",
      "sec-ch-ua-mobile": "?0",
      "accept": "*/*",
      "origin": "https://www.roblox.com",
      "sec-fetch-site": "same-site",
      "sec-fetch-mode": "cors",
      "sec-fetch-dest": "empty",
      "referer": "https://www.roblox.com/",
      "accept-encoding": "gzip, deflate, br, zstd",
      "accept-language": "en-US,en;q=0.9,fil;q=0.8",
      "priority": "u=1, i"
    },
    "payload": "{\"identifier\":\"1759587403750002\",\"name\":\"choccyMilk\",\"labelValues\":{\"success\":\"true\",\"latency\":\"2.5\"},\"value\":1}"
  },
  "response": {
    "headers": {
      "content-type": "application/json; charset=utf-8",
      "date": "Wed, 18 Feb 2026 11:57:58 GMT",
      "content-length": "2",
      "x-envoy-upstream-service-time": "202",
      "server": "public-gateway",
      "x-terms-message": "Terms apply https://rblx.co/TOU.",
      "strict-transport-security": "max-age=3600",
      "x-ratelimit-limit": "100, 100;w=60",
      "x-ratelimit-remaining": "95",
      "x-ratelimit-reset": "2",
      "access-control-allow-origin": "https://www.roblox.com",
      "access-control-allow-credentials": "true",
      "vary": "Origin",
      "x-ingress-proxy": "true",
      "x-roblox-edge": "c118",
      "report-to": "{\"group\":\"network-errors\",\"max_age\":604800,\"endpoints\":[{\"url\":\"https://ncs.roblox.com/upload\"}]}",
      "nel": "{\"report_to\":\"network-errors\",\"max_age\":604800,\"success_fraction\":0.001,\"failure_fraction\":1}"
    },
    "body": "{}"
  }
}