{
  "metadata": {
    "timestamps": {
      "start": "2026-02-18T19:59:08.634264",
      "end": "2026-02-18T19:59:09.928524",
      "duration_ms": 1294
    },
    "url": {
      "full": "https://js.rbxcdn.com/4656c5491801de74e63d98690e434f197dc90b36363a1cdf8b8a36f7593e6802.js",
      "protocol": "https",
      "domain": "js.rbxcdn.com",
      "path": "/4656c5491801de74e63d98690e434f197dc90b36363a1cdf8b8a36f7593e6802.js",
      "normalized_path": "/4656c5491801de74e63d98690e434f197dc90b36363a1cdf8b8a36f7593e6802.js",
      "query": {}
    },
    "method": "GET",
    "status_code": 200,
    "size": {
      "request_bytes": 0,
      "response_bytes": 705,
      "compressed": false
    },
    "content_type": "application/javascript",
    "cache_status": "public, max-age=31536000"
  },
  "request": {
    "headers": {
      "sec-ch-ua-platform": "\"Linux\"",
      "user-agent": "Mozilla/5.0 (X11; Linux x86_64) AppleWebKit/537.36 (KHTML, like Gecko) Chrome/144.0.0.0 Safari/537.36",
      "sec-ch-ua": "\"Not(A:Brand\";v=\"8\", \"Chromium\";v=\"144\", \"Google Chrome\";v=\"144\"",
      "sec-ch-ua-mobile": "?0",
      "accept": "*/*",
      "sec-fetch-site": "cross-site",
      "sec-fetch-mode": "no-cors",
      "sec-fetch-dest": "script",
      "sec-fetch-storage-access": "none",
      "referer": "https://www.roblox.com/",
      "accept-encoding": "gzip, deflate, br, zstd",
      "accept-language": "en-US,en;q=0.9,fil;q=0.8",
      "priority": "u=2"
    },
    "payload": null
  },
  "response": {
    "headers": {
      "content-type": "application/javascript",
      "date": "Fri, 13 Feb 2026 01:55:41 GMT",
      "last-modified": "Fri, 13 Feb 2026 01:55:05 GMT",
      "content-encoding": "br",
      "x-amz-server-side-encryption": "AES256",
      "cache-control": "public, max-age=31536000",
      "x-amz-version-id": "rRNJYQdaGTgiz.4M9E1QWMae9bbWmHZu",
      "server": "AmazonS3",
      "etag": "W/\"c33efa5bd50d751a5d046b489ab727d6\"",
      "vary": "accept-encoding, Origin",
      "x-cache": "Hit from cloudfront",
      "via": "1.1 1b7c94274bd830ddf26396883b21ed8a.cloudfront.net (CloudFront)",
      "x-amz-cf-pop": "MNL51-P1",
      "x-amz-cf-id": "1K2zrrymLPjPUfhKCMQK9ERC6zg_ZaZ8AmVj3jvJfKUnbACrVzpzxA==",
      "age": "468210",
      "rbx-cdn-provider": "aws",
      "timing-allow-origin": "*",
      "nel": "{\"report_to\":\"network-errors\",\"max_age\":604800,\"success_fraction\":0,\"failure_fraction\":0.05,\"response_headers\":[\"Rbx-Cdn-Provider\",\"vary\"]}",
      "report-to": "{\"group\":\"network-errors\",\"max_age\":604800,\"endpoints\":[{\"url\":\"https://ncs.roblox.com/upload\"}]}",
      "server-timing": "cdn-cache-hit,cdn-pop;desc=\"MNL51-P1\",cdn-rid;desc=\"1K2zrrymLPjPUfhKCMQK9ERC6zg_ZaZ8AmVj3jvJfKUnbACrVzpzxA==\",cdn-hit-layer;desc=\"EDGE\",cdn-downstream-fbl;dur=0"
    },
    "body": "var Roblox = Roblox || {};\nRoblox.LangDynamic = Roblox.LangDynamic || {};\nRoblox.LangDynamic[\"Feature.DisplayName\"] = {\"Label.ConfigureDN\":\"Change Display Name\",\"Action.SaveDN\":\"Save\",\"Action.CancelDN\":\"Cancel\",\"ErrorMessage.NameTooShort\":\"Display name should have at least 3 characters\",\"ErrorMessage.NameTooLong\":\"Display name should have 20 characters at the most\",\"ErrorMessage.NameInappropriate\":\"Display name is not appropriate for Roblox\",\"ErrorMessage.NameUnsupportedChars\":\"Display name contains unsupported characters\",\"ErrorMessage.NameContainPII\":\"Display name might contain private information\",\"ErrorMessage.NameHasChanged\":\"Your Display name has already been changed in the past 7 days\",\"Description.WarningFrequencyOfChanges\":\"Important: Your display name can only be changed once every 7 days\",\"Label.DisplayName\":\"Display Name:\",\"Description.WarningVerifiedStatusDisplayNameChange\":\"Warning: Changing your display name will remove your verified badge status. Are you sure you want to do this?\",\"Label.AgedUpDisplayName\":\"Name:\",\"Label.AgedUpConfigureDN\":\"Change Name\",\"ErrorMessage.AgedUpNameTooShort\":\"Name should have at least 3 characters\",\"ErrorMessage.AgedUpNameTooLong\":\"Name should have 20 characters at the most\",\"ErrorMessage.AgedUpNameContainPII\":\"Name might contain private information\",\"ErrorMessage.AgedUpNameUnsupportedChars\":\"Name contains unsupported characters\",\"Description.AgedUpDisplayNameLabel\":\"This is how you will appear to others on Roblox. Choose a name your friends will recognize you by, such as your real name.\",\"ErrorMessage.AgedUpNameHasChanged\":\"Your Name has already been changed in the past 7 days\",\"ErrorMessage.AgedUpNameInappropriate\":\"Name is not appropriate for Roblox\",\"ErrorMessage.NameMoreThanOneCharacterKind\":\"Names cannot have more than one kind of character\",\"ErrorMessage.NameNotAvailable\":\"Display name is not available\",\"ErrorMessage.SomethingWentWrong\":\"Something went wrong. Please try again later.\",\"ErrorMessage.AgedUpNameNotAvailable\":\"Name is not available\",\"Label.Clear\":\"Clear text\"};\nwindow.Roblox && window.Roblox.BundleDetector && window.Roblox.BundleDetector.bundleDetected(\"DynamicLocalizationResourceScript_Feature.DisplayName\");\n"
  }
}