{
  "metadata": {
    "timestamps": {
      "start": "2026-02-18T19:56:55.911337",
      "end": "2026-02-18T19:56:55.965580",
      "duration_ms": 54
    },
    "url": {
      "full": "https://arkoselabs.roblox.com/powseq/2vv3c40c-96b3-4f8f-bd86-49c2cec773fa/target/259.js?Expires=1771419416&Signature=v5t4b8fxO0yhfCL4WqK9cXQV9M4pvbhHpKI0XZkDUR73dlkceMXyJKV4L5E82jIGvQD6ZbVlORJDnSgITS0yWQpcIP2AonJKDfAJQRBx5W~btzbp~FBgcWkQJD~4sKPKSy9EmEyKcHqgP8Pd5q~ltSFuHTGtp4AjnII0nTDTxxedWMbOdhqwgFvH3K84joaSMbPDdWehIjqyQyI-~NKsbzXmj6KhJwxC4iY~jD9opx8OtLbrt1IUNsvcfVHZcLuCS1N0rarouRXLzzRmPhHEmtbNY8tOKgFIPWpOFVZeqJd~JtGG~G332uJG6shL0VFmlM5a3ThTA3X52VSF0NZRBw__&Key-Pair-Id=K2GG2TVX8JMCPF",
      "protocol": "https",
      "domain": "arkoselabs.roblox.com",
      "path": "/powseq/2vv3c40c-96b3-4f8f-bd86-49c2cec773fa/target/259.js",
      "normalized_path": "/{slug}/2vv3c40c-96b3-4f8f-bd86-49c2cec773fa/{slug}/259.js",
      "query": {
        "Expires": [
          "1771419416"
        ],
        "Signature": [
          "v5t4b8fxO0yhfCL4WqK9cXQV9M4pvbhHpKI0XZkDUR73dlkceMXyJKV4L5E82jIGvQD6ZbVlORJDnSgITS0yWQpcIP2AonJKDfAJQRBx5W~btzbp~FBgcWkQJD~4sKPKSy9EmEyKcHqgP8Pd5q~ltSFuHTGtp4AjnII0nTDTxxedWMbOdhqwgFvH3K84joaSMbPDdWehIjqyQyI-~NKsbzXmj6KhJwxC4iY~jD9opx8OtLbrt1IUNsvcfVHZcLuCS1N0rarouRXLzzRmPhHEmtbNY8tOKgFIPWpOFVZeqJd~JtGG~G332uJG6shL0VFmlM5a3ThTA3X52VSF0NZRBw__"
        ],
        "Key-Pair-Id": [
          "K2GG2TVX8JMCPF"
        ]
      }
    },
    "method": "GET",
    "status_code": 200,
    "size": {
      "request_bytes": 0,
      "response_bytes": 5144,
      "compressed": false
    },
    "content_type": "text/javascript",
    "cache_status": ""
  },
  "request": {
    "headers": {
      "accept": "*/*",
      "sec-fetch-site": "same-origin",
      "sec-fetch-mode": "same-origin",
      "sec-fetch-dest": "worker",
      "referer": "https://arkoselabs.roblox.com/cdn/fc/assets/pow/2.2.0/standard/index.html",
      "user-agent": "Mozilla/5.0 (Linux; Android 10; K) AppleWebKit/537.36 (KHTML, like Gecko) Chrome/144.0.0.0 Mobile Safari/537.36",
      "accept-encoding": "gzip, deflate, br, zstd",
      "accept-language": "en-US,en;q=0.9,fil;q=0.8",
      "cookie": "GuestData=UserID=-1784413165, RBXcb=RBXViralAcquisition%3Dtrue%26RBXSource%3Dtrue%26GoogleAnalytics%3Dtrue, RBXEventTrackerV2=CreateDate=10/04/2025 09:19:06&rbxid=7108482020&browserid=1759587403750002, _ga=GA1.1.1224127167.1759628996, _ga_F8VP9T1NT3=GS2.1.s1759628996$o1$g0$t1759629006$j50$l0$h0, __utmz=200924205.1769790118.9.3.utmcsr=appsflyer|utmccn=(not%20set)|utmcmd=cpa|utmcct=onelink, _gcl_au=1.1.445633669.1770730834, _scid=Wr9kCEc_3Nlyed1wABxVj3bEIIybNWtk, _scid_r=Wr9kCEc_3Nlyed1wABxVj3bEIIybNWtk, _fbp=fb.1.1770730835055.775171315334809685, _tt_enable_cookie=1, _ttp=01KH3WGKAR3H2AE8S5M5DX1J7W_.tt.1, ttcsid=1770730835310::miqHqGUEZxfvZ_nHbBwv.1.1770730835684.0, ttcsid_CSV31T3C77UDA0827220=1770730835307::XlXvMvpaVhbeZ9pnMwwy.1.1770730835685.0, _sctr=1%7C1770652800000, RBXSource=rbx_acquisition_time=02/10/2026 14:11:35&rbx_acquisition_referrer=&rbx_medium=cpa&rbx_source=appsflyer&rbx_campaign=onelink&rbx_adgroup=&rbx_keyword=&rbx_matchtype=&rbx_send_info=0, rbx-ip2=1, __utma=200924205.1785706367.1759587415.1770730834.1771414933.12, __utmb=200924205.0.10.1771414933, __utmc=200924205, RBXPaymentsFlowContext=6b863465-7439-4466-8678-42b7f0295720,",
      "priority": "u=4, i"
    },
    "payload": null
  },
  "response": {
    "headers": {
      "content-type": "text/javascript",
      "last-modified": "Tue, 19 Aug 2025 04:13:08 GMT",
      "content-encoding": "br",
      "x-amz-server-side-encryption": "aws:kms",
      "x-amz-server-side-encryption-aws-kms-key-id": "arn:aws:kms:us-east-1:593766749732:key/bc948605-ee97-4b95-8847-f68bf2f0cc17",
      "x-amz-server-side-encryption-bucket-key-enabled": "true",
      "x-amz-version-id": "N8VL2YXXrTW0iUuCX40qvVmJ0ONwujRQ",
      "server": "cloudfront",
      "date": "Wed, 18 Feb 2026 02:57:43 GMT",
      "etag": "W/\"dde6c24c2ed71a7e42b40280c6debd10\"",
      "vary": "accept-encoding, Origin",
      "x-cache": "Hit from cloudfront",
      "via": "1.1 3eafd911617df6700f1357b2dcc7380c.cloudfront.net (CloudFront)",
      "x-amz-cf-pop": "MNL51-P2",
      "alt-svc": "h3=\":443\"; ma=86400",
      "x-amz-cf-id": "B_NWutjTR8hysbQut_BZHz2RpqeQym1tMO1oO8pU-t6i3T7vRmy-UA==",
      "age": "33497",
      "x-xss-protection": "1; mode=block",
      "referrer-policy": "strict-origin-when-cross-origin",
      "x-content-type-options": "nosniff",
      "strict-transport-security": "max-age=31536000; includeSubDomains",
      "accept-ch": "Device-Memory, Sec-CH-UA, Sec-CH-UA-Arch, Sec-CH-UA-Bitness, Sec-CH-DPR, Sec-CH-UA-Full-Version-List, Sec-CH-UA-Mobile, Sec-CH-UA-Model, Sec-CH-Viewport-Width, Sec-CH-UA-Platform, Sec-CH-UA-Platform-Version, Sec-CH-Width, Sec-CH-UA-Form-Factors",
      "server-timing": "cdn-cache-hit,cdn-pop;desc=\"MNL51-P2\",cdn-rid;desc=\"B_NWutjTR8hysbQut_BZHz2RpqeQym1tMO1oO8pU-t6i3T7vRmy-UA==\",cdn-hit-layer;desc=\"EDGE\",cdn-downstream-fbl;dur=2"
    },
    "body": "const Q5=J;(function(Q,W){const Q4=J,o=Q();while(!![]){try{const U=-parseInt(Q4(0x21c))/0x1*(-parseInt(Q4(0x218))/0x2)+-parseInt(Q4(0x20d))/0x3+parseInt(Q4(0x21a))/0x4+parseInt(Q4(0x249))/0x5*(parseInt(Q4(0x239))/0x6)+parseInt(Q4(0x217))/0x7*(-parseInt(Q4(0x20f))/0x8)+parseInt(Q4(0x1f5))/0x9+parseInt(Q4(0x1eb))/0xa;if(U===W)break;else o['push'](o['shift']());}catch(n){o['push'](o['shift']());}}}(K,0x1a6ae));function K(){const Qc=['\\x72\\x65\\x64\\x75\\x63\\x65','\\x6a\\x6f\\x69\\x6e','\\x43\\x4e\\x48\\x77\\x46','\\x63\\x65\\x69\\x6c','\\x55\\x45\\x48\\x49\\x4e','\\x6b\\x61\\x50\\x53\\x44','\\x77\\x62\\x69\\x61\\x59','\\x72\\x6f\\x75\\x6e\\x64','\\x45\\x72\\x72\\x6f\\x72\\x20\\x77\\x68\\x65\\x6e','\\x65\\x73\\x73\\x61\\x67\\x65\\x20\\x74\\x79\\x70','\\x46\\x44\\x69\\x47\\x41','\\x72\\x6f\\x72','\\x36\\x32\\x37\\x34\\x36\\x35\\x67\\x62\\x66\\x7a\\x4c\\x54','\\x63\\x61\\x6e\\x63\\x65\\x6c','\\x34\\x30\\x4c\\x75\\x55\\x4a\\x53\\x53','\\x73\\x74\\x61\\x72\\x74\\x69\\x6e\\x67\\x4e\\x6f','\\x47\\x46\\x57\\x45\\x7a','\\x66\\x72\\x6f\\x6d\\x45\\x6e\\x74\\x72\\x69\\x65','\\x66\\x7a\\x55\\x56\\x79','\\x4e\\x65\\x76\\x65\\x6f','\\x72\\x6f\\x61\\x50\\x46','\\x74\\x61\\x72\\x67\\x65\\x74','\\x32\\x35\\x36\\x37\\x36\\x37\\x4d\\x44\\x4a\\x4a\\x48\\x59','\\x31\\x32\\x39\\x30\\x30\\x77\\x45\\x75\\x69\\x6d\\x4b','\\x47\\x52\\x63\\x6a\\x43','\\x32\\x36\\x35\\x31\\x36\\x34\\x50\\x75\\x52\\x79\\x65\\x4a','\\x6d\\x65\\x73\\x73\\x61\\x67\\x65','\\x32\\x31\\x73\\x53\\x75\\x75\\x70\\x65','\\x67\\x74\\x65\\x4c\\x72','\\x78\\x75\\x6b\\x74\\x58','\\x73\\x65\\x61\\x72\\x63\\x68','\\x63\\x61\\x75\\x61\\x74','\\x45\\x52\\x52\\x4f\\x52','\\x4e\\x6f\\x20\\x56\\x61\\x6c\\x69\\x64\\x20\\x4d','\\x67\\x20\\x70\\x72\\x6f\\x6f\\x66\\x20\\x6f\\x66','\\x73\\x6c\\x69\\x63\\x65','\\x28\\x28\\x28\\x2e\\x2b\\x29\\x2b\\x29\\x2b\\x29','\\x58\\x44\\x78\\x6e\\x64','\\x44\\x4e\\x79\\x79\\x77','\\x55\\x6e\\x6b\\x6e\\x6f\\x77\\x6e\\x20\\x65\\x72','\\x73\\x75\\x62\\x73\\x74\\x72\\x69\\x6e\\x67','\\x77\\x6d\\x5a\\x6e\\x42','\\x4c\\x6d\\x52\\x4c\\x65','\\x45\\x76\\x44\\x48\\x43','\\x7a\\x68\\x79\\x52\\x72','\\x7a\\x73\\x5a\\x51\\x50','\\x6d\\x61\\x74\\x63\\x68','\\x69\\x74\\x69\\x6d\\x65\\x6f\\x75\\x74','\\x49\\x6c\\x58\\x47\\x46','\\x66\\x72\\x6f\\x6d\\x43\\x68\\x61\\x72\\x43\\x6f','\\x55\\x47\\x6d\\x77\\x4e','\\x71\\x59\\x6a\\x65\\x4d','\\x65\\x62\\x53\\x49\\x49','\\x50\\x4f\\x57\\x5f\\x54\\x49\\x4d\\x45\\x4f\\x55','\\x6c\\x59\\x54\\x75\\x50','\\x78\\x6e\\x6a\\x48\\x79','\\x36\\x65\\x4e\\x56\\x44\\x49\\x73','\\x65\\x49\\x6f\\x65\\x62','\\x6c\\x6f\\x45\\x61\\x79','\\x63\\x68\\x61\\x72\\x43\\x6f\\x64\\x65\\x41\\x74','\\x67\\x46\\x65\\x59\\x67','\\x4f\\x4f\\x50\\x7a\\x52','\\x73\\x70\\x6c\\x69\\x74','\\x47\\x53\\x66\\x50\\x51','\\x65\\x72\\x72\\x6f\\x72','\\x4a\\x49\\x7a\\x47\\x5a','\\x68\\x61\\x73\\x68\\x52\\x61\\x74\\x65\\x49\\x6e','\\x64\\x61\\x65\\x56\\x59','\\x43\\x75\\x51\\x74\\x6b','\\x73\\x74\\x61\\x72\\x74','\\x44\\x61\\x74\\x61','\\x77\\x6b\\x5a\\x70\\x58','\\x34\\x36\\x31\\x32\\x33\\x30\\x45\\x45\\x72\\x63\\x42\\x78','\\x48\\x4f\\x4c\\x63\\x57','\\x73\\x65\\x65\\x64','\\x66\\x6f\\x72\\x45\\x61\\x63\\x68','\\x53\\x75\\x6f\\x6a\\x6f','\\x20\\x77\\x6f\\x72\\x6b','\\x6e\\x6f\\x77','\\x42\\x66\\x77\\x6e\\x56','\\x72\\x75\\x6e\\x74\\x69\\x6d\\x65\\x5f\\x65\\x72','\\x55\\x71\\x78\\x50\\x58','\\x74\\x79\\x70\\x65','\\x65\\x6e\\x64\\x54\\x69\\x6d\\x65','\\x6c\\x65\\x6e\\x67\\x74\\x68','\\x77\\x6f\\x72\\x6b\\x5f\\x74\\x69\\x6d\\x65\\x6f','\\x64\\x61\\x74\\x61','\\x44\\x67\\x71\\x49\\x43','\\x74\\x6f\\x53\\x74\\x72\\x69\\x6e\\x67','\\x59\\x4c\\x6f\\x44\\x48','\\x76\\x49\\x4f\\x4e\\x59','\\x6d\\x61\\x70','\\x76\\x4c\\x75\\x45\\x4c','\\x4a\\x53\\x47\\x45\\x79','\\x66\\x6c\\x6f\\x6f\\x72','\\x74\\x65\\x72\\x6e\\x61\\x6c','\\x46\\x63\\x7a\\x51\\x74','\\x37\\x33\\x36\\x39\\x38\\x30\\x51\\x71\\x75\\x55\\x44\\x6b','\\x67\\x4d\\x79\\x42\\x4b','\\x77\\x62\\x4e\\x6d\\x79','\\x53\\x61\\x75\\x52\\x45','\\x6a\\x66\\x78\\x46\\x41','\\x73\\x74\\x72\\x69\\x6e\\x67\\x69\\x66\\x79','\\x75\\x6f\\x59\\x70\\x6d','\\x73\\x6d\\x4a\\x54\\x67','\\x44\\x50\\x70\\x62\\x52','\\x64\\x6f\\x6e\\x65','\\x31\\x31\\x39\\x37\\x37\\x32\\x39\\x53\\x71\\x6c\\x6b\\x65\\x42','\\x4e\\x59\\x57\\x62\\x50','\\x70\\x4c\\x7a\\x63\\x76','\\x74\\x61\\x72\\x67\\x65\\x74\\x48\\x61\\x73\\x68','\\x6c\\x6f\\x61\\x64\\x65\\x64','\\x6b\\x65\\x79\\x73','\\x73\\x74\\x61\\x72\\x74\\x54\\x69\\x6d\\x65','\\x44\\x77\\x6e\\x67\\x51','\\x6e\\x63\\x65','\\x70\\x75\\x73\\x68','\\x73\\x74\\x61\\x63\\x6b','\\x63\\x4c\\x69\\x5a\\x49'];K=function(){return Qc;};return K();}function J(Q,W){const o=K();return J=function(U,n){U=U-0x1d9;let L=o[U];return L;},J(Q,W);}const a='\\x50\\x4f\\x57\\x5f\\x54\\x49\\x4d\\x45\\x4f\\x55'+'\\x54',F=Q=>{return{'\\x74\\x79\\x70\\x65':Q,'\\x64\\x61\\x74\\x61':{}};},u={'\\x59':Q5(0x246),'\\x4d':Q5(0x20e)},P={'\\x45\\x52\\x52\\x4f\\x52':Q5(0x241),'\\x44\\x4f\\x4e\\x45':Q5(0x1f4),'\\x4c\\x4f\\x41\\x44\\x45\\x44':Q5(0x1f9)};class G{constructor(){const Q6=Q5;this[Q6(0x1fb)]=0x0,this[Q6(0x1dd)]=0x0,this['\\x42']=0x0,typeof performance!=='\\x75\\x6e\\x64\\x65\\x66\\x69\\x6e\\x65\\x64'?this['\\x73']=()=>performance[Q6(0x24f)]():this['\\x73']=Date[Q6(0x24f)];}['\\x73\\x74\\x61\\x72\\x74'](){const Q7=Q5;this[Q7(0x1fb)]=this['\\x73']();}['\\x79'](){const Q8=Q5;return this[Q8(0x1dd)]=this['\\x73'](),this['\\x42']=this['\\x65\\x6e\\x64\\x54\\x69\\x6d\\x65']-this['\\x73\\x74\\x61\\x72\\x74\\x54\\x69\\x6d\\x65'],this['\\x42'];}}try{onmessage=async Q=>{const Q9=Q5,W={'\\x75\\x6f\\x59\\x70\\x6d':function(U,n){return U===n;},'\\x6c\\x59\\x54\\x75\\x50':Q9(0x24d),'\\x71\\x59\\x6a\\x65\\x4d':Q9(0x1e3),'\\x55\\x45\\x48\\x49\\x4e':function(U,n){return U<n;},'\\x64\\x61\\x65\\x56\\x59':function(U,n){return U!==n;},'\\x70\\x4c\\x7a\\x63\\x76':Q9(0x238),'\\x65\\x62\\x53\\x49\\x49':function(U,n,L,e,H){return U(n,L,e,H);},'\\x58\\x44\\x78\\x6e\\x64':function(U,n){return U-n;},'\\x72\\x6f\\x61\\x50\\x46':function(U,n){return U>=n;},'\\x46\\x63\\x7a\\x51\\x74':function(U,n){return U<=n;},'\\x55\\x71\\x78\\x50\\x58':function(U,n){return U===n;},'\\x67\\x46\\x65\\x59\\x67':function(U,n){return U(n);},'\\x57\\x6e\\x51\\x48\\x57':function(U,n){return U/n;},'\\x65\\x49\\x6f\\x65\\x62':function(U,n){return U in n;},'\\x6f\\x68\\x75\\x59\\x6d':Q9(0x1ed),'\\x4f\\x4f\\x50\\x7a\\x52':Q9(0x245),'\\x4c\\x57\\x70\\x47\\x72':Q9(0x209)+'\\x20\\x70\\x72\\x6f\\x63\\x65\\x73\\x73\\x69\\x6e'+Q9(0x223)+Q9(0x24e)};let o=Q['\\x64\\x61\\x74\\x61'];switch(o[Q9(0x1dc)]){case u['\\x4d']:{if(Q9(0x1e1)!==Q9(0x1fc))break;else o({'\\x6d\\x65\\x73\\x73\\x61\\x67\\x65':Q9(0x236)+'\\x54','\\x68\\x61\\x73\\x68\\x52\\x61\\x74\\x65':U/timer['\\x79']()});}case u['\\x59']:{try{const seed=o['\\x64\\x61\\x74\\x61'],n=await(async function(){const QW=Q9,e={'\\x4a\\x53\\x47\\x45\\x79':function(i,p){const QQ=J;return W[QQ(0x23d)](i,p);},'\\x47\\x70\\x71\\x75\\x44':QW(0x20b),'\\x63\\x4c\\x69\\x5a\\x49':function(i,p){return W['\\x57\\x6e\\x51\\x48\\x57'](i,p);},'\\x42\\x66\\x77\\x6e\\x56':function(i,p){return i(p);},'\\x66\\x77\\x43\\x57\\x67':function(i,p){return i/p;},'\\x76\\x4c\\x75\\x45\\x4c':function(i,p){return i<p;},'\\x6b\\x61\\x50\\x53\\x44':QW(0x242),'\\x77\\x6b\\x5a\\x70\\x58':QW(0x1f2),'\\x46\\x44\\x76\\x58\\x75':function(i,p){return i!==p;}};let H=0x0;function D(p){const QK=QW;if(W[QK(0x1f1)]('\\x67\\x74\\x65\\x4c\\x72',QK(0x21d))){const O=new Uint16Array(p[QK(0x1de)]);for(let d=0x0;d<O[QK(0x1de)];d++){if(W[QK(0x237)]!==QK(0x1ee))O[d]=p[QK(0x23c)](d);else return o[QK(0x1e2)]()[QK(0x21f)](QK(0x225)+'\\x2b\\x24')['\\x74\\x6f\\x53\\x74\\x72\\x69\\x6e\\x67']()['\\x63\\x6f\\x6e\\x73\\x74\\x72\\x75\\x63\\x74\\x6f'+'\\x72'](U)[QK(0x21f)]('\\x28\\x28\\x28\\x2e\\x2b\\x29\\x2b\\x29\\x2b\\x29'+'\\x2b\\x24');}return btoa(String[QK(0x232)+'\\x64\\x65'](...new Uint8Array(O['\\x62\\x75\\x66\\x66\\x65\\x72'])));}else return{'\\x69\\x74\\x65\\x72\\x61\\x74\\x69\\x6f\\x6e\\x73':o['\\x6c'],'\\x74\\x61\\x72\\x67\\x65\\x74\\x48\\x61\\x73\\x68':U[QK(0x216)]};}async function g(seed,i,p,timeout){const QJ=QW,O={'\\x49\\x6c\\x58\\x47\\x46':function(d,q){return d-q;}};if(W[QJ(0x234)]!==QJ(0x1e3))return U[QJ(0x232)+'\\x64\\x65'](n[O[QJ(0x231)](L,0x61)]);else{const timer=new G();return timer[QJ(0x246)](),new Promise(async(q,C)=>{const Qo=QJ;try{const h=D(JSON[Qo(0x1f0)](seed));let c=x(h,i['\\x6c\\x65\\x6e\\x67\\x74\\x68']);c=c[Qo(0x1e5)]((A,z)=>{const QU=Qo;return{'\\x74\\x61\\x72\\x67\\x65\\x74':i[z][QU(0x1f8)+'\\x44\\x61\\x74\\x61'],'\\x73\\x65\\x65\\x64':A};});let f=await V(c,p,timeout);e[Qo(0x1e7)](q,f);}catch(A){if(A[Qo(0x21b)]===Qo(0x236)+'\\x54'){if(e['\\x47\\x70\\x71\\x75\\x44']===Qo(0x20b))C({'\\x6d\\x65\\x73\\x73\\x61\\x67\\x65':Qo(0x236)+'\\x54','\\x68\\x61\\x73\\x68\\x52\\x61\\x74\\x65':e[Qo(0x200)](H,timer['\\x79']())});else return W-0x41;}else e[Qo(0x1d9)](C,A);}});}}async function V(i,startingNonce,timeout){const Qn=QW;let p=startingNonce;const O=[],timer=new G();timer[Qn(0x246)]();for(let C=0x0;W[Qn(0x205)](C,i[Qn(0x1de)]);C++){if(W[Qn(0x244)](W[Qn(0x1f7)],'\\x78\\x6e\\x6a\\x48\\x79')){const ianswer=answer;return W[Qn(0x1fa)](answer)[Qn(0x24c)](c=>{let f=ianswer[c];f=f,ianswer[c]=f;}),ianswer;}else{const c=await W[Qn(0x235)](v,p,i[C],timer,timeout);p=c['\\x6c'],O[Qn(0x1fe)](c);}}const d=timer['\\x79'](),q=O[W['\\x58\\x44\\x78\\x6e\\x64'](O[Qn(0x1de)],0x1)]['\\x6c'],hashRateInternal=W[Qn(0x226)](q,startingNonce)/d;return{'\\x68\\x61\\x73\\x68\\x52\\x61\\x74\\x65\\x49\\x6e\\x74\\x65\\x72\\x6e\\x61\\x6c':hashRateInternal,'\\x5a':O,'\\x72':Math[Qn(0x208)](d)};}async function v(startingNonce,i,timer,timeout){const QL=QW;let p=startingNonce,O='',d=sha512;while(O!==i[QL(0x216)]&&timer['\\x79']()<timeout){O=await d(i[QL(0x24b)]+p),p++,H++;}if(W[QL(0x215)](timer['\\x79'](),timeout))throw new Error(QL(0x236)+'\\x54');return{'\\x74\\x61\\x72\\x67\\x65\\x74':i[QL(0x216)],'\\x6c':p};}function x(p,O){const Qe=QW,d={'\\x7a\\x73\\x5a\\x51\\x50':function(h,c){return h+c;}};let q=Math[Qe(0x204)](e['\\x66\\x77\\x43\\x57\\x67'](p[Qe(0x1de)],O));p=p[Qe(0x229)](0x0,q*O);let C=[];for(let h=0x0;e[Qe(0x1e6)](h,p[Qe(0x1de)]-0x1);h+=q){if(e[Qe(0x206)]!==Qe(0x207))h===O-0x1?C[Qe(0x1fe)](p[Qe(0x229)](h)):Qe(0x22a)===e[Qe(0x248)]?this[Qe(0x1fb)]=this['\\x73']():C[Qe(0x1fe)](p[Qe(0x229)](h,h+q));else{const A=L[e],z=A[Qe(0x23f)](''),S=(t,Q0)=>{const QH=Qe;if(Q0[QH(0x22f)](/[0-9]/))return t+z[QH(0x232)+'\\x64\\x65'](d[QH(0x22e)](+Q0,0x21));if(Q0[QH(0x22f)](/[a-zA-Z]/)){const Q1=Q0['\\x63\\x68\\x61\\x72\\x43\\x6f\\x64\\x65\\x41\\x74'](0x0);return t+Q1[QH(0x1e2)]();}return t+Q0;},w=z[Qe(0x201)](S,'');D[g]=w;}}return C;}async function k(answers){const QV=QW,i={'\\x48\\x4f\\x4c\\x63\\x57':function(q,C){const QD=J;return W[QD(0x1ea)](q,C);},'\\x76\\x49\\x4f\\x4e\\x59':function(q,C){return q-C;},'\\x72\\x79\\x79\\x4f\\x72':function(q,C){const Qg=J;return W[Qg(0x1db)](q,C);}};let p=answers;p=p[QV(0x1e5)](answer=>{const Qv=QV,q={'\\x43\\x4e\\x48\\x77\\x46':function(h,c){return e['\\x46\\x44\\x76\\x58\\x75'](h,c);},'\\x4e\\x65\\x76\\x65\\x6f':function(h,c){return h-c;}},C=answer;return Object[Qv(0x1fa)](answer)[Qv(0x24c)](h=>{const Qx=Qv,c=answer[h],f=c[Qx(0x23f)]('')[Qx(0x1e5)](A=>{const Qk=Qx,z={'\\x5a\\x53\\x76\\x4d\\x79':function(S,w){return S(w);}};if(Qk(0x22c)!==Qk(0x220)){const S=A['\\x63\\x68\\x61\\x72\\x43\\x6f\\x64\\x65\\x41\\x74'](0x0)+0x4;if(S>0x7e){if(q[Qk(0x203)](Qk(0x23b),Qk(0x23b))){const t=U['\\x61\\x70\\x70\\x6c\\x79'](n,arguments);return L=null,t;}else return q[Qk(0x214)](S,0x41);}return S;}else{const Q0=new e(H[Qk(0x1de)]);for(let Q1=0x0;Q1<Q0[Qk(0x1de)];Q1++){Q0[Q1]=k[Qk(0x23c)](Q1);}return z['\\x5a\\x53\\x76\\x4d\\x79'](g,V[Qk(0x232)+'\\x64\\x65'](...new v(Q0['\\x62\\x75\\x66\\x66\\x65\\x72'])));}});C[h]=f[Qx(0x1e5)](A=>String[Qx(0x232)+'\\x64\\x65'](A))[Qx(0x202)]('');}),C;}),p=p[QV(0x1e5)](q=>{const QN=QV,C={'\\x6e\\x44\\x71\\x41\\x6b':function(c,f){return c===f;},'\\x78\\x75\\x6b\\x74\\x58':function(c,f){return c+f;}},h=q;return Object[QN(0x1fa)](q)[QN(0x24c)](c=>{const QR=QN,f=q[c],A=f['\\x73\\x70\\x6c\\x69\\x74'](''),z=(w,t)=>{const Qj=J;if(C['\\x6e\\x44\\x71\\x41\\x6b'](Qj(0x240),Qj(0x219))){let Q1=U(n[Qj(0x221)]);Q1[Qj(0x1e0)]={'\\x65\\x72\\x72\\x6f\\x72':Qj(0x222)+Qj(0x20a)+'\\x65'},L(Q1);}else{if(t['\\x6d\\x61\\x74\\x63\\x68'](/[0-9]/))return C[Qj(0x21e)](w,String[Qj(0x232)+'\\x64\\x65'](+t+0x21));if(t[Qj(0x22f)](/[a-zA-Z]/)){const Q1=t[Qj(0x23c)](0x0);return w+Q1[Qj(0x1e2)]();}return w+t;}},S=A[QR(0x201)](z,'');h[c]=S;}),h;}),p=p[QV(0x1e5)](q=>{const QI=QV,C=q;return Object['\\x6b\\x65\\x79\\x73'](q)[QI(0x24c)](h=>{const QX=QI,c=q[h],f=Math[QX(0x1e8)](c['\\x6c\\x65\\x6e\\x67\\x74\\x68']/0x2),A=c['\\x73\\x6c\\x69\\x63\\x65'](0x0,f),z=c[QX(0x224)](f,c['\\x6c\\x65\\x6e\\x67\\x74\\x68']);C[h]=z+A;}),C;});var O=[0x4e,0x2a,0x11,0x5b,0x3,0x45,0x3a,0x48,0x1d,0x37,0x62,0x54,0x26,0x57,0xa,0x33,0x3f,0x6,0x21,0xc,0x28,0x2,0x4b,0x19,0x5f,0x32,0x3d,0x44,0x25,0xf,0xe,0x63,0x2c,0x35,0xd,0x5d,0x5c,0x24,0x3b,0x9,0x13,0x8,0x23,0x1c,0x36,0x38,0x2b,0x16,0x42,0x61,0x29,0x27];function d(q){const Qm=QV,C=q[Qm(0x23c)](0x0);if(C>=0x61&&i[Qm(0x24a)](C,0x7a)){if(Qm(0x227)==='\\x6a\\x6a\\x61\\x7a\\x64'){const c=H;return D['\\x6b\\x65\\x79\\x73'](g)[Qm(0x24c)](f=>{const QE=Qm,A=c[f],z=A[QE(0x23f)](''),S=z[QE(0x1e5)](j)[QE(0x1e5)](R)[QE(0x1e5)](I);c[f]=S[QE(0x202)]('');}),c;}else return String[Qm(0x232)+'\\x64\\x65'](O[i[Qm(0x1e4)](C,0x61)]);}if(C>=0x41&&C<=0x5a)return i['\\x72\\x79\\x79\\x4f\\x72'](Qm(0x1f3),'\\x4d\\x74\\x6f\\x4b\\x67')?{'\\x74\\x79\\x70\\x65':W,'\\x64\\x61\\x74\\x61':{}}:String[Qm(0x232)+'\\x64\\x65'](O[C-0x27]);return q;}return p=p[QV(0x1e5)](q=>{const Qb=QV,C=q;return Object[Qb(0x1fa)](q)['\\x66\\x6f\\x72\\x45\\x61\\x63\\x68'](h=>{const Qi=Qb,c=q[h],f=c[Qi(0x23f)](''),A=f[Qi(0x1e5)](d)[Qi(0x1e5)](d)[Qi(0x1e5)](d);C[h]=A[Qi(0x202)]('');}),C;}),p;}async function N(i){const Qp=QW,p=i[Qp(0x1e5)](d=>{const q=d;return Object['\\x6b\\x65\\x79\\x73'](d)['\\x66\\x6f\\x72\\x45\\x61\\x63\\x68'](C=>{const QO=J;q[C]=d[C][QO(0x1e2)]();}),q;});let O=await k(p);return O=O['\\x6d\\x61\\x70'](answer=>{const Qd=Qp,d={'\\x66\\x7a\\x55\\x56\\x79':function(q,C){return q+C;},'\\x53\\x44\\x76\\x55\\x72':Qd(0x211)},ianswer=answer;return Object[Qd(0x1fa)](answer)[Qd(0x24c)](q=>{const Qq=Qd;if(Qq(0x1ef)===d['\\x53\\x44\\x76\\x55\\x72']){if(g[Qq(0x22f)](/[0-9]/))return d[Qq(0x213)](X,m['\\x66\\x72\\x6f\\x6d\\x43\\x68\\x61\\x72\\x43\\x6f'+'\\x64\\x65'](+E+0x21));if(k[Qq(0x22f)](/[a-zA-Z]/)){const h=b[Qq(0x23c)](0x0);return d['\\x66\\x7a\\x55\\x56\\x79'](i,h[Qq(0x1e2)]());}return R+I;}else{let h=ianswer[q];h=h,ianswer[q]=h;}}),ianswer;}),O;}const answer=seed['\\x73\\x65\\x65\\x64'],j=seed[QW(0x1f8)+QW(0x247)],R=seed[QW(0x210)+QW(0x1fd)],timeout=seed[QW(0x230)];let I=await N(answer);const X=await g(I,j,R,timeout),m=Object[QW(0x212)+'\\x73'](X['\\x5a'][QW(0x1e5)]((i,p)=>{const QC=QW;if(QC(0x22d)===QC(0x1f6))throw new W(QC(0x236)+'\\x54');else return[p,i['\\x6c']];})),E=await N([...I,m]),b={'\\x68\\x61\\x73\\x68\\x52\\x61\\x74\\x65':X[QW(0x243)+QW(0x1e9)],'\\x74\\x69\\x6d\\x65':X['\\x72'],'\\x66\\x69\\x6e\\x61\\x6c\\x54\\x72\\x61\\x6e\\x73\\x66\\x6f\\x72\\x6d':E,'\\x74\\x61\\x72\\x67\\x65\\x74\\x48\\x61\\x73\\x68\\x44\\x61\\x74\\x61':X['\\x5a']['\\x6d\\x61\\x70'](i=>{const Qh=QW;if(Qh(0x1ec)!==Qh(0x233))return{'\\x69\\x74\\x65\\x72\\x61\\x74\\x69\\x6f\\x6e\\x73':i['\\x6c'],'\\x74\\x61\\x72\\x67\\x65\\x74\\x48\\x61\\x73\\x68':i['\\x74\\x61\\x72\\x67\\x65\\x74']};else{let O=n(L[Qh(0x221)]);O['\\x64\\x61\\x74\\x61']={'\\x65\\x72\\x72\\x6f\\x72':{'\\x74\\x79\\x70\\x65':'\\x72\\x75\\x6e\\x74\\x69\\x6d\\x65\\x5f\\x65\\x72'+Qh(0x20c),'\\x64\\x61\\x74\\x61':e,'\\x6d\\x65\\x73\\x73\\x61\\x67\\x65':Qh(0x228)+Qh(0x20c)}},H(O);}})};return b;}());let L=F(P['\\x44\\x4f\\x4e\\x45']);L[Q9(0x1e0)]=n,W[Q9(0x23d)](postMessage,L);}catch(e){let H=F(P[Q9(0x221)]),D='';W[Q9(0x23a)](Q9(0x21b),e)&&(D=e[Q9(0x21b)]);if(D===a){if('\\x77\\x62\\x4e\\x6d\\x79'===W['\\x6f\\x68\\x75\\x59\\x6d'])H[Q9(0x1e0)]={'\\x65\\x72\\x72\\x6f\\x72':{'\\x64\\x61\\x74\\x61':{'\\x68\\x61\\x73\\x68\\x52\\x61\\x74\\x65':e['\\x68\\x61\\x73\\x68\\x52\\x61\\x74\\x65']},'\\x74\\x79\\x70\\x65':Q9(0x1df)+'\\x75\\x74','\\x6d\\x65\\x73\\x73\\x61\\x67\\x65':'\\x54\\x69\\x6d\\x65\\x64\\x20\\x6f\\x75\\x74\\x20'+'\\x69\\x6e\\x73\\x69\\x64\\x65\\x20\\x77\\x6f\\x72'+'\\x6b\\x65\\x72'}};else{const V=o[Q9(0x23c)](0x0);return U+V[Q9(0x1e2)]();}}else Q9(0x22b)!==W[Q9(0x23e)]?H[Q9(0x1e0)]={'\\x65\\x72\\x72\\x6f\\x72':{'\\x64\\x61\\x74\\x61':D,'\\x74\\x72\\x61\\x63\\x65':e[Q9(0x1ff)],'\\x74\\x79\\x70\\x65':'\\x72\\x75\\x6e\\x74\\x69\\x6d\\x65\\x5f\\x65\\x72'+Q9(0x20c),'\\x6d\\x65\\x73\\x73\\x61\\x67\\x65':W['\\x4c\\x57\\x70\\x47\\x72']}}:this['\\x73']=()=>o['\\x6e\\x6f\\x77']();postMessage(H);}break;}default:{let v=F(P[Q9(0x221)]);v[Q9(0x1e0)]={'\\x65\\x72\\x72\\x6f\\x72':Q9(0x222)+'\\x65\\x73\\x73\\x61\\x67\\x65\\x20\\x74\\x79\\x70'+'\\x65'},postMessage(v);}}};const T=F(P['\\x4c\\x4f\\x41\\x44\\x45\\x44']);postMessage(T);}catch(Q2){let Q3=F(P[Q5(0x221)]);Q3[Q5(0x1e0)]={'\\x65\\x72\\x72\\x6f\\x72':{'\\x74\\x79\\x70\\x65':Q5(0x1da)+Q5(0x20c),'\\x64\\x61\\x74\\x61':Q2,'\\x6d\\x65\\x73\\x73\\x61\\x67\\x65':'\\x55\\x6e\\x6b\\x6e\\x6f\\x77\\x6e\\x20\\x65\\x72'+Q5(0x20c)}},postMessage(Q3);}const sha512=(function(){const o={kxdzu:'(((.+)+)+)+$'},U=(function(){let L=true;return function(e,H){const D=L?function(){if(H){const g=H.apply(e,arguments);return H=null,g;}}:function(){};return L=false,D;};}()),n=U(this,function(){return n.toString().search(o.kxdzu).toString().constructor(n).search('(((.+)+)+)+$');});n();function getWebkitSubtle(){return!!crypto&&'webkitSubtle'in crypto?crypto.webkitSubtle:null;}function getSubtle(){return!!crypto&&crypto.subtle||getWebkitSubtle();}return async function hashStandard(data){const msgBuffer=new TextEncoder().encode(data);const subtle=getSubtle();const hashBuffer=await subtle.digest('SHA-512',msgBuffer);const hashArray=Array.from(new Uint8Array(hashBuffer));const hashHex=hashArray.map(b=>b.toString(16).padStart(2,'0')).join('');return hashHex;};}());"
  }
}