{
  "metadata": {
    "timestamps": {
      "start": "2026-02-18T19:59:08.629867",
      "end": "2026-02-18T19:59:09.883413",
      "duration_ms": 1253
    },
    "url": {
      "full": "https://js.rbxcdn.com/46ec7856c5aa19b2bd5e4d7b745da33086769838558970c98610e983b70fe922.js",
      "protocol": "https",
      "domain": "js.rbxcdn.com",
      "path": "/46ec7856c5aa19b2bd5e4d7b745da33086769838558970c98610e983b70fe922.js",
      "normalized_path": "/46ec7856c5aa19b2bd5e4d7b745da33086769838558970c98610e983b70fe922.js",
      "query": {}
    },
    "method": "GET",
    "status_code": 200,
    "size": {
      "request_bytes": 0,
      "response_bytes": 589,
      "compressed": false
    },
    "content_type": "application/javascript",
    "cache_status": "public, max-age=31536000"
  },
  "request": {
    "headers": {
      "sec-ch-ua-platform": "\"Linux\"",
      "user-agent": "Mozilla/5.0 (X11; Linux x86_64) AppleWebKit/537.36 (KHTML, like Gecko) Chrome/144.0.0.0 Safari/537.36",
      "sec-ch-ua": "\"Not(A:Brand\";v=\"8\", \"Chromium\";v=\"144\", \"Google Chrome\";v=\"144\"",
      "sec-ch-ua-mobile": "?0",
      "accept": "*/*",
      "sec-fetch-site": "cross-site",
      "sec-fetch-mode": "no-cors",
      "sec-fetch-dest": "script",
      "sec-fetch-storage-access": "none",
      "referer": "https://www.roblox.com/",
      "accept-encoding": "gzip, deflate, br, zstd",
      "accept-language": "en-US,en;q=0.9,fil;q=0.8",
      "priority": "u=2"
    },
    "payload": null
  },
  "response": {
    "headers": {
      "content-type": "application/javascript",
      "date": "Thu, 31 Jul 2025 19:17:08 GMT",
      "last-modified": "Thu, 31 Jul 2025 19:15:52 GMT",
      "content-encoding": "br",
      "x-amz-server-side-encryption": "AES256",
      "cache-control": "public, max-age=31536000",
      "x-amz-version-id": "_saDIt.Wt.pt.7op9ubgW3m.xEgryIaa",
      "server": "AmazonS3",
      "etag": "W/\"fbb9861f3c01025fd2c7536d6bbbb2b9\"",
      "vary": "accept-encoding, Origin",
      "x-cache": "Hit from cloudfront",
      "via": "1.1 1b7c94274bd830ddf26396883b21ed8a.cloudfront.net (CloudFront)",
      "x-amz-cf-pop": "MNL51-P1",
      "x-amz-cf-id": "DfYPXDGZoTjvSPgsod7ZKMFzYNqslHgroo1nPiIK_XJtcHM6uHifnw==",
      "age": "17426523",
      "rbx-cdn-provider": "aws",
      "timing-allow-origin": "*",
      "nel": "{\"report_to\":\"network-errors\",\"max_age\":604800,\"success_fraction\":0,\"failure_fraction\":0.05,\"response_headers\":[\"Rbx-Cdn-Provider\",\"vary\"]}",
      "report-to": "{\"group\":\"network-errors\",\"max_age\":604800,\"endpoints\":[{\"url\":\"https://ncs.roblox.com/upload\"}]}",
      "server-timing": "cdn-cache-hit,cdn-pop;desc=\"MNL51-P1\",cdn-rid;desc=\"DfYPXDGZoTjvSPgsod7ZKMFzYNqslHgroo1nPiIK_XJtcHM6uHifnw==\",cdn-hit-layer;desc=\"EDGE\",cdn-downstream-fbl;dur=3"
    },
    "body": "var Roblox = Roblox || {};\nRoblox.LangDynamic = Roblox.LangDynamic || {};\nRoblox.LangDynamic[\"Feature.Screentime\"] = {\"Description.TimeWarning\":\"Warning: Excessive experience use can interfere with normal daily life. You have played on Roblox for {NumberOfHours} hour(s).\",\"Description.CurfewMessage\":\"You cannot visit Roblox at this time. \\nYour parent or guardian can change additional restriction hours under Parental Controls in Settings.\",\"Description.CurfewMessageTitle\":\"Playtime Restricted\",\"Description.TimeWarningTitle\":\"Playtime Warning\",\"Heading.ScreentimeLimitDialog\":\"Screen time limit reached\",\"Content.ScreentimeLimitDialog\":\"You've reached your daily screen time limit. Come back tomorrow to access Roblox again.\",\"Description.ScreentimeLimit\":\"Set a daily limit on the time your child spends on Roblox.\",\"Label.DailyLimit\":\"Daily limit\",\"Label.NoLimit\":\"No Limit\",\"Label.Hours\":\"hours\",\"Label.Minutes\":\"minutes\",\"Label.Hour\":\"hour\",\"Heading.Screentime\":\"Screen time\",\"Label.Screentime\":\"Screen time\",\"Description.RequestScreentimeLimitUpdate\":\"To change your screen time limit, you need parent permission.\",\"Label.Minute\":\"minute\",\"Label.Options\":\"Add more time\",\"Label.FifteenMoreMinutes\":\"15 more minutes\",\"Label.FiveMoreMinutes\":\"5 more minutes\",\"Description.MoreScreentimeDescription\":\"This extends your screen time limit temporarily\"};\nwindow.Roblox && window.Roblox.BundleDetector && window.Roblox.BundleDetector.bundleDetected(\"DynamicLocalizationResourceScript_Feature.Screentime\");\n"
  }
}