{
  "metadata": {
    "timestamps": {
      "start": "2026-02-18T19:58:02.214198",
      "end": "2026-02-18T19:58:02.304832",
      "duration_ms": 90
    },
    "url": {
      "full": "https://js.rbxcdn.com/c4616d43c3b19aa735fb471a733788d833770a0b9d106c025d8e3cbd0ee8eb95.js",
      "protocol": "https",
      "domain": "js.rbxcdn.com",
      "path": "/c4616d43c3b19aa735fb471a733788d833770a0b9d106c025d8e3cbd0ee8eb95.js",
      "normalized_path": "/c4616d43c3b19aa735fb471a733788d833770a0b9d106c025d8e3cbd0ee8eb95.js",
      "query": {}
    },
    "method": "GET",
    "status_code": 200,
    "size": {
      "request_bytes": 0,
      "response_bytes": 2771,
      "compressed": true
    },
    "content_type": "application/javascript",
    "cache_status": "public, max-age=25452276"
  },
  "request": {
    "headers": {
      "sec-ch-ua-platform": "\"Linux\"",
      "user-agent": "Mozilla/5.0 (X11; Linux x86_64) AppleWebKit/537.36 (KHTML, like Gecko) Chrome/144.0.0.0 Safari/537.36",
      "sec-ch-ua": "\"Not(A:Brand\";v=\"8\", \"Chromium\";v=\"144\", \"Google Chrome\";v=\"144\"",
      "sec-ch-ua-mobile": "?0",
      "accept": "*/*",
      "sec-fetch-site": "cross-site",
      "sec-fetch-mode": "no-cors",
      "sec-fetch-dest": "script",
      "sec-fetch-storage-access": "none",
      "referer": "https://www.roblox.com/",
      "accept-encoding": "gzip, deflate, br, zstd",
      "accept-language": "en-US,en;q=0.9,fil;q=0.8",
      "priority": "u=2"
    },
    "payload": null
  },
  "response": {
    "headers": {
      "x-amz-id-2": "tEZQb3RaKMC/ooWb/+kXE6yizEoTOR+agZz4H0rC6y9UVbvjOxPPHIbXyUwVnmcX1oeb7zPMJF6IGUf6LbAammhzYO0M0+3RDtO+7ArTE5I=",
      "x-amz-request-id": "F2A2T6ZRW3CB88BA",
      "last-modified": "Wed, 10 Dec 2025 02:01:37 GMT",
      "etag": "\"67aa25cae8a5c9680f26eea86c49a7e1\"",
      "x-amz-server-side-encryption": "AES256",
      "x-amz-version-id": "1b7MwbKplp2EvBjK7UvT4zg62KD.Gza3",
      "accept-ranges": "bytes",
      "content-type": "application/javascript",
      "server": "AmazonS3",
      "vary": "Accept-Encoding",
      "content-encoding": "gzip",
      "cache-control": "public, max-age=25452276",
      "date": "Wed, 18 Feb 2026 11:58:03 GMT",
      "content-length": "2771",
      "akamai-request-bc": "[a=1.37.68.148,b=601674853,c=g,n=PH_00_QUEZONCITY,o=4775]",
      "nel": "{\"report_to\":\"network-errors\",\"max_age\":604800,\"success_fraction\":0,\"failure_fraction\":0.05}",
      "report-to": "{\"group\":\"network-errors\",\"max_age\":604800,\"endpoints\":[{\"url\":\"https://ncs.roblox.com/upload\"}]}",
      "rbx-cdn-provider": "ak",
      "access-control-expose-headers": "Rbx-Cdn-Provider,Akamai-Request-BC",
      "access-control-allow-origin": "*"
    },
    "body": "var Roblox = Roblox || {};\nRoblox.LangDynamic = Roblox.LangDynamic || {};\nRoblox.LangDynamic[\"Feature.Transactions\"] = {\"Heading.Title\":\"My Transactions\",\"Heading.Total\":\"Total\",\"Heading.TotalFunds\":\"Total Funds\",\"Heading.Date\":\"Date\",\"Heading.Member\":\"Member\",\"Heading.Description\":\"Description\",\"Heading.Amount\":\"Amount\",\"Label.Day\":\"Past Day\",\"Label.Week\":\"Past 7 Days\",\"Label.Month\":\"Past 30 Days\",\"Label.Year\":\"Past Year\",\"Label.TransactionTypeAll\":\"All Transactions\",\"Label.TransactionTypePurchase\":\"Purchases\",\"Label.TransactionTypeSale\":\"Sales of Goods\",\"Label.TransactionTypeAffiliateSale\":\"Commissions\",\"Label.TransactionTypeGroupPayout\":\"Community Payouts\",\"Label.TransactionTypeCurrencyPurchase\":\"Currency Purchases\",\"Label.TransactionTypeTrade\":\"Earnings from Trades\",\"Label.TransactionTypePremiumStipend\":\"Premium Stipends\",\"Label.TransactionTypeGroupPremiumPayout\":\"Community Premium Payouts\",\"Label.TransactionTypePendingRobux\":\"Pending Robux\",\"Message.NoTransactions\":\"You have not yet completed any transactions.\",\"Description.Sale\":\"Sold\",\"Description.Purchase\":\"Purchased\",\"Description.AffiliateSale\":\"Commission Robux From\",\"Description.PendingRobuxSaleHold\":\"Pending Sale\",\"Description.PendingRobuxEngagementPayoutHold\":\"Pending Robux from Engagement Payout\",\"Description.PendingRobux\":\"Pending Robux\",\"Description.GroupPayout\":\"Community Payout\",\"Description.PremiumPayout\":\"Premium Payout\",\"Description.GroupPremiumPayout\":\"Premium Payout from Community\",\"Description.Trade\":\"Earning from Trade\",\"Description.PremiumStipend\":\"Premium Stipend\",\"Description.PremiumSignupBonus\":\"Premium Signup Bonus\",\"Description.PremiumStipendBonus\":\"Premium Stipend Bonus\",\"Description.AmbassadorAward\":\"Ambassador Award\",\"Description.CurrencyPurchase\":\"Currency Purchase\",\"Description.CurrencyTrade\":\"Currency Trade\",\"Description.DailyLoginAward\":\"Daily Login Award\",\"Description.MiscellaneousAdjustment\":\"Miscellaneous Adjustment\",\"Description.PlaceTrafficAward\":\"Place Traffic Award\",\"Description.VideoRefund\":\"Video Refund\",\"Description.RefundFromItemHold\":\"Refund from Item Hold\",\"Description.CashOut\":\"Cash Out\",\"Description.AdjustmentByRobloxAdmin\":\"Adjustment By Roblox Admin\",\"Description.InGameAdImpressionPayout\":\"In Experience Ad Impression Payout\",\"Description.EndorsedAssetReward\":\"Endorsed Asset Reward\",\"Description.CSAdjustment\":\"Roblox Adjustment\",\"Description.Contest\":\"Contest\",\"Description.SurveyWinner\":\"Survey Winner\",\"Description.Retexture\":\"Retexture\",\"Description.AdvertisingPromotion\":\"Advertising Promotion\",\"Description.NewEmployee\":\"New Employee\",\"Description.Testing\":\"Testing\",\"Description.AccountRestores\":\"Account Restores\",\"Description.Other\":\"Other Transaction Type\",\"Label.TransactionTypePremiumPayout\":\"Premium Payouts\",\"Action.BuyRobux\":\"Buy Robux\",\"Description.AdSpend\":\"Sponsored Ad Spend\",\"Description.AdSpendAdjustment\":\"Sponsored Ad Spend Adjustment\",\"Label.TransactionTypeAdSpend\":\"Sponsored Ad Spend\",\"Label.TransactionTypeDeveloperExchange\":\"Developer Exchange\",\"Heading.Source\":\"Source\",\"Description.Renewal\":\"Renewed\",\"Label.AllTime\":\"All Time\",\"Heading.IncomingRobux\":\"Incoming Robux\",\"Heading.OutgoingRobux\":\"Outgoing Robux\",\"Label.Summary\":\"Summary\",\"Label.TransactionTypeCostOfTrades\":\"Cost of Trades\",\"Heading.MyBalance\":\"My Balance\",\"Description.PendingRobuxTooltip\":\"Pending Robux are not included in your Total until released, which could take a few days\",\"Description.IndividualToGroup\":\"Individual Transfer of Robux To Community\",\"Label.TransactionIndividualToGroup\":\"Individual To Community Robux Transfer\",\"Description.PurchasedItem\":\"Purchased {item}\",\"Description.SoldItem\":\"Sold {item}\",\"Description.RenewedItem\":\"Renewed {item}\",\"Label.TransactionTypeCSAdjustment\":\"Roblox Adjustments\",\"Label.PageSize\":\"{numPages} per page\",\"Description.DownloadPopup\":\"Once your data is ready, we will send the download link to your verified email.\",\"Action.BackToTransactions\":\"Back to Transactions\",\"Message.CompletingRequest\":\"Completing your request\\t\",\"Message.MaxDaysLimitExceeded\":\"You cannot select more than 90 days.\",\"Description.DownloadInstructions\":\"Please select the date range of the transactions you want to download, up to a 90 day window.\",\"Action.Download\":\"Download\",\"Description.DateRangeSelection\":\"Select Date Range to Download\",\"Action.Cancel\":\"Cancel\",\"Action.Secure\":\"Secure\",\"Heading.2SVRequired\":\"2 Step Verification Needed\",\"Description.2SVRequired\":\"To complete your request, you need to enable 2 step verification via authenticator.\",\"Label.TransactionType\":\"Type of Transaction\",\"Label.DateRange\":\"Date Range\",\"Label.DownloadTooltip\":\"Download Data\",\"Message.UnknownError\":\"Unknown Error\",\"Label.NumberOfItems\":\"Number of Items\",\"Label.TypeOfTransactions\":\"Type of Transaction\",\"Action.Enable\":\"Enable\",\"Label.PaidAndLimited\":\"Paid & Limited Items\",\"Label.AllItems\":\"All Items\",\"Label.SaleType\":\"Sale Type\",\"Label.GroupAdsRevsharePayout\":\"Immersive Ads Payout from Community\",\"Label.AdsRevsharePayout\":\"Immersive Ads Payouts\",\"Description.GroupAdsRevsharePayout\":\"Community Immersive Ads Payout\",\"Description.AdsRevsharePayout\":\"Immersive Ads Payout\",\"Description.PendingRobuxAdsRevsharePayout\":\"Pending Robux from Immersive Ads Payout\",\"Tooltip.GroupSalesAmount\":\"Amount is net payout amount excluding commission, marketplace fee, and recurring community payouts.\",\"Description.DownloadMonthInstructions\":\"Please select the month of the transactions you want to download. New transactions may not appear for several hours.\",\"Description.SubscriptionsPayout\":\"Subscription Payout\",\"Description.GroupSubscriptionsPayout\":\"Community Subscription Payout\",\"Description.SubscriptionsReversal\":\"Payout Reversal\",\"Description.GroupSubscriptionsReversal\":\"Community Payout Reversal\",\"Label.SubscriptionsPayouts\":\"Subscription Payouts\",\"Label.GroupSubscriptionsPayouts\":\"Community Subscription Payouts\",\"Label.SubscriptionsPayoutReversals\":\"Payout Reversals\",\"Label.GroupSubscriptionsPayoutReversals\":\"Community Payout Reversals\",\"Description.PendingRobuxSubscriptionsPayout\":\"Pending Robux from Subscription Payout\",\"Response.ReportGenerationInProgress\":\"Your request is being processed. You will be notified via email once your report is generated.\",\"Label.PublishingAdvanceRebates\":\"Publishing Advance Rebates\",\"Description.PublishingAdvanceRebates\":\"Rebate - {item}\",\"Heading.GroupAmount\":\"Community Amount\",\"Description.LegalText\":\"As a reminder, when you bought your Robux, you consented to the immediate performance of the contract and acknowledged that you have lost your right of withdrawal.\",\"Label.TransactionTypeAffiliatePayout\":\"Affiliate Payout\",\"Description.AffiliatePayout\":\"Affiliate Payout for campaign \\\"{item}\\\"\",\"Description.PendingAffiliatePayoutHold\":\"Pending Robux from Affiliate Payout\",\"Description.AddParent\":\"Add a linked parent in {linkStart}Settings > Parental Controls{linkEnd} to receive your sales CSV download.\",\"Heading.AddParent\":\"Add a parent\",\"Description.AffiliatePayoutFriendReferral\":\"Affiliate Payout for Friend Referrals\",\"Description.AffiliatePayoutUnknownSource\":\"Affiliate Payout from unknown source\",\"Message.TransactionDelay\":\"We're currently experiencing higher than usual traffic, which may temporarily delay the display of your transaction data. Please refresh the page later to see the latest details.\",\"Description.RefundedItem\":\"Refunded {item}\",\"Label.FiatPaidAccess\":\"Paid Access in Local Currency\",\"Label.LicensingPayment\":\"Licensing Payment\",\"Label.LicensingPaymentClawback\":\"Licensing Payment Clawback\",\"Label.Loading\":\"Loading...\",\"Label.Licensed\":\"Licensed\",\"Label.LicensedTooltip\":\"This experience is licensed and a percentage of its revenue amount goes towards a licensing fee.\",\"Description.CreatorRewards\":\"Creator rewards for universe {item}\",\"Description.PurchasePayout\":\"Purchase Payout\",\"Message.MyTransactionsPageDisabled\":\"Due to high demand, the transactions page is currently unavailable. Please try again later.\",\"Message.TransactionQueryWindowLimit\":\"Due to higher traffic than usual, transaction history has been limited to 2 years.\",\"Description.LicensingPaymentClawback\":\"Payout Reversal\",\"Description.CreatorRewardsAudienceExpansion\":\"Audience Expansion Payout\",\"Label.TransactionTypeCreatorRewardsAudienceExpansion\":\"Creator Rewards Audience Expansion\",\"Label.TransactionTypeCreatorRewardsDailyEngagement\":\"Creator Rewards Daily Engagement\",\"Label.TransactionTypeCommunityCreatorRewards\":\"Community Creator Rewards\",\"Description.CreatorRewardsAudienceExpansionCampaign\":\"Audience Expansion Payout for Share Link Campaign {campaignName}\",\"Description.PendingRobuxDailyEngagementHold\":\"Pending Robux from Daily Engagement Payout\",\"Description.PendingAudienceExpansionHold\":\"Pending Robux from Audience Expansion Payout\",\"Description.CreatorRewardsAudienceExpansionItem\":\"Audience Expansion Payout {item}\",\"Description.CreatorRewardsAudienceExpansionShareLink\":\"Audience Expansion Payout for Share Link Campaign {item}\",\"Description.CreatorRewardsAudienceExpansionCampaignName\":\"Audience Expansion Payout for Share Link Campaign \\\"{item}\\\"\",\"Description.DailyEngagementPayout\":\"Daily Engagement Payout\",\"Description.DailyEngagementPayoutFromCommunity\":\"Daily Engagement Payout from Community\",\"Description.PendingRobuxLicensingPayment\":\"Pending Robux from Licensing Payout\"};\nwindow.Roblox && window.Roblox.BundleDetector && window.Roblox.BundleDetector.bundleDetected(\"DynamicLocalizationResourceScript_Feature.Transactions\");\n"
  }
}