{
  "metadata": {
    "timestamps": {
      "start": "2026-02-18T19:58:49.321957",
      "end": "2026-02-18T19:58:49.451066",
      "duration_ms": 129
    },
    "url": {
      "full": "https://css.rbxcdn.com/280967be34ec4ea9812cae750989f11bd5ddcde3872c68213ac8b2f4fff47a02.css",
      "protocol": "https",
      "domain": "css.rbxcdn.com",
      "path": "/280967be34ec4ea9812cae750989f11bd5ddcde3872c68213ac8b2f4fff47a02.css",
      "normalized_path": "/280967be34ec4ea9812cae750989f11bd5ddcde3872c68213ac8b2f4fff47a02.css",
      "query": {}
    },
    "method": "GET",
    "status_code": 200,
    "size": {
      "request_bytes": 0,
      "response_bytes": 3375,
      "compressed": true
    },
    "content_type": "text/css",
    "cache_status": "public, max-age=10062393"
  },
  "request": {
    "headers": {
      "sec-ch-ua-platform": "\"Linux\"",
      "user-agent": "Mozilla/5.0 (X11; Linux x86_64) AppleWebKit/537.36 (KHTML, like Gecko) Chrome/144.0.0.0 Safari/537.36",
      "sec-ch-ua": "\"Not(A:Brand\";v=\"8\", \"Chromium\";v=\"144\", \"Google Chrome\";v=\"144\"",
      "sec-ch-ua-mobile": "?0",
      "accept": "text/css,*/*;q=0.1",
      "sec-fetch-site": "cross-site",
      "sec-fetch-mode": "no-cors",
      "sec-fetch-dest": "style",
      "sec-fetch-storage-access": "none",
      "referer": "https://www.roblox.com/",
      "accept-encoding": "gzip, deflate, br, zstd",
      "accept-language": "en-US,en;q=0.9,fil;q=0.8",
      "priority": "u=0"
    },
    "payload": null
  },
  "response": {
    "headers": {
      "x-amz-id-2": "n0TUW1gTHCs69LbcikTp+It9U5hJZEO1EBn8UWi6zuCDKnSY/WR8TIFvVR8AkqB9vQ79EwDC9BxojvIaA7UqnO6ZUKiKB21BuJFfBodhmOc=",
      "x-amz-request-id": "SY2NASJ251V189Z4",
      "last-modified": "Mon, 28 Apr 2025 23:32:16 GMT",
      "etag": "\"b34fa865d9b6666dd56ee8997969a521\"",
      "x-amz-server-side-encryption": "AES256",
      "x-amz-version-id": ".yxW6y7OSnRFS2QFR1_87uW607btBpSU",
      "accept-ranges": "bytes",
      "content-type": "text/css",
      "server": "AmazonS3",
      "vary": "Accept-Encoding",
      "content-encoding": "gzip",
      "cache-control": "public, max-age=10062393",
      "date": "Wed, 18 Feb 2026 11:58:50 GMT",
      "content-length": "3375",
      "akamai-request-bc": "[a=1.37.66.13,b=403938925,c=g,n=PH_00_QUEZONCITY,o=4775]",
      "nel": "{\"report_to\":\"network-errors\",\"max_age\":604800,\"success_fraction\":0,\"failure_fraction\":0.05}",
      "report-to": "{\"group\":\"network-errors\",\"max_age\":604800,\"endpoints\":[{\"url\":\"https://ncs.roblox.com/upload\"}]}",
      "rbx-cdn-provider": "ak",
      "access-control-expose-headers": "Rbx-Cdn-Provider,Akamai-Request-BC",
      "access-control-allow-origin": "*"
    },
    "body": ".verified-badge-icon,.verified-badge-text-container{display:none}.badgeSizeCaptionheader,.badgeSizeFooter,.badgeSizeHeader,.badgeSizeSubheader,.badgeSizeTitle{position:relative;overflow:hidden}.badgeSizeTitle{width:28px;height:28px}.badgeSizeFooter{width:12px;height:12px}.badgeSizeCaptionheader,.badgeSizeHeader,.badgeSizeSubheader{width:16px;height:16px}.hz-centered-badge-container{margin:5px 0;display:flex;justify-content:center}.dark-theme .messages .messageDivider .news-body a,.dark-theme .messages .messageDivider .news-body a:active,.dark-theme .messages .messageDivider .news-body a:hover,.dark-theme .messages .messageDivider .news-body a:link,.dark-theme .messages .messageDivider .news-body a:visited{color:#fff}.dark-theme .messages .messageDivider.unread .message-summary-body .subject{color:#bcbec8}.dark-theme .messages .messageDivider:hover{box-shadow:none}.dark-theme .message-summary-content,.dark-theme .message-summary-content .subject{color:#bcbec8}.light-theme .messages .messageDivider .news-body a,.light-theme .messages .messageDivider .news-body a:active,.light-theme .messages .messageDivider .news-body a:hover,.light-theme .messages .messageDivider .news-body a:link,.light-theme .messages .messageDivider .news-body a:visited{color:#272930}.light-theme .messages .messageDivider.unread .message-summary-body .subject{color:#353741}.light-theme .messages .messageDivider:hover{box-shadow:none}.light-theme .message-summary-content,.light-theme .message-summary-content .subject{color:#353741}.messages-container{min-width:762px}@media(max-width:1174px){.messages-container{min-width:100%}}.content{max-width:1154px}.message-dep-header{border:1px solid #494d5a;border-radius:8px;margin-bottom:12px;padding:5px 9px 9px;text-align:left}.message-dep-header h3{padding:5px 0 0}.message-dep-header p{font-size:14px}.messages-nav{margin:12px 0}.messageDivider .roblox-system-image{float:left;margin-right:12px}@media(max-width:767px){.messageDivider .roblox-system-image{display:none}}.messageDivider .roblox-system-image .icon-logo-notification,.messageDivider .roblox-system-image .icon-logo-r{width:48px;height:48px;background-size:48px 48px}.rbx-tab-heading{height:40px}.system-card-image{width:48px;height:48px;background-size:48px 48px}.messages-container{float:left;max-width:970px;padding:0 15px;width:100%}@media(max-width:1174px){.messages-container{float:none;margin:0 auto}}.messages-container h1{margin-bottom:12px}.messages-container .rbx-tab{min-width:25%}.messages-container .success-block{margin:0 0 18px}.messages-container .success-block .navigationsuccess a{vertical-align:middle;padding:5px;margin-right:10px}.messages-container .success-block .navigationsuccess a .icon-left{background-position:0 -420px}.messages-container .new-message .new-message-content:after,.messages-container .new-message .new-message-content:before{content:\" \";display:table}.messages-container .new-message .new-message-content:after{clear:both}.messages-container .new-message .new-message-content .row{border-radius:3px;padding:9px 12px;overflow:hidden;line-height:1.4em;margin-bottom:18px}.messages-container .new-message .new-message-content .row .text-label{float:left;margin-right:5px}.messages-container .new-message .new-message-content .row .input-block,.messages-container .new-message .new-message-content .row .message-title{overflow:hidden}.messages-container .new-message .new-message-content .row .input-block input{border:none;width:100%;margin:0;padding:0;background:none;outline:none}.messages-container .new-message .new-message-content .message-content{padding:0;background:none;margin-bottom:18px}.messages-container .new-message .new-message-content .message-content .messages-reply-box{border-radius:3px;display:block;width:100%;min-width:100%;max-width:100%;padding:12px;line-height:1.4em;outline:none;height:200px}.messages-container .new-message .new-message-content .new-message-footer{width:100%}.messages-container .new-message .new-message-content .new-message-footer:after,.messages-container .new-message .new-message-content .new-message-footer:before{content:\" \";display:table}.messages-container .new-message .new-message-content .new-message-footer:after{clear:both}.messages-container .new-message .new-message-content .new-message-footer .action-buttons{float:right;width:303px;text-align:right}@media(max-width:543px){.messages-container .new-message .new-message-content .new-message-footer .action-buttons{text-align:center;display:block;width:100%;float:none}}.messages-container .new-message .new-message-content .new-message-footer .action-buttons .send-btn{margin-left:15px;float:right}@media(max-width:543px){.messages-container .new-message .new-message-content .new-message-footer .action-buttons .send-btn{float:none;width:100%;margin:0 0 5px}}.messages-container .new-message .new-message-content .new-message-footer .action-buttons .text-link{padding-top:8px;display:inline-block}@media(max-width:543px){.messages-container .new-message .new-message-content .new-message-footer .action-buttons .text-link{display:block}}.messages-container .new-message .new-message-content .new-message-footer .text-warning{float:left;width:65%}@media screen and (max-width:991px){.messages-container .new-message .new-message-content .new-message-footer .text-warning{float:none;width:50%}}@media screen and (max-width:543px){.messages-container .new-message .new-message-content .new-message-footer .text-warning{float:none;display:block;width:100%}}.message-summary-content{margin:3px 0 0}@media(max-width:767px){.message-summary-content .subject,.message-summary-content .text-preview{display:block}}@media(max-width:767px){.message-summary-content .subject{overflow:hidden;text-overflow:ellipsis;white-space:nowrap;height:20px}}.message-summary-content .text-preview{overflow:hidden;text-overflow:ellipsis;white-space:nowrap;height:18px;padding:0 5px}.message-summary-content .text-preview:before{content:\"- \"}@media(max-width:767px){.message-summary-content .text-preview{padding:0;width:100%}.message-summary-content .text-preview:after,.message-summary-content .text-preview:before{content:\" \";display:table}.message-summary-content .text-preview:after{clear:both}.message-summary-content .text-preview:before{display:none}}.rbx-tabs-horizontal .nav-tabs{overflow-y:hidden;margin-bottom:9px}.rbx-tab-content{margin:0}.robloxInvisibility{display:none}.inbox-buttons{padding:0 0 0 15px}.inbox-buttons .roblox-messages-btns{overflow:hidden}.inbox-buttons .roblox-messages-btns #roblox-archive-btn{float:left;margin-right:12px}.inbox-buttons .roblox-messages-btns .pagination-container{float:right;margin:0}.inbox-buttons .roblox-messages-btns .pagination-container span.page{margin-left:9px;vertical-align:middle}.inbox-buttons .roblox-message-large-btn{float:left;margin-right:12px}.message-actions{float:left}.message-actions .messageCheckbox{vertical-align:middle;margin:0 48px 0 15px;float:left;line-height:30px}.message-actions .messageCheckbox input{margin:10px 15px 0 0}.message-actions .messageCheckbox label{padding-left:36px}.message-actions .btn-control-sm{margin-right:12px}.messages .messageDivider{background-color:#f7f7f8}.messages .messageDivider.light-theme{background-color:#f7f7f8;color:#202227}.messages .messageDivider.light-theme.remove-panel{background-color:transparent}.light-theme .messages .messageDivider{background-color:#f7f7f8;color:#202227}.light-theme .messages .messageDivider.remove-panel{background-color:transparent}.messages .messageDivider.dark-theme{background-color:#272930;color:#f7f7f8}.messages .messageDivider.dark-theme.remove-panel{background-color:transparent}.dark-theme .messages .messageDivider{background-color:#272930;color:#f7f7f8}.dark-theme .messages .messageDivider.remove-panel{background-color:transparent}.messages .messageDivider.message-news{background-color:#fff}.messages .messageDivider.message-news.light-theme{background-color:#f7f7f8;color:#202227}.messages .messageDivider.message-news.light-theme.remove-panel{background-color:transparent}.light-theme .messages .messageDivider.message-news{background-color:#f7f7f8;color:#202227}.light-theme .messages .messageDivider.message-news.remove-panel{background-color:transparent}.messages .messageDivider.message-news.dark-theme{background-color:#272930;color:#f7f7f8}.messages .messageDivider.message-news.dark-theme.remove-panel{background-color:transparent}.dark-theme .messages .messageDivider.message-news{background-color:#272930;color:#f7f7f8}.dark-theme .messages .messageDivider.message-news.remove-panel{background-color:transparent}.messages .messageDivider.news-body{background-color:#fff}.messages .messageDivider.news-body.light-theme{background-color:#f7f7f8;color:#202227}.messages .messageDivider.news-body.light-theme.remove-panel{background-color:transparent}.light-theme .messages .messageDivider.news-body{background-color:#f7f7f8;color:#202227}.light-theme .messages .messageDivider.news-body.remove-panel{background-color:transparent}.messages .messageDivider.news-body.dark-theme{background-color:#272930;color:#f7f7f8}.messages .messageDivider.news-body.dark-theme.remove-panel{background-color:transparent}.dark-theme .messages .messageDivider.news-body{background-color:#272930;color:#f7f7f8}.dark-theme .messages .messageDivider.news-body.remove-panel{background-color:transparent}.messages .messageDivider.unread{background-color:#fff}.messages .messageDivider.unread.light-theme{background-color:#bcbec8}.messages .messageDivider.unread.light-theme.remove-panel{background-color:transparent}.light-theme .messages .messageDivider.unread{background-color:#bcbec8}.light-theme .messages .messageDivider.unread.remove-panel{background-color:transparent}.messages .messageDivider.unread.dark-theme{background-color:#494d5a}.messages .messageDivider.unread.dark-theme.remove-panel{background-color:transparent}.dark-theme .messages .messageDivider.unread{background-color:#494d5a}.dark-theme .messages .messageDivider.unread.remove-panel{background-color:transparent}.light-theme .messages .messageDivider.read,.light-theme .messages .messageDivider .read,.light-theme .messages .messageDivider.read.text,.light-theme .messages .messageDivider.read .text,.light-theme .messages .messageDivider .read.text,.light-theme .messages .messageDivider .read .text,.light-theme .messages .messageDivider.read.text-label,.light-theme .messages .messageDivider.read .text-label,.light-theme .messages .messageDivider .read.text-label,.light-theme .messages .messageDivider .read .text-label,.light-theme .messages .messageDivider.read.text-link,.light-theme .messages .messageDivider.read .text-link,.light-theme .messages .messageDivider .read.text-link,.light-theme .messages .messageDivider .read .text-link{color:#6a6f81}.dark-theme .messages .messageDivider.read,.dark-theme .messages .messageDivider .read,.dark-theme .messages .messageDivider.read.text,.dark-theme .messages .messageDivider.read .text,.dark-theme .messages .messageDivider .read.text,.dark-theme .messages .messageDivider .read .text,.dark-theme .messages .messageDivider.read.text-label,.dark-theme .messages .messageDivider.read .text-label,.dark-theme .messages .messageDivider .read.text-label,.dark-theme .messages .messageDivider .read .text-label,.dark-theme .messages .messageDivider.read.text-link,.dark-theme .messages .messageDivider.read .text-link,.dark-theme .messages .messageDivider .read.text-link,.dark-theme .messages .messageDivider .read .text-link{color:#bcbec8}.light-theme .messages .messageDivider.unread,.light-theme .messages .messageDivider .unread{color:#202227}.light-theme .messages .messageDivider.secondary.unread,.light-theme .messages .messageDivider .secondary.unread{color:#494d5a}.dark-theme .messages .messageDivider.unread,.dark-theme .messages .messageDivider .unread{color:#f7f7f8}.dark-theme .messages .messageDivider.secondary.unread,.dark-theme .messages .messageDivider .secondary.unread{color:#d5d7dd}.messages .news-body a,.messages .news-body a:active,.messages .news-body a:hover,.messages .news-body a:link,.messages .news-body a:visited{color:#70a0ff}.messages .news-body a:focus,.messages .news-body a:hover{text-decoration:underline}.messages{margin:9px 0}.messages.notifications-list{margin-top:18px}.messages .messageDivider{overflow:hidden;position:relative;padding:9px 15px}.messages .messageDivider.opened{height:auto}.messages .messageDivider:hover{cursor:pointer;box-shadow:inset 4px 0 0 0 #70a0ff}.messages .messageDivider .messageCheckbox{float:left;margin:14px 12px 0 0}.messages .messageDivider .avatar{float:left;margin-right:12px;box-shadow:none}@media screen and (max-width:767px){.messages .messageDivider .avatar{display:none}}.messages .messageDivider .roblox-message-summary{width:85%;width:calc(100% - 92px);position:relative;float:left}@media(max-width:991px){.messages .messageDivider .roblox-message-summary{width:84%;width:calc(100% - 104px)}}@media(max-width:767px){.messages .messageDivider .roblox-message-summary{width:90%;width:calc(100% - 44px)}}@media(max-width:543px){.messages .messageDivider .roblox-message-summary{width:84%;width:calc(100% - 44px)}}.messages .messageDivider .roblox-message-summary .message-summary-body .message-summary-username-block{overflow:hidden;text-overflow:ellipsis;white-space:nowrap;padding:3px 120px 0 0;display:flex;align-items:center}@media screen and (max-width:767px){.messages .messageDivider .roblox-message-summary .message-summary-body .message-summary-username-block .message-summary-username{display:none}}.messages .messageDivider .message-summary-date{position:absolute;top:0;right:0}.messages .messageDivider .roblox-message-title{padding-bottom:9px}.messages .messageDivider .roblox-message-title .roblox-message-subject{padding-top:4px;display:block}.messages .messageDivider .roblox-message-title .roblox-message-subject .username-container{display:flex}.messages .news-body{margin-top:6px;text-align:left;padding:15px;width:100%;overflow-x:auto}.inbox-buttons{padding:0;overflow:hidden;margin:12px 0}.inbox-buttons .message-detail-mark-archive{float:left;margin-right:12px}.inbox-buttons .roblox-message-back-btn{float:left;margin-right:12px;padding:6px}.message-detail{background-color:#fff}.message-detail.light-theme{background-color:#f7f7f8;color:#202227}.message-detail.light-theme.remove-panel{background-color:transparent}.light-theme .message-detail{background-color:#f7f7f8;color:#202227}.light-theme .message-detail.remove-panel{background-color:transparent}.message-detail.dark-theme{background-color:#272930;color:#f7f7f8}.message-detail.dark-theme.remove-panel{background-color:transparent}.dark-theme .message-detail{background-color:#272930;color:#f7f7f8}.dark-theme .message-detail.remove-panel{background-color:transparent}.message-detail{padding:15px;position:relative;margin:9px 0;word-break:break-word}.light-theme .message-detail .message-detail-body a,.light-theme .message-detail .message-detail-body a:active,.light-theme .message-detail .message-detail-body a:hover,.light-theme .message-detail .message-detail-body a:link,.light-theme .message-detail .message-detail-body a:visited{color:#202227}.light-theme .message-detail .message-detail-body a:focus,.light-theme .message-detail .message-detail-body a:hover{text-decoration:underline}.dark-theme .message-detail .message-detail-body a,.dark-theme .message-detail .message-detail-body a:active,.dark-theme .message-detail .message-detail-body a:hover,.dark-theme .message-detail .message-detail-body a:link,.dark-theme .message-detail .message-detail-body a:visited{color:#f7f7f8}.dark-theme .message-detail .message-detail-body a:focus,.dark-theme .message-detail .message-detail-body a:hover{text-decoration:underline}.message-detail .message-detail-body b,.message-detail .message-detail-body strong{font-weight:700}.message-detail .message-detail-body em,.message-detail .message-detail-body i{font-style:italic}.message-detail .roblox-send-message-subject{margin-bottom:12px;margin-right:80px}.message-detail .roblox-send-message-subject:after,.message-detail .roblox-send-message-subject:before{content:\" \";display:table}.message-detail .roblox-send-message-subject:after{clear:both}.message-detail .roblox-send-message-subject h2{margin:-12px 0 6px}.message-detail .roblox-send-message-subject .sender{display:flex;align-items:top;gap:10px}.message-detail .roblox-send-message-subject .roblox-send-message-content{padding-top:4px}.message-detail .roblox-send-message-subject .roblox-send-message-content .roblox-sender-link{display:flex;flex-direction:column;justify-content:space-between}.message-detail .roblox-send-message-subject .roblox-send-message-content .roblox-sender-link .username-container{display:flex;flex-direction:column}.message-detail .roblox-send-message-subject .roblox-send-message-content .roblox-sender-link .username-container .username-handle-container{display:flex;line-height:1.2em;font-size:14px}@media(max-width:767px){.message-detail .roblox-send-message-subject .roblox-send-message-content .roblox-sender-link .username-container .username-handle-container{font-size:12px}}.message-detail .roblox-send-message-subject .roblox-send-message-content .roblox-sender-link .date{display:block}.message-detail .roblox-send-message-subject .roblox-send-message-content .roblox-sender-link .date-detail{line-height:1em;display:flex}.message-detail .roblox-abuse-btn{position:absolute;top:12px;right:12px}.message-reply{background-color:#fff}.message-reply.light-theme{background-color:#f7f7f8;color:#202227}.message-reply.light-theme.remove-panel{background-color:transparent}.light-theme .message-reply{background-color:#f7f7f8;color:#202227}.light-theme .message-reply.remove-panel{background-color:transparent}.message-reply.dark-theme{background-color:#272930;color:#f7f7f8}.message-reply.dark-theme.remove-panel{background-color:transparent}.dark-theme .message-reply{background-color:#272930;color:#f7f7f8}.dark-theme .message-reply.remove-panel{background-color:transparent}.message-reply{padding:15px 0}.message-reply .messages-reply-box{border-radius:3px;display:block;width:100%;min-width:100%;max-width:100%;padding:12px;line-height:1.4em;outline:none;height:200px;margin-bottom:15px}.message-reply .message-reply-footer{overflow:hidden}.message-reply .message-reply-footer .roblox-sendMessage-action{float:right}@media screen and (max-width:767px){.message-reply .message-reply-footer .roblox-sendMessage-action{float:none}.message-reply .message-reply-footer .roblox-sendMessage-action .btn-primary-sm{width:100%}}.message-reply .message-reply-footer .include-previous-message{float:right;padding:5px 12px}@media screen and (max-width:767px){.message-reply .message-reply-footer .include-previous-message{width:100%;float:none;padding:12px 0}}.message-reply .message-reply-footer .text-warning{width:57%;padding-top:5px;display:block;overflow:hidden;float:left;line-height:1.4em}@media screen and (max-width:767px){.message-reply .message-reply-footer .text-warning{width:100%;float:none}}.action-panel{display:none}@media(max-width:767px){.bottom-nav .message-actions .action-buttons{background-color:#fff}.bottom-nav .message-actions .action-buttons.light-theme{background-color:#f7f7f8;color:#202227}.bottom-nav .message-actions .action-buttons.light-theme.remove-panel{background-color:transparent}.light-theme .bottom-nav .message-actions .action-buttons{background-color:#f7f7f8;color:#202227}.light-theme .bottom-nav .message-actions .action-buttons.remove-panel{background-color:transparent}.bottom-nav .message-actions .action-buttons.dark-theme{background-color:#272930;color:#f7f7f8}.bottom-nav .message-actions .action-buttons.dark-theme.remove-panel{background-color:transparent}.dark-theme .bottom-nav .message-actions .action-buttons{background-color:#272930;color:#f7f7f8}.dark-theme .bottom-nav .message-actions .action-buttons.remove-panel{background-color:transparent}}@media(max-width:767px){.bottom-nav .message-actions .messageCheckbox{display:none}.bottom-nav .message-actions .action-buttons{position:fixed;bottom:0;width:100%;padding:12px;left:0}.bottom-nav .message-actions .action-buttons .btn-control-sm{padding:4px;font-size:12px;line-height:100%;border-radius:3px}}@media(max-width:767px)and (max-width:543px){.bottom-nav .message-actions .action-buttons .btn-control-sm.roblox-archiveButton,.bottom-nav .message-actions .action-buttons .btn-control-sm.roblox-moveToInboxButton{width:100%}.bottom-nav .message-actions .action-buttons .btn-control-sm.roblox-markAsReadInbox,.bottom-nav .message-actions .action-buttons .btn-control-sm.roblox-markAsUnreadInbox{float:left;margin:12px 0 0;width:48%}.bottom-nav .message-actions .action-buttons .btn-control-sm.roblox-markAsReadInbox{margin-right:2%}.bottom-nav .message-actions .action-buttons .btn-control-sm.roblox-markAsUnreadInbox{margin-left:2%}}@media(max-width:767px){.bottom-nav .pager{display:none}}@media screen and (max-width:767px){.bottom-nav .pager,.top-nav .action-buttons{display:none}.messages-container #newmessage .new-message-content .content textarea{height:120px}.inbox-buttons .navigation-buttons button{width:auto;padding:5px;margin:0 0 0 9px}.inbox-buttons .navigation-buttons button .text{display:none}.inbox-buttons .navigation-buttons button .icon{display:block;width:20px;height:20px;background-size:40px auto}.inbox-buttons .navigation-buttons button .icon.icon-back{background-position:0 -380px}.inbox-buttons .navigation-buttons button .icon.icon-next{background-position:0 -360px}.message-reply .message-reply-footer .holder:after,.message-reply .message-reply-footer .holder:before{content:\" \";display:table}.message-reply .message-reply-footer .holder:after{clear:both}.new-message-footer .holder{padding-top:5px}.new-message-footer .holder:after,.new-message-footer .holder:before{content:\" \";display:table}.new-message-footer .holder:after{clear:both}.container-footer{z-index:-1}}@media screen and (max-width:543px){.new-message-back{position:absolute}.action-panel button{float:left;letter-spacing:0;width:48%;margin:5px 1%}.action-panel button:first-child{width:98%}.password-warning{width:100%}.messages .messageDivider{height:auto}.messageCheckbox #messageCheckbox{overflow:hidden;width:0}.message-actions .messageCheckbox{margin-right:0}.message-actions .messageCheckbox input{margin:10px 8px 0 14px}.message-actions .messageCheckbox .label-text{display:none}.message-reply textarea{height:120px}.messages-container h1{float:left}.messages-container .messages-nav{margin:7px 0;float:right}}.verified-badge-container{display:flex;align-items:center;margin-right:6px;line-height:1em}@media screen and (max-width:767px){.verified-badge-container{margin-right:4px}}.verified-badge-container .verified-badge-icon-message-sender{display:none;visibility:hidden}.verified-badge-container .verified-badge-icon-message-sender-rendered{margin-left:4px;width:16px;height:16px}@media screen and (max-width:767px){.verified-badge-container .verified-badge-icon-message-sender-rendered{margin-left:2px;width:12px;height:12px}}"
  }
}