{
  "metadata": {
    "timestamps": {
      "start": "2026-02-18T19:59:08.548068",
      "end": "2026-02-18T19:59:08.819527",
      "duration_ms": 271
    },
    "url": {
      "full": "https://js.rbxcdn.com/16b1982e81eea1ebbb4ce73345c7d91850e4494a96c19c0adc4ce1a6647a5145.js",
      "protocol": "https",
      "domain": "js.rbxcdn.com",
      "path": "/16b1982e81eea1ebbb4ce73345c7d91850e4494a96c19c0adc4ce1a6647a5145.js",
      "normalized_path": "/16b1982e81eea1ebbb4ce73345c7d91850e4494a96c19c0adc4ce1a6647a5145.js",
      "query": {}
    },
    "method": "GET",
    "status_code": 200,
    "size": {
      "request_bytes": 0,
      "response_bytes": 431,
      "compressed": false
    },
    "content_type": "application/javascript",
    "cache_status": "public, max-age=31536000"
  },
  "request": {
    "headers": {
      "sec-ch-ua-platform": "\"Linux\"",
      "user-agent": "Mozilla/5.0 (X11; Linux x86_64) AppleWebKit/537.36 (KHTML, like Gecko) Chrome/144.0.0.0 Safari/537.36",
      "sec-ch-ua": "\"Not(A:Brand\";v=\"8\", \"Chromium\";v=\"144\", \"Google Chrome\";v=\"144\"",
      "sec-ch-ua-mobile": "?0",
      "accept": "*/*",
      "sec-fetch-site": "cross-site",
      "sec-fetch-mode": "no-cors",
      "sec-fetch-dest": "script",
      "sec-fetch-storage-access": "none",
      "referer": "https://www.roblox.com/",
      "accept-encoding": "gzip, deflate, br, zstd",
      "accept-language": "en-US,en;q=0.9,fil;q=0.8",
      "priority": "u=2"
    },
    "payload": null
  },
  "response": {
    "headers": {
      "content-type": "application/javascript",
      "date": "Thu, 31 Jul 2025 19:16:40 GMT",
      "last-modified": "Thu, 31 Jul 2025 19:15:52 GMT",
      "content-encoding": "br",
      "x-amz-server-side-encryption": "AES256",
      "cache-control": "public, max-age=31536000",
      "x-amz-version-id": "_.h8Pk48eZETcMz2aryWDhtk4aq5hg5h",
      "server": "AmazonS3",
      "etag": "W/\"eb9547c327197eada6cfe8911b02e160\"",
      "vary": "accept-encoding, Origin",
      "x-cache": "Hit from cloudfront",
      "via": "1.1 1b7c94274bd830ddf26396883b21ed8a.cloudfront.net (CloudFront)",
      "x-amz-cf-pop": "MNL51-P1",
      "x-amz-cf-id": "FrIGJc8BuuidwbET3DB-6DapcF6XlgejmnGma1cVwTwpafI7x4cixA==",
      "age": "17426549",
      "rbx-cdn-provider": "aws",
      "timing-allow-origin": "*",
      "nel": "{\"report_to\":\"network-errors\",\"max_age\":604800,\"success_fraction\":0,\"failure_fraction\":0.05,\"response_headers\":[\"Rbx-Cdn-Provider\",\"vary\"]}",
      "report-to": "{\"group\":\"network-errors\",\"max_age\":604800,\"endpoints\":[{\"url\":\"https://ncs.roblox.com/upload\"}]}",
      "server-timing": "cdn-cache-hit,cdn-pop;desc=\"MNL51-P1\",cdn-rid;desc=\"FrIGJc8BuuidwbET3DB-6DapcF6XlgejmnGma1cVwTwpafI7x4cixA==\",cdn-hit-layer;desc=\"EDGE\",cdn-downstream-fbl;dur=0"
    },
    "body": "var Roblox = Roblox || {};\nRoblox.LangDynamic = Roblox.LangDynamic || {};\nRoblox.LangDynamic[\"Feature.DoNotDisturb\"] = {\"Label.DoNotDisturb\":\"Do not disturb\",\"Description.ParentSide.DoNotDisturb\":\"Select a daily time window to silence your child's mobile push notifications. Notifications will still be delivered to your child's device.\",\"Description.ChildSide.DoNotDisturb\":\"Select a daily time window to silence mobile push notifications. Notifications will still be delivered to your device.\",\"Label.DoNotDisturb.StartTime\":\"Start time\",\"Label.DoNotDisturb.EndTime\":\"End time\",\"Label.DoNotDisturb.AM\":\"am\",\"Label.DoNotDisturb.PM\":\"pm\",\"Label.DoNotDisturb.CapitalizedAM\":\"AM\",\"Label.DoNotDisturb.CapitalizedPM\":\"PM\",\"Label.Hour\":\"Hour\",\"Label.DoNotDisturb.AMPM\":\"AM/PM\",\"Description.DoNotDisturbTimePicker.StartTime\":\"Choose a start time\",\"Description.DoNotDisturbTimePicker.EndTime\":\"Choose an end time\",\"Label.DoNotDisturb.Hour\":\"Hour\",\"Label.DoNotDisturb.Minute\":\"Min\",\"Error.TimeWindowTooShort\":\"Select a time window at least one minute in duration\",\"Label.DoNotDisturbSettingInContext\":\"do not disturb setting\",\"Heading.DoNotDisturbSetting\":\"Do not disturb setting\",\"Label.DoNotDisturbSetting\":\"do not disturb setting\"};\nwindow.Roblox && window.Roblox.BundleDetector && window.Roblox.BundleDetector.bundleDetected(\"DynamicLocalizationResourceScript_Feature.DoNotDisturb\");\n"
  }
}