{
  "metadata": {
    "timestamps": {
      "start": "2026-02-18T19:56:58.389972",
      "end": "2026-02-18T19:56:58.461586",
      "duration_ms": 71
    },
    "url": {
      "full": "https://arkoselabs.roblox.com/fc/assets/ec-game-core/game-core/1.31.3/standard/main.ee68c2617da22072ebbe.js",
      "protocol": "https",
      "domain": "arkoselabs.roblox.com",
      "path": "/fc/assets/ec-game-core/game-core/1.31.3/standard/main.ee68c2617da22072ebbe.js",
      "normalized_path": "/{slug}/assets/{slug}/game-core/1.31.3/{slug}/main.ee68c2617da22072ebbe.js",
      "query": {}
    },
    "method": "GET",
    "status_code": 200,
    "size": {
      "request_bytes": 0,
      "response_bytes": 4548,
      "compressed": true
    },
    "content_type": "application/javascript",
    "cache_status": ""
  },
  "request": {
    "headers": {
      "sec-ch-ua-platform": "\"Linux\"",
      "user-agent": "Mozilla/5.0 (X11; Linux x86_64) AppleWebKit/537.36 (KHTML, like Gecko) Chrome/144.0.0.0 Safari/537.36",
      "sec-ch-ua": "\"Not(A:Brand\";v=\"8\", \"Chromium\";v=\"144\", \"Google Chrome\";v=\"144\"",
      "sec-ch-ua-mobile": "?0",
      "accept": "*/*",
      "sec-fetch-site": "same-origin",
      "sec-fetch-mode": "no-cors",
      "sec-fetch-dest": "script",
      "referer": "https://arkoselabs.roblox.com/fc/assets/ec-game-core/game-core/1.31.3/standard/index.html?session=4881895554c448373.7161280104&r=ap-southeast-1&meta=3&metabgclr=transparent&metaiconclr=%23757575&maintxtclr=%23b8b8b8&guitextcolor=%23474747&pk=476068BF-9607-4799-B53D-966BE98E2B81&at=40&rid=94&ag=101&cdn_url=https%3A%2F%2Farkoselabs.roblox.com%2Fcdn%2Ffc&surl=https%3A%2F%2Farkoselabs.roblox.com&smurl=https%3A%2F%2Farkoselabs.roblox.com%2Fcdn%2Ffc%2Fassets%2Fstyle-manager",
      "accept-encoding": "gzip, deflate, br, zstd",
      "accept-language": "en-US,en;q=0.9,fil;q=0.8",
      "cookie": "GuestData=UserID=-1784413165, RBXcb=RBXViralAcquisition%3Dtrue%26RBXSource%3Dtrue%26GoogleAnalytics%3Dtrue, RBXEventTrackerV2=CreateDate=10/04/2025 09:19:06&rbxid=7108482020&browserid=1759587403750002, _ga=GA1.1.1224127167.1759628996, _ga_F8VP9T1NT3=GS2.1.s1759628996$o1$g0$t1759629006$j50$l0$h0, __utmz=200924205.1769790118.9.3.utmcsr=appsflyer|utmccn=(not%20set)|utmcmd=cpa|utmcct=onelink, _gcl_au=1.1.445633669.1770730834, _scid=Wr9kCEc_3Nlyed1wABxVj3bEIIybNWtk, _scid_r=Wr9kCEc_3Nlyed1wABxVj3bEIIybNWtk, _fbp=fb.1.1770730835055.775171315334809685, _tt_enable_cookie=1, _ttp=01KH3WGKAR3H2AE8S5M5DX1J7W_.tt.1, ttcsid=1770730835310::miqHqGUEZxfvZ_nHbBwv.1.1770730835684.0, ttcsid_CSV31T3C77UDA0827220=1770730835307::XlXvMvpaVhbeZ9pnMwwy.1.1770730835685.0, _sctr=1%7C1770652800000, RBXSource=rbx_acquisition_time=02/10/2026 14:11:35&rbx_acquisition_referrer=&rbx_medium=cpa&rbx_source=appsflyer&rbx_campaign=onelink&rbx_adgroup=&rbx_keyword=&rbx_matchtype=&rbx_send_info=0, rbx-ip2=1, __utma=200924205.1785706367.1759587415.1770730834.1771414933.12, __utmb=200924205.0.10.1771414933, __utmc=200924205, RBXPaymentsFlowContext=6b863465-7439-4466-8678-42b7f0295720,"
    },
    "payload": null
  },
  "response": {
    "headers": {
      "content-type": "application/javascript",
      "last-modified": "Fri, 31 Oct 2025 07:23:09 GMT",
      "content-encoding": "gzip",
      "x-amz-server-side-encryption": "AES256",
      "x-amz-version-id": "mM0.fyVzuaNfMI1q_Up3kL3xDs16_bKB",
      "server": "cloudfront",
      "date": "Tue, 17 Feb 2026 22:54:22 GMT",
      "etag": "W/\"e3ddcd11c087dbc9949894bf31072408\"",
      "vary": "accept-encoding",
      "via": "1.1 3eafd911617df6700f1357b2dcc7380c.cloudfront.net (CloudFront)",
      "alt-svc": "h3=\":443\"; ma=86400",
      "age": "46958",
      "x-xss-protection": "1; mode=block",
      "referrer-policy": "strict-origin-when-cross-origin",
      "x-content-type-options": "nosniff",
      "strict-transport-security": "max-age=31536000; includeSubDomains",
      "accept-ch": "Device-Memory, Sec-CH-UA, Sec-CH-UA-Arch, Sec-CH-UA-Bitness, Sec-CH-DPR, Sec-CH-UA-Full-Version-List, Sec-CH-UA-Mobile, Sec-CH-UA-Model, Sec-CH-Viewport-Width, Sec-CH-UA-Platform, Sec-CH-UA-Platform-Version, Sec-CH-Width, Sec-CH-UA-Form-Factors",
      "server-timing": "cdn-cache-hit,cdn-pop;desc=\"MNL51-P2\",cdn-rid;desc=\"XqqtFDzTZCzdhc7Wcao0XZabieMjXPMCtgrE5h0f-V_6vuU8L26UeQ==\",cdn-hit-layer;desc=\"EDGE\",cdn-downstream-fbl;dur=2",
      "content-security-policy": "default-src 'self'; script-src 'self' 'nonce-krdQ2LKmBuZaAHJMxBw28g'; style-src 'self' 'nonce-krdQ2LKmBuZaAHJMxBw28g'; img-src 'self' cdn.funcaptcha.com cdn.arkoselabs.com blob: data:; media-src 'self' blob: data:; connect-src 'self'",
      "x-cache": "Hit from cloudfront",
      "x-amz-cf-pop": "MNL51-P2",
      "x-amz-cf-id": "XqqtFDzTZCzdhc7Wcao0XZabieMjXPMCtgrE5h0f-V_6vuU8L26UeQ=="
    },
    "body": "function gc_0l(m,R){var x=gc_0x();return gc_0l=function(l,S){l=l-0x111;var N=x[l];return N;},gc_0l(m,R);}function gc_0x(){var RB=['game-core','createElement','indexOf','lib.chunk.7f5079eed78578b7b8b6.js','542.vendors.abe0e64e95582406fe38.js','webpackChunkgame_core','1995570DljWdv','src','reduce','from','call','react','head','toStringTag','2580616HrxzIh','toString','onerror','exec','type','data-webpack','search','i18nlib','missing','226610daQzIR','setAttribute','default','catch','undefined','367.vendors.962986cb5de954426b21.js','apply','ChunkLoadError','length','then','target','nonce','getAttribute','forEach','1437064BvTYDr','timeout','parentNode','appendChild','1565806zlleRp','eager','17773aZNngj','3.2.3','name','consumes','utf-8','bind','styled-components','onload','load','__esModule','split','698.chunk.ab7fc667da7b46d1778a.js','17.0.2','script','156.chunk.b650e343f392f143d729.js','defineProperty','63YyamuJ','request','pop','map','5uTPpKV','hasOwnProperty','228309UnHrhp','all','loaded','message','318EUuFRd','object','push','constructor','prototype','removeChild','exports','378.chunk.f1945d53abd1f549c5ba.js','charset'];gc_0x=function(){return RB;};return gc_0x();}(function(m,R){var gc_0mp={m:0x139,R:0x121,x:0x14c,l:0x154,S:0x137,N:0x13d,a:0x123,W:0x11d,u:0x133,h:0x15d},A=gc_0l,x=m();while(!![]){try{var l=parseInt(A(gc_0mp.m))/0x1+parseInt(A(gc_0mp.R))/0x2+parseInt(A(gc_0mp.x))/0x3+parseInt(A(gc_0mp.l))/0x4*(-parseInt(A(gc_0mp.S))/0x5)+-parseInt(A(gc_0mp.N))/0x6*(-parseInt(A(gc_0mp.a))/0x7)+-parseInt(A(gc_0mp.W))/0x8+-parseInt(A(gc_0mp.u))/0x9*(parseInt(A(gc_0mp.h))/0xa);if(l===R)break;else x['push'](x['shift']());}catch(S){x['push'](x['shift']());}}}(gc_0x,0xca0a3),!(function(){var gc_0RP={m:0x126},gc_0Rq={m:0x14b,R:0x11c,x:0x128,l:0x13f},gc_0Rf={m:0x13f},gc_0Rk={m:0x13f,R:0x118},gc_0RU={m:0x111,R:0x129},gc_0RJ={m:0x15b},gc_0RC={m:0x111},gc_0Rv={m:0x111,R:0x151},gc_0RM={m:0x118},gc_0RS={m:0x13b},gc_0Rl={m:0x14e},gc_0RR={m:0x117,R:0x117,x:0x135,l:0x128},gc_0Rm={m:0x117},gc_0R9={m:0x157,R:0x117,x:0x13f,l:0x115},gc_0R8={m:0x12d,R:0x136},gc_0mr={m:0x113,R:0x153,x:0x132,l:0x132,S:0x12c},gc_0mD={m:0x13f,R:0x130,x:0x117,l:0x11b,S:0x14d,N:0x11b,a:0x159,W:0x147,u:0x145,h:0x127,M:0x11e,v:0x15e,F:0x11a,y:0x15e,I:0x14d,C:0x128,K:0x11e,E:0x156,p:0x156,J:0x12a,O:0x128,G:0x12a,j:0x152,U:0x120},gc_0ms={m:0x156,R:0x11f,x:0x142},gc_0mT={m:0x141,R:0x138,x:0x150},gc_0mB={m:0x13e,R:0x13e},gc_0mP={m:0x155,R:0x155,x:0x140,l:0x15a},gc_0mq={m:0x149,R:0x114,x:0x12e,l:0x131,S:0x14a,N:0x144},gc_0mw={m:0x14e},gc_0mf={m:0x132},gc_0mZ={m:0x12c},gc_0mk={m:0x143,R:0x150,x:0x143},gc_0md={m:0x143},mv=gc_0l,m=(function(){var O=!![];return function(G,j){var gc_0mJ={m:0x115},U=O?function(){var s=gc_0l;if(j){var H=j[s(gc_0mJ.m)](G,arguments);return j=null,H;}}:function(){};return O=![],U;};}()),x,S,N,W,M,v,F,y,I,C,K,E={0x227b:function(O,G,j){'use strict';var U=j(0x77d);j['n'](U)()(function(){});},0x77d:function(O,G,j){var gc_0mb={m:0x118,R:0x128,x:0x112},D=gc_0l;O[D(gc_0md.m)]=function(U){var r=D;Promise['all']([j['e'](0x287),j['e'](0x16f),j['e'](0x2ba),j['e'](0x9c)])[r(gc_0mb.m)](function(H){U(j(0x5ab));}[r(gc_0mb.R)](null,j))[r(gc_0mb.x)](j['oe']);};}},p={};function J(O){var Q=gc_0l,G=p[O];if(void 0x0!==G)return G[Q(gc_0mk.m)];var j=p[O]={'exports':{}};return E[O][Q(gc_0mk.R)](j[Q(gc_0mk.x)],j,j['exports'],J),j['exports'];}J['m']=E,J['c']=p,J['n']=function(O){var gc_0mi={m:0x111},n=gc_0l,G=O&&O[n(gc_0mZ.m)]?function(){var e=n;return O[e(gc_0mi.m)];}:function(){return O;};return J['d'](G,{'a':G}),G;},J['d']=function(O,G){var g=gc_0l;for(var j in G)J['o'](G,j)&&!J['o'](O,j)&&Object[g(gc_0mf.m)](O,j,{'enumerable':!0x0,'get':G[j]});},J['f']={},J['e']=function(O){var Y=gc_0l;return Promise['all'](Object['keys'](J['f'])[Y(gc_0mw.m)](function(G,j){return J['f'][j](O,G),G;},[]));},J['u']=function(O){var z=gc_0l;return 0x287===O?z(gc_0mq.m):0x16f===O?z(gc_0mq.R):0x2ba===O?z(gc_0mq.x):0x9c===O?z(gc_0mq.l):0x21e===O?z(gc_0mq.S):0x17a===O?z(gc_0mq.N):0x39c===O?'924.vendors.ea33e7ebaefd19354536.js':void 0x0;},J['g']=(function(){var X=gc_0l,O=m(this,function(){var t=gc_0l;return O[t(gc_0mP.m)]()['search']('(((.+)+)+)+$')[t(gc_0mP.R)]()[t(gc_0mP.x)](O)[t(gc_0mP.l)]('(((.+)+)+)+$');});O();if(X(gc_0mB.m)==typeof globalThis)return globalThis;try{return this||new Function('return this')();}catch(G){if(X(gc_0mB.R)==typeof window)return window;}}()),J['o']=function(O,G){var c=gc_0l;return Object[c(gc_0mT.m)][c(gc_0mT.R)][c(gc_0mT.x)](O,G);},x={},S='game-core:',J['l']=function(O,G,j,U){var m0=gc_0l;if(x[O])x[O][m0(gc_0mD.m)](G);else{var H,L;if(void 0x0!==j)for(var b=document['getElementsByTagName'](m0(gc_0mD.R)),k=0x0;k<b[m0(gc_0mD.x)];k++){var V=b[k];if(V[m0(gc_0mD.l)](m0(gc_0mD.S))==O||V[m0(gc_0mD.N)](m0(gc_0mD.a))==S+j){H=V;break;}}H||(L=!0x0,(H=document[m0(gc_0mD.W)]('script'))[m0(gc_0mD.u)]=m0(gc_0mD.h),H[m0(gc_0mD.M)]=0x78,J['nc']&&H[m0(gc_0mD.v)](m0(gc_0mD.F),J['nc']),H[m0(gc_0mD.y)]('data-webpack',S+j),H[m0(gc_0mD.I)]=O),x[O]=[G];var Z=function(q,P){var m1=m0;H[m1(gc_0ms.m)]=H['onload']=null,clearTimeout(w);var B=x[O];if(delete x[O],H[m1(gc_0ms.R)]&&H[m1(gc_0ms.R)][m1(gc_0ms.x)](H),B&&B['forEach'](function(T){return T(P);}),q)return q(P);},w=setTimeout(Z[m0(gc_0mD.C)](null,void 0x0,{'type':m0(gc_0mD.K),'target':H}),0x1d4c0);H[m0(gc_0mD.E)]=Z[m0(gc_0mD.C)](null,H[m0(gc_0mD.p)]),H[m0(gc_0mD.J)]=Z[m0(gc_0mD.O)](null,H[m0(gc_0mD.G)]),L&&document[m0(gc_0mD.j)][m0(gc_0mD.U)](H);}},J['r']=function(O){var m2=gc_0l;m2(gc_0mr.m)!=typeof Symbol&&Symbol[m2(gc_0mr.R)]&&Object[m2(gc_0mr.x)](O,Symbol[m2(gc_0mr.R)],{'value':'Module'}),Object[m2(gc_0mr.l)](O,m2(gc_0mr.S),{'value':!0x0});},(function(){var gc_0R5={m:0x148,R:0x13f,x:0x146,l:0x111,S:0x124,N:0x151,a:0x12f,W:0x129,u:0x117,h:0x13a,M:0x118},gc_0mt={m:0x13a,R:0x118},gc_0mg={m:0x13a,R:0x118},gc_0mQ={m:0x13b,R:0x122,x:0x14f};J['S']={};var O={},G={};J['I']=function(j,U){var gc_0R3={m:0x13a},m3=gc_0l;U||(U=[]);var H=G[j];if(H||(H=G[j]={}),!(U[m3(gc_0R5.m)](H)>=0x0)){if(U[m3(gc_0R5.R)](H),O[j])return O[j];J['o'](J['S'],j)||(J['S'][j]={});var L=J['S'][j],b=m3(gc_0R5.x),k=function(Z,w,q,P){var m4=m3,B=L[Z]=L[Z]||{},T=B[w];(!T||!T[m4(gc_0mQ.m)]&&(!P!=!T[m4(gc_0mQ.R)]?P:b>T[m4(gc_0mQ.x)]))&&(B[w]={'get':q,'from':b,'eager':!!P});},V=[];if(m3(gc_0R5.l)===j)k('i18nlib',m3(gc_0R5.S),function(){var m5=m3;return Promise[m5(gc_0mg.m)]([J['e'](0x287),J['e'](0x2ba)])[m5(gc_0mg.R)](function(){return function(){return J(0x26d3);};});}),k('react-dom','17.0.2',function(){var m6=m3;return Promise[m6(gc_0mt.m)]([J['e'](0x21e),J['e'](0x2ba)])[m6(gc_0mt.R)](function(){return function(){return J(0x606);};});}),k(m3(gc_0R5.N),m3(gc_0R5.a),function(){return J['e'](0x17a)['then'](function(){return function(){return J(0x1cd2);};});}),k(m3(gc_0R5.W),'5.3.5',function(){var m7=m3;return Promise[m7(gc_0R3.m)]([J['e'](0x39c),J['e'](0x2ba)])['then'](function(){return function(){return J(0xf54);};});});return V[m3(gc_0R5.u)]?O[j]=Promise[m3(gc_0R5.h)](V)[m3(gc_0R5.M)](function(){return O[j]=0x1;}):O[j]=0x1;}};}()),J['p']='',N=function(O){var m9=gc_0l,G=function(H){var m8=gc_0l;return H[m8(gc_0R8.m)]('.')[m8(gc_0R8.R)](function(L){return+L==L?+L:L;});},j=/^([^-+]+)?(?:-([^+]+))?(?:\\+(.+))?$/[m9(gc_0R9.m)](O),U=j[0x1]?G(j[0x1]):[];return j[0x2]&&(U[m9(gc_0R9.R)]++,U[m9(gc_0R9.x)][m9(gc_0R9.l)](U,G(j[0x2]))),j[0x3]&&(U['push']([]),U[m9(gc_0R9.x)][m9(gc_0R9.l)](U,G(j[0x3]))),U;},W=function(O,G){var mm=gc_0l;O=N(O),G=N(G);for(var j=0x0;;){if(j>=O[mm(gc_0Rm.m)])return j<G[mm(gc_0Rm.m)]&&'u'!=(typeof G[j])[0x0];var U=O[j],H=(typeof U)[0x0];if(j>=G[mm(gc_0Rm.m)])return'u'==H;var L=G[j],b=(typeof L)[0x0];if(H!=b)return'o'==H&&'n'==b||'s'==b||'u'==H;if('o'!=H&&'u'!=H&&U!=L)return U<L;j++;}},M=function(O,G){var mR=gc_0l;if(0x0 in O){G=N(G);var j=O[0x0],U=j<0x0;U&&(j=-j-0x1);for(var H=0x0,L=0x1,b=!0x0;;L++,H++){var k,V,Z=L<O[mR(gc_0RR.m)]?(typeof O[L])[0x0]:'';if(H>=G[mR(gc_0RR.R)]||'o'==(V=(typeof(k=G[H]))[0x0]))return!b||('u'==Z?L>j&&!U:''==Z!=U);if('u'==V){if(!b||'u'!=Z)return!0x1;}else{if(b){if(Z==V){if(L<=j){if(k!=O[L])return!0x1;}else{if(U?k>O[L]:k<O[L])return!0x1;k!=O[L]&&(b=!0x1);}}else{if('s'!=Z&&'n'!=Z){if(U||L<=j)return!0x1;b=!0x1,L--;}else{if(L<=j||V<Z!=U)return!0x1;b=!0x1;}}}else's'!=Z&&'n'!=Z&&(b=!0x1,L--);}}}var w=[],q=w[mR(gc_0RR.x)][mR(gc_0RR.l)](w);for(H=0x1;H<O['length'];H++){var P=O[H];w['push'](0x1==P?q()|q():0x2==P?q()&q():P?M(P,G):!q());}return!!q();},v=function(O,G,j){var mx=gc_0l,U=O[G];return(G=Object['keys'](U)[mx(gc_0Rl.m)](function(H,L){return!M(j,L)||H&&!W(H,L)?H:L;},0x0))&&U[G];},F=function(O){var ml=gc_0l;return O[ml(gc_0RS.m)]=0x1,O['get']();},y=function(O){var gc_0RN={m:0x118,R:0x128};return function(G,j,U,H){var mS=gc_0l,L=J['I'](G);return L&&L['then']?L[mS(gc_0RN.m)](O[mS(gc_0RN.R)](O,G,J['S'][G],j,U,H)):O(G,J['S'][G],j,U,H);};}(function(O,G,j,U,H){var L=G&&J['o'](G,j)&&v(G,j,U);return L?F(L):H();}),I={},C={0x2ba:function(){var mN=gc_0l;return y(mN(gc_0Rv.m),mN(gc_0Rv.R),[0x1,0x11,0x0,0x2],function(){var ma=mN;return J['e'](0x17a)[ma(gc_0RM.m)](function(){return function(){return J(0x1cd2);};});});},0x30d:function(){var mW=gc_0l;return y(mW(gc_0RC.m),'react-dom',[0x1,0x11,0x0,0x2],function(){return J['e'](0x21e)['then'](function(){return function(){return J(0x606);};});});},0x445:function(){var gc_0Rp={m:0x118},mu=gc_0l;return y('default',mu(gc_0RJ.m),[0x4,0x3,0x2,0x3],function(){var mh=mu;return J['e'](0x287)[mh(gc_0Rp.m)](function(){return function(){return J(0x26d3);};});});},0x17dc:function(){var mM=gc_0l;return y(mM(gc_0RU.m),mM(gc_0RU.R),[0x4,0x5,0x3,0x5],function(){return J['e'](0x39c)['then'](function(){return function(){return J(0xf54);};});});}},K={0x9c:[0x30d,0x445,0x17dc],0x2ba:[0x2ba]},J['f'][mv(gc_0RP.m)]=function(O,G){J['o'](K,O)&&K[O]['forEach'](function(j){var mF=gc_0l;if(J['o'](I,j))return G[mF(gc_0Rk.m)](I[j]);var U=function(b){var gc_0RH={m:0x143};I[j]=0x0,J['m'][j]=function(k){var my=gc_0l;delete J['c'][j],k[my(gc_0RH.m)]=b();};},H=function(b){delete I[j],J['m'][j]=function(k){throw delete J['c'][j],b;};};try{var L=C[j]();L[mF(gc_0Rk.R)]?G[mF(gc_0Rk.m)](I[j]=L[mF(gc_0Rk.R)](U)['catch'](H)):U(L);}catch(b){H(b);}});},(function(){var gc_0Rw={m:0x117},mE=mv,O={0xb3:0x0};J['f']['j']=function(U,H){var gc_0RZ={m:0x12b,R:0x158,x:0x15c,l:0x158,S:0x119,N:0x14d,a:0x13c,W:0x125,u:0x116,h:0x134},mI=gc_0l,L=J['o'](O,U)?O[U]:void 0x0;if(0x0!==L){if(L)H[mI(gc_0Rf.m)](L[0x2]);else{if(0x2ba!=U){var b=new Promise(function(Z,w){L=O[U]=[Z,w];});H[mI(gc_0Rf.m)](L[0x2]=b);var k=J['p']+J['u'](U),V=new Error();J['l'](k,function(Z){var mC=mI;if(J['o'](O,U)&&(0x0!==(L=O[U])&&(O[U]=void 0x0),L)){var w=Z&&(mC(gc_0RZ.m)===Z[mC(gc_0RZ.R)]?mC(gc_0RZ.x):Z[mC(gc_0RZ.l)]),q=Z&&Z['target']&&Z[mC(gc_0RZ.S)][mC(gc_0RZ.N)];V[mC(gc_0RZ.a)]='Loading chunk '+U+' failed.\\n('+w+': '+q+')',V[mC(gc_0RZ.W)]=mC(gc_0RZ.u),V[mC(gc_0RZ.l)]=w,V[mC(gc_0RZ.h)]=q,L[0x1](V);}},'chunk-'+U,U);}else O[U]=0x0;}}};var G=function(U,H){var mK=gc_0l,L,b,k=H[0x0],V=H[0x1],Z=H[0x2],w=0x0;if(k['some'](function(q){return 0x0!==O[q];})){for(L in V)J['o'](V,L)&&(J['m'][L]=V[L]);if(Z)Z(J);}for(U&&U(H);w<k[mK(gc_0Rw.m)];w++)b=k[w],J['o'](O,b)&&O[b]&&O[b][0x0](),O[b]=0x0;},j=self[mE(gc_0Rq.m)]=self[mE(gc_0Rq.m)]||[];j[mE(gc_0Rq.R)](G['bind'](null,0x0)),j['push']=G[mE(gc_0Rq.x)](null,j[mE(gc_0Rq.l)][mE(gc_0Rq.x)](j));}()),J(0x227b);}()));"
  }
}