{
  "metadata": {
    "timestamps": {
      "start": "2026-02-18T19:59:08.533205",
      "end": "2026-02-18T19:59:08.797151",
      "duration_ms": 263
    },
    "url": {
      "full": "https://js.rbxcdn.com/dfd90bc40e10169295336a3c676b8ebc5940230e3550629efb9e4c31cbf9ce89.js",
      "protocol": "https",
      "domain": "js.rbxcdn.com",
      "path": "/dfd90bc40e10169295336a3c676b8ebc5940230e3550629efb9e4c31cbf9ce89.js",
      "normalized_path": "/dfd90bc40e10169295336a3c676b8ebc5940230e3550629efb9e4c31cbf9ce89.js",
      "query": {}
    },
    "method": "GET",
    "status_code": 200,
    "size": {
      "request_bytes": 0,
      "response_bytes": 3617,
      "compressed": false
    },
    "content_type": "application/javascript",
    "cache_status": "public, max-age=31536000"
  },
  "request": {
    "headers": {
      "sec-ch-ua-platform": "\"Linux\"",
      "user-agent": "Mozilla/5.0 (X11; Linux x86_64) AppleWebKit/537.36 (KHTML, like Gecko) Chrome/144.0.0.0 Safari/537.36",
      "sec-ch-ua": "\"Not(A:Brand\";v=\"8\", \"Chromium\";v=\"144\", \"Google Chrome\";v=\"144\"",
      "sec-ch-ua-mobile": "?0",
      "accept": "*/*",
      "sec-fetch-site": "cross-site",
      "sec-fetch-mode": "no-cors",
      "sec-fetch-dest": "script",
      "sec-fetch-storage-access": "none",
      "referer": "https://www.roblox.com/",
      "accept-encoding": "gzip, deflate, br, zstd",
      "accept-language": "en-US,en;q=0.9,fil;q=0.8",
      "priority": "u=2"
    },
    "payload": null
  },
  "response": {
    "headers": {
      "content-type": "application/javascript",
      "date": "Tue, 10 Feb 2026 15:34:17 GMT",
      "last-modified": "Tue, 13 Jan 2026 21:45:14 GMT",
      "content-encoding": "br",
      "x-amz-server-side-encryption": "AES256",
      "cache-control": "public, max-age=31536000",
      "x-amz-version-id": "hCf4k0Ax5Y17WHON2gO3nXQ0VYvcbwEi",
      "server": "AmazonS3",
      "etag": "W/\"25f4d6bbd53544cdb1e2b990603bc643\"",
      "vary": "accept-encoding, Origin",
      "x-cache": "Hit from cloudfront",
      "via": "1.1 1b7c94274bd830ddf26396883b21ed8a.cloudfront.net (CloudFront)",
      "x-amz-cf-pop": "MNL51-P1",
      "x-amz-cf-id": "5peK3SzkSXyzBKlgjSrriHtHeVlZkl_iMba5KNlOaIqN1WgeRRk-Uw==",
      "age": "678293",
      "rbx-cdn-provider": "aws",
      "timing-allow-origin": "*",
      "nel": "{\"report_to\":\"network-errors\",\"max_age\":604800,\"success_fraction\":0,\"failure_fraction\":0.05,\"response_headers\":[\"Rbx-Cdn-Provider\",\"vary\"]}",
      "report-to": "{\"group\":\"network-errors\",\"max_age\":604800,\"endpoints\":[{\"url\":\"https://ncs.roblox.com/upload\"}]}",
      "server-timing": "cdn-cache-hit,cdn-pop;desc=\"MNL51-P1\",cdn-rid;desc=\"5peK3SzkSXyzBKlgjSrriHtHeVlZkl_iMba5KNlOaIqN1WgeRRk-Uw==\",cdn-hit-layer;desc=\"EDGE\",cdn-downstream-fbl;dur=0"
    },
    "body": "var Roblox = Roblox || {};\nRoblox.LangDynamic = Roblox.LangDynamic || {};\nRoblox.LangDynamic[\"Notifications.Preferences\"] = {\"Description.NotificationTypeDeveloperForumAnnouncement\":\"A new announcement has been posted on the Developer Forum\",\"Label.NotificationTypeDeveloperForumAnnouncement\":\"Developer Forum Announcement\",\"Description.CustomizeNotificationsChannels\":\"Customize notifications across channels and experiences.\",\"Description.NotificationTypeGroupChatMessage\":\"A friend sends me a message\",\"Label.NotificationTypeInAppNotifications\":\"In-App Notifications\",\"Label.NotificationTypeMobilePush\":\"Mobile Push Notifications\",\"Label.NotificationTypeExperienceNotification\":\"Experience Notifications\",\"Label.CreatedBy\":\"By {creator}\",\"Label.None\":\"None\",\"Label.Best\":\"Best\",\"Label.All\":\"All\",\"Label.SendNotificationsFrom\":\"Send me notifications from\",\"Heading.Notifications\":\"Notifications\",\"Description.CustomizeNotifications\":\"Customize push notifications for all logged in devices\",\"Label.NotificationsDisabled\":\"You don't have {platform} notifications turned on for this device.\",\"Label.NotificationDisabledWarning\":\"You won't be able to receive notifications until you enable them in device settings.\",\"Label.IOS\":\"iOS\",\"Label.Android\":\"Android\",\"Action.GotoSettings\":\"Go to Settings\",\"Action.EnableNotifications\":\"Enable Notifications\",\"Label.CategoryExperiences\":\"Experiences\",\"Label.CategoryFriends\":\"Friends\",\"Label.CategoryAvatar\":\"Avatar\",\"Label.CategoryRobloxPlatform\":\"Roblox Platform\",\"Label.NotificationTypeExperience\":\"Experience\",\"Label.NotificationTypeExperienceInvitation\":\"Experience Invitation\",\"Label.NotificationTypeGameUpdate\":\"Experience Updates\",\"Label.NotificationTypeFriendRequestAccepted\":\"Friend Request Accepted\",\"FriendRequestReceived\":\"FriendRequestReceived\",\"Label.NotificationTypeFriendRequestReceived\":\"Friend Request Received\",\"Label.NotificationTypeGroupJoinRequestAccepted\":\"Community Join Request Accepted\",\"Label.CategoryFriendsAndGroups\":\"Friends and Communities\",\"Description.NotificationTypeExperienceInvitation\":\"A friend invites me to an experience\",\"Description.NotificationTypeFriendRequestAccepted\":\"Someone accepts my friend request\",\"Description.NotificationTypeFriendRequestReceived\":\"I receive a friend request\",\"Description.NotificationTypeChatMessage\":\"Someone chats with me\",\"Label.NotificationTypeChatMessage\":\"Chat Message\",\"Description.NotificationTypeGameUpdate\":\"When an experience I follow sends an update\",\"Description.NotificationTypeGroupJoinRequestAccepted\":\"Someone accepts my community join request\",\"Label.CategoryExperienceGuidelines\":\"Content Maturity\",\"Label.NotificationTypeExperienceGuidelines\":\"Unsubscribe from emails about Content Maturity.\",\"Description.NotificationTypeExperienceGuidelines\":\"Content maturity labels of my experience are moderated\",\"Label.NotificationTypeVirtualEvent\":\"Experience Events\",\"Description.NotificationTypeVirtualEvent\":\"An experience event I subscribed to is live\",\"Label.NotificationTypeMatchedContact\":\"Contacts on Roblox\",\"Description.NotificationTypeMatchedContact\":\"Someone in my contacts is on Roblox\",\"Label.NotificationTypeRightToErasureRequest\":\"Right to Erasure Request\",\"Description.NotificationTypeRightToErasureRequest\":\"User has submitted a right to erasure request to delete their personal information\",\"Label.CategoryCompliance\":\"Compliance\",\"Description.CategoryCompliance\":\"Actions required to be compliant with various regulations\",\"Label.NotificationTypeOAuthAppReviewed\":\"Application Reviewed\",\"Label.CategoryOauth2\":\"OAuth 2.0 Apps\",\"Description.NotificationTypeOAuthAppReviewed\":\"My application has been reviewed\",\"Label.CategoryCloudServices\":\"Cloud Services\",\"Description.NotificationTypeCloudServices\":\"There are issues related to Cloud Services such as Memory Stores in your experiences\",\"Label.NotificationTypeCloudServices\":\"Cloud Services Notification\",\"Label.CategoryCreatorOutreach\":\"Creator Outreach\",\"Label.NotificationTypeCreatorSentimentSurvey\":\"Creator Sentiment Survey\",\"Label.NotificationTypeCreatorFeedbackSurvey\":\"Creator Feedback Survey\",\"Description.NotificationTypeCreatorFeedbackSurvey\":\"I am selected for a feedback survey\",\"Description.CategoryCreatorOutreach\":\"Notifications about your creator experience, such as invitations to participate in surveys\",\"Description.NotificationTypeCreatorAnalyticsSummary\":\"Weekly analytics summary with personalized insights\",\"Label.NotificationTypeCreatorAnalyticsSummary\":\"Experience Analytics Summary\",\"Label.CategoryCreatorAnalytics\":\"Analytics\",\"Description.CategoryCreatorAnalytics\":\"Statistics and insights about your Roblox creations\",\"Label.CategoryMarketing\":\"Marketing\",\"Label.NotificationTypePromotionalEmails\":\"Promotional Emails\",\"Description.UnsubscribeFromCreatorAnalyticsSummary\":\"Stop sending me Experience Analytics Summaries\",\"Description.UnsubscribeFromOAuthAppReviewed\":\"Stop notifying me about my OAuth 2.0 app application results\",\"Description.CategoryOauth2\":\"Notifications about your OAuth 2.0 apps, such as updates on the review process\",\"Message.VirtualEventOngoingTitle\":\"Happening Now: {title}\",\"Label.NotificationTypeExperiencePermissions\":\"Permissions\",\"Description.NotificationTypeExperiencePermissions\":\"My experiences' permissions have changed\",\"Description.UnsubscribeFromExperiencePermissions\":\"Stop notifying me about experience permission changes\",\"Description.NotificationTypePromotionalEmails\":\"Receive emails from Roblox about newest releases, limited-time promotions, and more\",\"Description.CategoryCreatorExperienceUpdates\":\"Updates about changes to experiences that you have access to.\",\"Label.CategoryCreatorExperienceUpdates\":\"Experience Updates\",\"Label.NotificationTypePresenceGameJoin\":\"Friend In Experience\",\"Description.NotificationTypePresenceGameJoin\":\"A friend enters an experience when I am offline\",\"Label.Off\":\"Off\",\"Label.On\":\"On\",\"Description.CategoryExperienceGuidelines\":\"Notifications about content maturity labels, such as compliancy requirements\",\"Label.NotificationTypeContentModeration\":\"Content Moderation\",\"Description.NotificationTypeContentModeration\":\"My creations are rejected by moderation\",\"Description.UnsubscribeFromContentModeration\":\"Stop notifying me about moderation results of my creations\",\"Label.CategoryContentModeration\":\"Content Moderation\",\"Description.CategoryContentModeration\":\"Moderation result of your creations\",\"Label.InApp\":\"In-app\",\"Label.Push\":\"Push\",\"Description.CustomizeNotificationsV2\":\"Customize notifications for all logged in devices\",\"Label.CategoryPlatformFeedback\":\"Platform Feedback\",\"Description.CategoryPlatformFeedback\":\"Notifications when you submit feedback, such as bug reports and feature requests\",\"Label.NotificationTypeForumLink\":\"Forum Link\",\"Description.NotificationTypeForumLink\":\"Updates regarding submitted feedback\",\"Description.SuccessDialogMessage\":\"Saved Successfully!\\n\\n\",\"Description.NotificationTypeExperienceEditPermissions\":\"My edit permissions have changed\\t\",\"Description.UnsubscribeFromExperienceEditPermissions\":\"Stop notifying me about my edit permission changes\\t\",\"Label.NotificationTypeExperienceEditPermissions\":\"Edit Permissions\\t\",\"Description.NotificationTypeExperiencePlayPermissions\":\"My play permissions have been changed by a friend\",\"Description.UnsubscribeFromExperiencePlayPermissions\":\"Stop notifying me about my play permission changes\\t\",\"Label.NotificationTypeExperiencePlayPermissions\":\"Play Permissions\",\"Label.CategoryCreatorExperiencePermissions\":\"Collaboration\\n\",\"Description.CategoryCreatorExperiencePermissions\":\"Notifications about collaboration changes to experiences, such as edit permissions\",\"Label.FooterSentMessage\":\"Sent by Roblox\",\"Label.FooterManagePreferences\":\"Manage Preferences\",\"Label.FooterHelpCenter\":\"Help Center\",\"Label.FooterUnsubscribe\":\"Unsubscribe\",\"Label.FooterEmailUnsubscribeText\":\"from emails like this\",\"Label.NotificationTypeRightsManagement\":\"Rights Management\",\"Description.NotificationTypeRightsManagement\":\"Updates related to your intellectual property rights and takedown requests\",\"Description.UnsubscribeFromRightsManagement\":\"Stop notifying me about changes related to intellectual property and takedown requests\",\"Label.CategoryRightsManagement\":\"Rights Management\",\"Description.CategoryRightsManagement\":\"Updates related to your intellectual property rights and takedown requests\",\"Label.NotificationTypeNewGroupInvitation\":\"New Community Invitation\",\"Description.NotificationTypeNewGroupInvitation\":\"Someone invited you to join their Group.\",\"Description.UnsubscribeFromNewGroupInvitation\":\"Stop notifying me when I receive invitations to join Communities on the Creator Hub.\",\"Label.CategoryGroups\":\"Communities\",\"Description.CategoryGroups\":\"Notifications about Groups, such as invitations to join.\",\"Description.CategoryCreatorGroups\":\"Notifications about Groups, such as invitations to join.\",\"Label.CategoryCreatorGroups\":\"Groups\",\"Description.CategoryCloudServices\":\"Notifications about Cloud Services, such as resource usage and API requests\",\"Label.NotificationTypeCreatorStore\":\"Creator Store Seller Account Status Notifications\",\"Description.NotificationTypeCreatorStoreSellerAccountStatusUpdated\":\"An update has occurred to your account status on the Creator Store\",\"Description.UnsubscribeFromCreatorStoreSellerAccountStatusUpdated\":\"Updates to my Creator Store account status\",\"Label.CategoryCreatorStore\":\"Creator Store\",\"Description.CategoryCreatorStore\":\"Notifications about your Creator Store account or Creator Store products.\",\"Description.Experiences\":\"Activity updates from experiences you have turned on notifications for\",\"Description.NotificationTypeCreatorStore\":\"Updates on my Creator Store account.\",\"Action.Cancel\":\"Cancel\",\"Action.TurnOff\":\"Turn Off\",\"Action.ShowMore\":\"Show More\",\"Heading.AreYouSure\":\"Are You Sure?\",\"Body.TurnOffExperienceNotifications\":\"You'll no longer receive notifications from {experienceName}\",\"Description.NotificationTypeCreatorStorePayouts\":\"Updates on my Creator Store payouts\",\"Label.NotificationTypeCreatorStorePayouts\":\"Creator Store Seller Payout Notifications\",\"Label.NotificationTypeCreatorStoreAccount\":\"Creator Store Seller Account Status Notifications\",\"Description.NotificationTypeCreatorStoreAccount\":\"Updates to my Creator Store seller account\",\"Label.NotificationTypeSubscription\":\"Subscriptions\",\"Description.NotificationTypeSubscription\":\"Notifications related to subscription status including upcoming renewals and payment issues\",\"Label.NotificationTypeSubscriptionCancelled\":\"Subscription Cancelled\",\"Label.NotificationTypeSubscriptionPurchased\":\"Subscription Purchased\",\"Description.NotificationTypeSubscriptionPurchased\":\"User has purchased a subscription\",\"Description.NotificationTypeSubscriptionRenewed\":\"User has renewed their subscription\",\"Description.NotificationTypeSubscriptionRefunded\":\"The user has received a refund for their subscription\",\"Description.NotificationTypeSubscriptionCancelled\":\"The user's subscription was cancelled\",\"Label.NotificationTypeSubscriptionRefunded\":\"Subscription Refunded\",\"Label.CategorySubscriptions\":\"Subscriptions\",\"Label.NotificationTypeSubscriptionRenewed\":\"Subscription Renewed\",\"Description.NotificationTypeCommunityEvent\":\"An official Roblox event is happening\",\"Label.NotificationTypeCommunityEvent\":\"Roblox Community Events\",\"Label.NotificationTypeGroupAnnouncement\":\"Community Announcements\",\"Description.NotificationTypeGroupAnnouncement\":\"A community I subscribe to has a new announcement\",\"Description.GroupNotification\":\"Activity updates from communities you have turned on notifications for\",\"Label.NotificationTypeGroupNotification\":\"Community Notifications\",\"Description.NotificationTypeMarketingEmails\":\"Stay in the know with occasional emails\",\"Label.NotificationTypeEmail\":\"Email\",\"Label.NotificationTypeMarketingEmails\":\"Announcements, updates, and offers\",\"Description.NotificationTypeDevExAnnouncement\":\"Winter break, Tax Form and other DevEx announcement\",\"Label.NotificationTypeDevExAnnouncement\":\"Developer Experience Announcement\",\"Label.NotificationTypeSubscriptionResubscribed\":\"Subscription Resubscribed\",\"Description.NotificationTypeSubscriptionResubscribed\":\"User has resubscribed their subscription\",\"Label.CategoryExperienceManagement\":\"Experience Management\",\"Description.CategoryExperienceManagement\":\"Notifications about your experience, such as genre changes or new compliancy requirements\",\"Label.NotificationTypeExperienceGenre\":\"Experience Genre\",\"Description.NotificationTypeExperienceGenre\":\"Experience genre updates by Roblox and appeal decisions\",\"Description.UnsubscribeFromExperienceGenre\":\"Stop notifying me about experience genre updates by Roblox and appeal decisions\",\"Label.ParentalControls\":\"Parent\",\"Label.NotificationTypeOwnershipTransferStatusUpdate\":\"Ownership Transfer Status Update\",\"Description.NotificationTypeOwnershipTransferStatusUpdate\":\"You have an update about ownership transfer status\",\"Description.UnsubscribeFromOwnershipTransferStatusUpdate\":\"Unsubscribe from Ownership Transfer Status Updates\",\"Label.CategoryCommerce\":\"Commerce\",\"Label.NotificationTypeCommerceProductOrderPaid\":\"Commerce Product Order Paid\",\"Label.NotificationTypeCommerceProductOrderRefunded\":\"Commerce Product Order Refunded\",\"Description.NotificationTypeCommerceProductOrderPaid\":\"The user has paid for their commerce product order.\",\"Description.NotificationTypeCommerceProductOrderRefunded\":\"The user has received a refund for their commerce product order.\",\"Label.NotificationTypeContentMaturity\":\"Unsubscribe from emails about Content Maturity.\",\"Description.NotificationTypeContentMaturity\":\"Content maturity labels of my experience are moderated\",\"Description.GroupForumsSubscriberNotification\":\"A forum post I subscribe to has new content\",\"Label.GroupForumsCommentCreated\":\"Community Forum Comments\",\"Description.GroupForumsCommentCreated\":\"A forum post I created has a new comment\",\"Label.GroupForumsCommentReplyCreated\":\"Community Forum Replies\",\"Description.GroupForumsCommentReplyCreated\":\"A forum comment I made has a new reply\",\"Label.GroupForumsSubscriberNotification\":\"Community Forum Post Subscriptions\",\"Label.NotificationTypeGroupForumsCommentCreated\":\"Community Forum Comments\",\"Label.NotificationTypeGroupForumsCommentReplyCreated\":\"Community Forum Replies\",\"Label.NotificationTypeGroupForumsSubscriberNotification\":\"Community Forum Post Subscriptions\",\"Description.NotificationTypeGroupForumsCommentCreated\":\"A forum post I created has a new comment\",\"Description.NotificationTypeGroupForumsCommentReplyCreated\":\"A forum comment I made has a new reply\",\"Description.NotificationTypeGroupForumsSubscriberNotification\":\"A forum post I subscribe to has new content\",\"Label.NotificationTypePlaceCommentTag\":\"Place Comment Tag\",\"Description.NotificationTypePlaceCommentTag\":\"When someone mentions you in a comment\",\"Description.UnsubscribeFromPlaceCommentTag\":\"Stop notifying me about comments in my Places in Studio\",\"Label.NotificationTypeConnectionRequestReceived\":\"Connection Request Received\",\"Description.NotificationTypeConnectionRequestReceived\":\"I receive a Connection request\",\"Label.NotificationTypeConnectionRequestAccepted\":\"Connection Request Accepted\",\"Description.NotificationTypeConnectionRequestAccepted\":\"Someone accepts my Connection request\",\"Description.NotificationTypeExperienceInvitationFromConnection\":\"A Connection invites me to an experience\",\"Description.NotificationTypePlaceCommentDigest\":\"When comments digest is ready\",\"Label.NotificationTypePlaceCommentDigest\":\"Place Comment Digest\",\"Description.NotificationTypePlaceCommentReply\":\"When someone replies to a thread you follow\",\"Label.NotificationTypePlaceCommentReply\":\"Place Comment Reply\",\"Label.NotificationTypePlaceCommentResolve\":\"Place Comment Resolve\",\"Description.NotificationTypePlaceCommentResolve\":\"When someone resolves or re-opens a thread you follow\",\"Label.CategoryComments\":\"Comments\",\"Description.CategoryComments\":\"Select notifications you want to receive about comment activity in places, such as replies and mentions.\",\"Description.UnsubscribeFromPlaceCommentDigest\":\"Stop sending me digests about comment activity in my places\",\"Description.CategoryCreatorComments\":\"Select notifications you want to receive about comment activity in places, such as replies and mentions.\",\"Label.CategoryCreatorComments\":\"Comments\",\"Description.NotificationTypeExpResultsReadyPublic\":\"An experiment is ready for my decision\",\"Label.NotificationTypeExpResultsReadyPublic\":\"Experiment Results Ready\",\"Heading.CategoryCreatorAnalytics\":\"Analytics\",\"Label.NotificationTypeTimedOptionsBulkUpdate\":\"Timed Options Bulk Updated\",\"Description.NotificationTypeTimedOptionsBulkUpdate\":\"Timed options bulk changes on my items.\",\"Description.UnsubscribeFromTimedOptionsBulkUpdate\":\"Timed options bulk updates to your items\",\"Label.CategoryAvatarItems\":\"Avatar Items\"};\nwindow.Roblox && window.Roblox.BundleDetector && window.Roblox.BundleDetector.bundleDetected(\"DynamicLocalizationResourceScript_Notifications.Preferences\");\n"
  }
}