{
  "metadata": {
    "timestamps": {
      "start": "2026-02-18T19:59:00.097265",
      "end": "2026-02-18T19:59:00.429385",
      "duration_ms": 332
    },
    "url": {
      "full": "https://css.rbxcdn.com/a7dcbe7695e3d0afe272bd998dc7a65c88791f94713b6622614b721917a42897-Friends.css",
      "protocol": "https",
      "domain": "css.rbxcdn.com",
      "path": "/a7dcbe7695e3d0afe272bd998dc7a65c88791f94713b6622614b721917a42897-Friends.css",
      "normalized_path": "/a7dcbe7695e3d0afe272bd998dc7a65c88791f94713b6622614b721917a42897-Friends.css",
      "query": {}
    },
    "method": "GET",
    "status_code": 200,
    "size": {
      "request_bytes": 0,
      "response_bytes": 1986,
      "compressed": true
    },
    "content_type": "text/css",
    "cache_status": "public, max-age=29205364"
  },
  "request": {
    "headers": {
      "sec-ch-ua-platform": "\"Linux\"",
      "user-agent": "Mozilla/5.0 (X11; Linux x86_64) AppleWebKit/537.36 (KHTML, like Gecko) Chrome/144.0.0.0 Safari/537.36",
      "sec-ch-ua": "\"Not(A:Brand\";v=\"8\", \"Chromium\";v=\"144\", \"Google Chrome\";v=\"144\"",
      "sec-ch-ua-mobile": "?0",
      "accept": "text/css,*/*;q=0.1",
      "sec-fetch-site": "cross-site",
      "sec-fetch-mode": "no-cors",
      "sec-fetch-dest": "style",
      "sec-fetch-storage-access": "none",
      "referer": "https://www.roblox.com/",
      "accept-encoding": "gzip, deflate, br, zstd",
      "accept-language": "en-US,en;q=0.9,fil;q=0.8",
      "priority": "u=0"
    },
    "payload": null
  },
  "response": {
    "headers": {
      "x-amz-id-2": "MhfNEkYRlMDjkCVHD9AmN9KA2fjtLvLWnpt5cliwOLFSLBD1n4cm+wx1cKZIQ13wc++bi5f7lVs=",
      "x-amz-request-id": "A8EGPVM54QQF0766",
      "last-modified": "Tue, 02 Dec 2025 06:22:18 GMT",
      "etag": "\"278c210320d62b3febe2747b5e67b1bc\"",
      "x-amz-server-side-encryption": "AES256",
      "x-amz-version-id": "lAmtzSA4H3aR2LLd58rJSGd6oTewTsIn",
      "accept-ranges": "bytes",
      "content-type": "text/css",
      "server": "AmazonS3",
      "vary": "Accept-Encoding",
      "content-encoding": "gzip",
      "cache-control": "public, max-age=29205364",
      "date": "Wed, 18 Feb 2026 11:59:01 GMT",
      "content-length": "1986",
      "akamai-request-bc": "[a=1.37.68.182,b=445452054,c=g,n=PH_00_QUEZONCITY,o=4775]",
      "nel": "{\"report_to\":\"network-errors\",\"max_age\":604800,\"success_fraction\":0,\"failure_fraction\":0.05}",
      "report-to": "{\"group\":\"network-errors\",\"max_age\":604800,\"endpoints\":[{\"url\":\"https://ncs.roblox.com/upload\"}]}",
      "rbx-cdn-provider": "ak",
      "access-control-expose-headers": "Rbx-Cdn-Provider,Akamai-Request-BC",
      "access-control-allow-origin": "*"
    },
    "body": ".friend-recommendations-section{margin:0 auto}.friend-recommendations-section .container-header{margin:0 0 12px}.friend-recommendations-section .friend-recommendations-content{overflow-x:hidden}.friend-recommendations-section .friend-recommendations-content .scroller.next{right:0}.friend-recommendations-section .friend-recommendations-content .scroller:not(.next){left:0}.friend-recommendations-section .friend-recommendations-content .scroller{width:30px;height:100%;padding:0}.friend-recommendations-section .friend-recommendations-content .scroller .arrow{height:auto;left:50%;transform:translateX(-75%)}.friend-recommendations-section .friend-recommendations-content .animate-scroll{transition:left 1s}.friend-recommendations-section .friend-recommendations-content .friend-recommendations-container{display:inline;white-space:nowrap;position:relative}.friend-recommendations-section .friend-recommendations-content .friend-recommendations-container .friend-recommendations-list-item{display:inline-block;float:none;white-space:normal}.friend-recommendations-section .friend-recommendations-content .friend-recommendations-container .friend-recommendations-list-item .friend-recommendation-item{background-color:#fff}.friend-recommendations-section .friend-recommendations-content .friend-recommendations-container .friend-recommendations-list-item .friend-recommendation-item.light-theme{background-color:#f7f7f8;color:#202227}.friend-recommendations-section .friend-recommendations-content .friend-recommendations-container .friend-recommendations-list-item .friend-recommendation-item.light-theme.remove-panel{background-color:transparent}.light-theme .friend-recommendations-section .friend-recommendations-content .friend-recommendations-container .friend-recommendations-list-item .friend-recommendation-item{background-color:#f7f7f8;color:#202227}.light-theme .friend-recommendations-section .friend-recommendations-content .friend-recommendations-container .friend-recommendations-list-item .friend-recommendation-item.remove-panel{background-color:transparent}.friend-recommendations-section .friend-recommendations-content .friend-recommendations-container .friend-recommendations-list-item .friend-recommendation-item.dark-theme{background-color:#272930;color:#f7f7f8}.friend-recommendations-section .friend-recommendations-content .friend-recommendations-container .friend-recommendations-list-item .friend-recommendation-item.dark-theme.remove-panel{background-color:transparent}.dark-theme .friend-recommendations-section .friend-recommendations-content .friend-recommendations-container .friend-recommendations-list-item .friend-recommendation-item{background-color:#272930;color:#f7f7f8}.dark-theme .friend-recommendations-section .friend-recommendations-content .friend-recommendations-container .friend-recommendations-list-item .friend-recommendation-item.remove-panel{background-color:transparent}.friend-recommendations-section .friend-recommendations-content .friend-recommendations-container .friend-recommendations-list-item .friend-recommendation-item{width:138px;height:222px;padding:12px;margin:0 12px 0 0;float:left}.friend-recommendations-section .friend-recommendations-content .friend-recommendations-container .friend-recommendations-list-item .friend-recommendation-item .friend-recommendation-link .avatar-headshot{width:90px;height:90px;margin:0 12px;float:left}.friend-recommendations-section .friend-recommendations-content .friend-recommendations-container .friend-recommendations-list-item .friend-recommendation-item .friend-recommendation-link .friend-recommendation-info{width:114px;height:54px;margin:9px 0;float:left;text-align:center;line-height:1em}.friend-recommendations-section .friend-recommendations-content .friend-recommendations-container .friend-recommendations-list-item .friend-recommendation-item .friend-recommendation-link .friend-recommendation-info .friend-recommendation-name{width:100%;float:left;margin-bottom:2px}.friend-recommendations-section .friend-recommendations-content .friend-recommendations-container .friend-recommendations-list-item .friend-recommendation-item .friend-recommendation-link .friend-recommendation-info .mutual-friends-tooltip-label{width:114px;padding:0;margin:0}.friend-recommendations-section .friend-recommendations-content .friend-recommendations-container .friend-recommendations-list-item .friend-recommendation-item .add-friend-button{width:114px;height:36px;padding:0}.friend-recommendations-section .friend-recommendations-content-with-scrollers{padding:0 30px}@media(max-width:991px){.friend-recommendations-section .friend-recommendations-content-with-scrollers{margin-left:15px;margin-right:15px}}.verified-badge-icon,.verified-badge-text-container{display:none}.badgeSizeCaptionheader,.badgeSizeFooter,.badgeSizeHeader,.badgeSizeSubheader,.badgeSizeTitle{position:relative;overflow:hidden}.badgeSizeTitle{width:28px;height:28px}.badgeSizeFooter{width:12px;height:12px}.badgeSizeCaptionheader,.badgeSizeHeader,.badgeSizeSubheader{width:16px;height:16px}.hz-centered-badge-container{margin:5px 0;display:flex;justify-content:center}.verified-badge-friends-img{display:inline-block;margin-left:4px;width:16px;height:16px}@media(max-width:543px){.verified-badge-friends-img{margin-left:2px;width:12px;height:12px}}.content{max-width:970px}.content .friends-filter{margin:0 0 0 6px;display:inline-flex;float:right}@media(max-width:767px){.content .friends-filter{flex-direction:column;float:none;width:100%;padding-right:12px}}.content .friends-filter .dropdown{display:inline-block;width:165px}@media(max-width:767px){.content .friends-filter .dropdown{width:auto;margin:4px 0 0}}.content .friends-filter .dropdown button{font-weight:300;height:36px}.light-theme .content .friends-filter .dropdown button{border-color:rgba(0,0,0,.3)}.light-theme .content .friends-filter .dropdown button:focus-within{border-color:#494d5a}.dark-theme .content .friends-filter .dropdown button{border-color:hsla(0,0%,100%,.3)}.dark-theme .content .friends-filter .dropdown button:focus-within{border-color:#d5d7dd}.content .friends-filter .dropdown .rbx-selection-label{max-width:90%;max-width:calc(100% - 20px);text-overflow:ellipsis;overflow:hidden}.content .friends-filter .search-bar{display:inline-block;width:220px}.content .friends-filter .friends-filter-searchbar-container{border-radius:8px;height:36px;width:300px;display:inline-flex;align-items:center;margin:0 2px 2px 0;padding:5px 6px}@media(max-width:767px){.content .friends-filter .friends-filter-searchbar-container{width:auto;margin:0 0 2px}}.light-theme .content .friends-filter .friends-filter-searchbar-container{border-color:rgba(0,0,0,.3)}.light-theme .content .friends-filter .friends-filter-searchbar-container:focus-within{border-color:#494d5a}.dark-theme .content .friends-filter .friends-filter-searchbar-container{border-color:hsla(0,0%,100%,.3)}.dark-theme .content .friends-filter .friends-filter-searchbar-container:focus-within{border-color:#d5d7dd}.content .friends-filter .friends-filter-searchbar-container .icon-search{background-size:40px auto;width:20px;height:20px;background-position:0 -20px;margin:0 2px}.content .friends-filter .friends-filter-searchbar-container .friends-filter-searchbar-input{font-size:16px;font-weight:300;height:22px;width:100%;line-height:22px;background:transparent;border:none}.light-theme .content .friends-filter .friends-filter-searchbar-container .friends-filter-searchbar-input::placeholder{color:#202227}.dark-theme .content .friends-filter .friends-filter-searchbar-container .friends-filter-searchbar-input::placeholder{color:#f7f7f8}.content .friends-filter .friends-filter-searchbar-container .friends-filter-searchbar-input:focus{outline:none}.content .friends-subtitle{margin:4px 0 0 6px;display:inline-block}.content .tooltip-container .icon-moreinfo{background-position:0 -200px;background-size:40px auto;width:20px;height:20px;position:relative;padding:0}.content .ignore-button{float:right}@media(max-width:543px){.content .ignore-button{width:100%;margin:0 0 6px}}.content .find-friends-button{float:right;margin:6px 0 0}@media(max-width:543px){.content .find-friends-button{margin:0 0 6px}}.content .hide-template{opacity:0;transition:all,.2s,ease-in-out}.content .horizontal-tabs{margin-bottom:12px}.content .nav-tabs{-webkit-user-select:none;-moz-user-select:none;-ms-user-select:none;user-select:none;margin-bottom:12px}.content .rbx-tab{min-width:25%}.content .rbx-tab.subtract-item{min-width:33.3333333333%}.content .rbx-tab.signed-out{min-width:50%}.content .empty-content-message{color:#494d5a;margin:48px 24px 24px;text-align:center}.content .mutual-friends-extra-padding-without-pagination{padding-top:60px}.content .mutual-friends-extra-padding-with-pagination{padding-top:24px}.friends-content .accept-friend,.friends-content .ignore-friend{width:calc(50% - 12px);margin:0 6px}.friends-content .avatar-cards-empty{text-align:center;margin-top:4px}.friends-content .avatar-card .avatar-card-footer .text-link{display:inline}.friends-content .avatar-card-label{font-feature-settings:\"ss03\";font-variant-numeric:slashed-zero}.friends-content .avatar-card-container.disabled{opacity:.4;pointer-events:none}.friends-content .avatar-card-container.disabled .avatar-card-menu{pointer-events:auto}.friends-content .mutual-friends-tooltip-label{padding:0}#mutual-friends-tooltip .tooltip-inner{text-align:left}@media(max-width:767px){.modal:before{height:20%}}.light-theme .avatar-card-btns .accept-friend{border-radius:8px;background-color:#202227;border-color:#202227;color:#fff}.light-theme .avatar-card-btns .accept-friend:link{color:#fff}.light-theme .avatar-card-btns .accept-friend:focus,.light-theme .avatar-card-btns .accept-friend:hover{background-color:#202227;border-color:#202227;color:#fff}.light-theme .avatar-card-btns .accept-friend.active,.light-theme .avatar-card-btns .accept-friend:active{background-color:#202227;color:#fff}.light-theme .avatar-card-btns .accept-friend:visited{color:#fff}.light-theme .avatar-card-btns .accept-friend.disabled,.light-theme .avatar-card-btns .accept-friend.disabled.active,.light-theme .avatar-card-btns .accept-friend.disabled:active,.light-theme .avatar-card-btns .accept-friend.disabled:focus,.light-theme .avatar-card-btns .accept-friend.disabled:hover,.light-theme .avatar-card-btns .accept-friend[disabled],.light-theme .avatar-card-btns .accept-friend[disabled].active,.light-theme .avatar-card-btns .accept-friend[disabled]:active,.light-theme .avatar-card-btns .accept-friend[disabled]:focus,.light-theme .avatar-card-btns .accept-friend[disabled]:hover{background-color:#202227;border-color:#202227;color:#fff;opacity:.5}.dark-theme .avatar-card-btns .accept-friend{border-radius:8px;background-color:#f7f7f8;border-color:#f7f7f8;color:#121215}.dark-theme .avatar-card-btns .accept-friend:link{color:#121215}.dark-theme .avatar-card-btns .accept-friend:focus,.dark-theme .avatar-card-btns .accept-friend:hover{background-color:#f7f7f8;border-color:#f7f7f8;color:#121215}.dark-theme .avatar-card-btns .accept-friend.active,.dark-theme .avatar-card-btns .accept-friend:active{background-color:#f7f7f8;color:#121215}.dark-theme .avatar-card-btns .accept-friend:visited{color:#121215}.dark-theme .avatar-card-btns .accept-friend.disabled,.dark-theme .avatar-card-btns .accept-friend.disabled.active,.dark-theme .avatar-card-btns .accept-friend.disabled:active,.dark-theme .avatar-card-btns .accept-friend.disabled:focus,.dark-theme .avatar-card-btns .accept-friend.disabled:hover,.dark-theme .avatar-card-btns .accept-friend[disabled],.dark-theme .avatar-card-btns .accept-friend[disabled].active,.dark-theme .avatar-card-btns .accept-friend[disabled]:active,.dark-theme .avatar-card-btns .accept-friend[disabled]:focus,.dark-theme .avatar-card-btns .accept-friend[disabled]:hover{background-color:#f7f7f8;border-color:#f7f7f8;color:#121215;opacity:.5}.light-theme .touch .avatar-card-btns .accept-friend.active,.light-theme .touch .avatar-card-btns .accept-friend:active,.light-theme .touch .avatar-card-btns .accept-friend:focus,.light-theme .touch .avatar-card-btns .accept-friend:hover,.light-theme .touch .avatar-card-btns .accept-friend:visited{color:#fff;background-color:#202227;border-color:#202227}.dark-theme .touch .avatar-card-btns .accept-friend.active,.dark-theme .touch .avatar-card-btns .accept-friend:active,.dark-theme .touch .avatar-card-btns .accept-friend:focus,.dark-theme .touch .avatar-card-btns .accept-friend:hover,.dark-theme .touch .avatar-card-btns .accept-friend:visited{color:#121215;background-color:#f7f7f8;border-color:#f7f7f8}"
  }
}