{
  "metadata": {
    "timestamps": {
      "start": "2026-02-18T19:59:08.598424",
      "end": "2026-02-18T19:59:09.251824",
      "duration_ms": 653
    },
    "url": {
      "full": "https://js.rbxcdn.com/51f0007999b2d8fc571fc3c538a0d3a2e65a8c7f775b26879a7e9a525a8ade82.js",
      "protocol": "https",
      "domain": "js.rbxcdn.com",
      "path": "/51f0007999b2d8fc571fc3c538a0d3a2e65a8c7f775b26879a7e9a525a8ade82.js",
      "normalized_path": "/51f0007999b2d8fc571fc3c538a0d3a2e65a8c7f775b26879a7e9a525a8ade82.js",
      "query": {}
    },
    "method": "GET",
    "status_code": 200,
    "size": {
      "request_bytes": 0,
      "response_bytes": 1502,
      "compressed": true
    },
    "content_type": "application/javascript",
    "cache_status": "public, max-age=31536000"
  },
  "request": {
    "headers": {
      "sec-ch-ua-platform": "\"Linux\"",
      "user-agent": "Mozilla/5.0 (X11; Linux x86_64) AppleWebKit/537.36 (KHTML, like Gecko) Chrome/144.0.0.0 Safari/537.36",
      "sec-ch-ua": "\"Not(A:Brand\";v=\"8\", \"Chromium\";v=\"144\", \"Google Chrome\";v=\"144\"",
      "sec-ch-ua-mobile": "?0",
      "accept": "*/*",
      "sec-fetch-site": "cross-site",
      "sec-fetch-mode": "no-cors",
      "sec-fetch-dest": "script",
      "sec-fetch-storage-access": "none",
      "referer": "https://www.roblox.com/",
      "accept-encoding": "gzip, deflate, br, zstd",
      "accept-language": "en-US,en;q=0.9,fil;q=0.8",
      "priority": "u=2"
    },
    "payload": null
  },
  "response": {
    "headers": {
      "content-type": "application/javascript",
      "date": "Thu, 30 Oct 2025 01:48:23 GMT",
      "last-modified": "Thu, 30 Oct 2025 01:47:07 GMT",
      "content-encoding": "gzip",
      "x-amz-server-side-encryption": "AES256",
      "cache-control": "public, max-age=31536000",
      "x-amz-version-id": "E_RmTP1ppdYjTNn44w8NywLbrwE0YSSk",
      "server": "AmazonS3",
      "etag": "W/\"4b2130814a3f7f03c7cfa194bc7bafbb\"",
      "vary": "accept-encoding, Origin",
      "x-cache": "Hit from cloudfront",
      "via": "1.1 1b7c94274bd830ddf26396883b21ed8a.cloudfront.net (CloudFront)",
      "x-amz-cf-pop": "MNL51-P1",
      "x-amz-cf-id": "bJyeIdQfW0NU1-IZX_OFaEd1isHIKaRgVTvTHrf1ybfnPVmGnMZRVw==",
      "age": "9627048",
      "rbx-cdn-provider": "aws",
      "timing-allow-origin": "*",
      "nel": "{\"report_to\":\"network-errors\",\"max_age\":604800,\"success_fraction\":0,\"failure_fraction\":0.05,\"response_headers\":[\"Rbx-Cdn-Provider\",\"vary\"]}",
      "report-to": "{\"group\":\"network-errors\",\"max_age\":604800,\"endpoints\":[{\"url\":\"https://ncs.roblox.com/upload\"}]}",
      "server-timing": "cdn-cache-hit,cdn-pop;desc=\"MNL51-P1\",cdn-rid;desc=\"bJyeIdQfW0NU1-IZX_OFaEd1isHIKaRgVTvTHrf1ybfnPVmGnMZRVw==\",cdn-hit-layer;desc=\"EDGE\",cdn-downstream-fbl;dur=2"
    },
    "body": "var Roblox = Roblox || {};\nRoblox.LangDynamic = Roblox.LangDynamic || {};\nRoblox.LangDynamic[\"Feature.PaymentRedeem\"] = {\"Response.InvalidPin\":\"Invalid PIN.\",\"Response.UnrecognizedPin\":\"Unrecognized PIN format.\",\"Response.AlreadyRedeemed\":\"This card has already been redeemed.\",\"Response.InvalidCard\":\"This card is invalid.\",\"Response.UnrecognizedMerchant\":\"We currently do not support the merchant you purchased this card from, please contact Customer Service.\",\"Response.DeactivatedCard\":\"This card is not active.\",\"Response.SuspendedCard\":\"This card is suspended.\",\"Response.GatewayDown\":\"The payment gateway is down. Please try the transaction again later and contact Customer Service if the problem persists.\",\"Response.UnexpectedError\":\"An unexpected error occured. Please try your request again later.\",\"Response.NeedCaptcha\":\"Captcha\",\"Label.EnterPIN\":\"Enter PIN:\",\"Action.Redeem\":\"Redeem\",\"Heading.RedeemCredit\":\"Redeem Credit\",\"Description.BuyingRecurringProduct\":\"You are buying a recurring {productName} product with Roblox credit. Your credit balance will be charged every renewal period.\",\"Description.RedeemCardsBelow\":\"Redeem cards in the section below.\",\"Label.HaveRixtyAccount\":\"Have a Rixty account?\",\"Label.RobloxCredit\":\"Roblox Credit\",\"Label.Balance\":\"Balance\",\"Action.SubmitOrder\":\"Submit Order\",\"Label.RobloxPremium\":\"Roblox Premium\",\"Label.RenewsOn\":\"Renews On: {renewDate}\",\"Label.ExpiresOn\":\"Expires On: {expireDate}\",\"Description.PINOnReceipt\":\"Your PIN is on your receipt\",\"Response.RedeemElsewhere\":\"Please redeem this code at {linkStart}roblox.com/redeem{linkEnd}.\",\"Response.RedemptionDisabled\":\"Code redemption is temporarily unavailable. Please try again at a later time.\",\"Response.NetworkError\":\"An error has occurred. Please contact Customer Service if the problem persists.\",\"Response.RedeemGiftCardCurrencyCodeNotMatch\":\"Gift card currency must match your account country. Contact {robloxSupportLinkStart}Roblox.com/support{robloxSupportLinkEnd}.\",\"Label.Monthly\":\"Monthly\",\"Label.Yearly\":\"Yearly\",\"Description.AnnualSubscriptionSubmit\":\"I authorize Roblox to annually deduct the total credits shown on this page until I cancel. I can cancel this subscription at any time from the Settings page to avoid future charges.\",\"Action.Subscribe\":\"Subscribe\",\"Label.RemainingBalance\":\"Remaining balance\",\"Description.SubscribeDetails\":\"Subscriptions and any applicable taxes are charged monthly. You can cancel your subscription at any time. Insufficient credit will cancel a renewal.\",\"Description.SubscriptionBillingEmail\":\"This email address will only be used for billing. It won\u00e2\u0080\u0099t replace other emails associated with this account. \",\"Label.BillingEmail\":\"Billing Email\",\"Label.AvailableCredit\":\"Available Credit\",\"Label.EnterCode\":\"Enter Code\",\"Description.EnterCodeHelpText\":\"This can be found on the back of physical gift cards or in the confirmation email for digital gift cards.\",\"Label.RedeemCode\":\"Redeem Code\",\"Heading.SecurePayment\":\"Secure Payment\",\"Description.RenewsMonthly\":\"Renews monthly. Cancel anytime.\",\"Label.EmailAddress\":\"Email address\",\"Label.PerMonth\":\"/month\",\"Label.ParentBillingEmail\":\"Parent email address\",\"Description.SubscriptionBillingEmailTooltip\":\"A valid email is required for subscriptions billing notifications.\",\"Description.SubscriptionParentBillingEmail\":\"To make changes, update the parental account email in settings.\",\"Description.CodeRedeemedSuccess\":\"Code redeemed\",\"Label.Tax\":\"Tax\",\"Description.SubscribeDetailsV2\":\"Subscriptions and any applicable taxes are charged monthly. You can cancel your subscription at any time. Insufficient credit will cancel a renewal. Roblox {linkStart}Terms of Use{linkEnd} apply.\"};\nwindow.Roblox && window.Roblox.BundleDetector && window.Roblox.BundleDetector.bundleDetected(\"DynamicLocalizationResourceScript_Feature.PaymentRedeem\");\n"
  }
}