{
  "metadata": {
    "timestamps": {
      "start": "2026-02-18T19:56:58.557394",
      "end": "2026-02-18T19:56:58.935649",
      "duration_ms": 378
    },
    "url": {
      "full": "https://arkoselabs.roblox.com/fc/assets/ec-game-core/game-core/1.31.3/standard/924.vendors.ea33e7ebaefd19354536.js",
      "protocol": "https",
      "domain": "arkoselabs.roblox.com",
      "path": "/fc/assets/ec-game-core/game-core/1.31.3/standard/924.vendors.ea33e7ebaefd19354536.js",
      "normalized_path": "/{slug}/assets/{slug}/game-core/1.31.3/{slug}/924.vendors.ea33e7ebaefd19354536.js",
      "query": {}
    },
    "method": "GET",
    "status_code": 200,
    "size": {
      "request_bytes": 0,
      "response_bytes": 13838,
      "compressed": false
    },
    "content_type": "application/javascript",
    "cache_status": ""
  },
  "request": {
    "headers": {
      "sec-ch-ua-platform": "\"Linux\"",
      "user-agent": "Mozilla/5.0 (X11; Linux x86_64) AppleWebKit/537.36 (KHTML, like Gecko) Chrome/144.0.0.0 Safari/537.36",
      "sec-ch-ua": "\"Not(A:Brand\";v=\"8\", \"Chromium\";v=\"144\", \"Google Chrome\";v=\"144\"",
      "sec-ch-ua-mobile": "?0",
      "accept": "*/*",
      "sec-fetch-site": "same-origin",
      "sec-fetch-mode": "no-cors",
      "sec-fetch-dest": "script",
      "referer": "https://arkoselabs.roblox.com/fc/assets/ec-game-core/game-core/1.31.3/standard/index.html?session=4881895554c448373.7161280104&r=ap-southeast-1&meta=3&metabgclr=transparent&metaiconclr=%23757575&maintxtclr=%23b8b8b8&guitextcolor=%23474747&pk=476068BF-9607-4799-B53D-966BE98E2B81&at=40&rid=94&ag=101&cdn_url=https%3A%2F%2Farkoselabs.roblox.com%2Fcdn%2Ffc&surl=https%3A%2F%2Farkoselabs.roblox.com&smurl=https%3A%2F%2Farkoselabs.roblox.com%2Fcdn%2Ffc%2Fassets%2Fstyle-manager",
      "accept-encoding": "gzip, deflate, br, zstd",
      "accept-language": "en-US,en;q=0.9,fil;q=0.8",
      "cookie": "GuestData=UserID=-1784413165, RBXcb=RBXViralAcquisition%3Dtrue%26RBXSource%3Dtrue%26GoogleAnalytics%3Dtrue, RBXEventTrackerV2=CreateDate=10/04/2025 09:19:06&rbxid=7108482020&browserid=1759587403750002, _ga=GA1.1.1224127167.1759628996, _ga_F8VP9T1NT3=GS2.1.s1759628996$o1$g0$t1759629006$j50$l0$h0, __utmz=200924205.1769790118.9.3.utmcsr=appsflyer|utmccn=(not%20set)|utmcmd=cpa|utmcct=onelink, _gcl_au=1.1.445633669.1770730834, _scid=Wr9kCEc_3Nlyed1wABxVj3bEIIybNWtk, _scid_r=Wr9kCEc_3Nlyed1wABxVj3bEIIybNWtk, _fbp=fb.1.1770730835055.775171315334809685, _tt_enable_cookie=1, _ttp=01KH3WGKAR3H2AE8S5M5DX1J7W_.tt.1, ttcsid=1770730835310::miqHqGUEZxfvZ_nHbBwv.1.1770730835684.0, ttcsid_CSV31T3C77UDA0827220=1770730835307::XlXvMvpaVhbeZ9pnMwwy.1.1770730835685.0, _sctr=1%7C1770652800000, RBXSource=rbx_acquisition_time=02/10/2026 14:11:35&rbx_acquisition_referrer=&rbx_medium=cpa&rbx_source=appsflyer&rbx_campaign=onelink&rbx_adgroup=&rbx_keyword=&rbx_matchtype=&rbx_send_info=0, rbx-ip2=1, __utma=200924205.1785706367.1759587415.1770730834.1771414933.12, __utmb=200924205.0.10.1771414933, __utmc=200924205, RBXPaymentsFlowContext=6b863465-7439-4466-8678-42b7f0295720,, timestamp=177141500818389"
    },
    "payload": null
  },
  "response": {
    "headers": {
      "content-type": "application/javascript",
      "last-modified": "Fri, 31 Oct 2025 07:23:09 GMT",
      "content-encoding": "br",
      "x-amz-server-side-encryption": "AES256",
      "x-amz-version-id": "AKAhuN0.N0JAMis.2ldWL7piPSj5W1MP",
      "server": "cloudfront",
      "date": "Tue, 17 Feb 2026 19:48:27 GMT",
      "etag": "W/\"dc449a28528f5124f7844a97bd3e3913\"",
      "vary": "accept-encoding",
      "via": "1.1 3eafd911617df6700f1357b2dcc7380c.cloudfront.net (CloudFront)",
      "alt-svc": "h3=\":443\"; ma=86400",
      "age": "58114",
      "x-xss-protection": "1; mode=block",
      "referrer-policy": "strict-origin-when-cross-origin",
      "x-content-type-options": "nosniff",
      "strict-transport-security": "max-age=31536000; includeSubDomains",
      "accept-ch": "Device-Memory, Sec-CH-UA, Sec-CH-UA-Arch, Sec-CH-UA-Bitness, Sec-CH-DPR, Sec-CH-UA-Full-Version-List, Sec-CH-UA-Mobile, Sec-CH-UA-Model, Sec-CH-Viewport-Width, Sec-CH-UA-Platform, Sec-CH-UA-Platform-Version, Sec-CH-Width, Sec-CH-UA-Form-Factors",
      "server-timing": "cdn-cache-hit,cdn-pop;desc=\"MNL51-P2\",cdn-rid;desc=\"2KTbs2LWA8Mjw3CnSDC3aIojCMpHiUe5g15G6BH2oeXIuy_a_9v76Q==\",cdn-hit-layer;desc=\"EDGE\",cdn-downstream-fbl;dur=5",
      "content-security-policy": "default-src 'self'; script-src 'self' 'nonce-krdQ2LKmBuZaAHJMxBw28g'; style-src 'self' 'nonce-krdQ2LKmBuZaAHJMxBw28g'; img-src 'self' cdn.funcaptcha.com cdn.arkoselabs.com blob: data:; media-src 'self' blob: data:; connect-src 'self'",
      "x-cache": "Hit from cloudfront",
      "x-amz-cf-pop": "MNL51-P2",
      "x-amz-cf-id": "2KTbs2LWA8Mjw3CnSDC3aIojCMpHiUe5g15G6BH2oeXIuy_a_9v76Q=="
    },
    "body": "(self.webpackChunkgame_core=self.webpackChunkgame_core||[]).push([[924],{5839:function(e,t,r){\"use strict\";var n=r(2097),o={childContextTypes:!0,contextType:!0,contextTypes:!0,defaultProps:!0,displayName:!0,getDefaultProps:!0,getDerivedStateFromError:!0,getDerivedStateFromProps:!0,mixins:!0,propTypes:!0,type:!0},i={name:!0,length:!0,prototype:!0,caller:!0,callee:!0,arguments:!0,arity:!0},a={$$typeof:!0,compare:!0,defaultProps:!0,displayName:!0,propTypes:!0,type:!0},s={};function c(e){return n.isMemo(e)?a:s[e.$$typeof]||o}s[n.ForwardRef]={$$typeof:!0,render:!0,defaultProps:!0,displayName:!0,propTypes:!0},s[n.Memo]=a;var l=Object.defineProperty,u=Object.getOwnPropertyNames,f=Object.getOwnPropertySymbols,d=Object.getOwnPropertyDescriptor,p=Object.getPrototypeOf,h=Object.prototype;e.exports=function e(t,r,n){if(\"string\"!=typeof r){if(h){var o=p(r);o&&o!==h&&e(t,o,n)}var a=u(r);f&&(a=a.concat(f(r)));for(var s=c(t),m=c(r),g=0;g<a.length;++g){var y=a[g];if(!(i[y]||n&&n[y]||m&&m[y]||s&&s[y])){var v=d(r,y);try{l(t,y,v)}catch(e){}}}}return t}},4173:function(e,t){\"use strict\";\n/** @license React v16.13.1\n * react-is.production.min.js\n *\n * Copyright (c) Facebook, Inc. and its affiliates.\n *\n * This source code is licensed under the MIT license found in the\n * LICENSE file in the root directory of this source tree.\n */var r=\"function\"==typeof Symbol&&Symbol.for,n=r?Symbol.for(\"react.element\"):60103,o=r?Symbol.for(\"react.portal\"):60106,i=r?Symbol.for(\"react.fragment\"):60107,a=r?Symbol.for(\"react.strict_mode\"):60108,s=r?Symbol.for(\"react.profiler\"):60114,c=r?Symbol.for(\"react.provider\"):60109,l=r?Symbol.for(\"react.context\"):60110,u=r?Symbol.for(\"react.async_mode\"):60111,f=r?Symbol.for(\"react.concurrent_mode\"):60111,d=r?Symbol.for(\"react.forward_ref\"):60112,p=r?Symbol.for(\"react.suspense\"):60113,h=r?Symbol.for(\"react.suspense_list\"):60120,m=r?Symbol.for(\"react.memo\"):60115,g=r?Symbol.for(\"react.lazy\"):60116,y=r?Symbol.for(\"react.block\"):60121,v=r?Symbol.for(\"react.fundamental\"):60117,b=r?Symbol.for(\"react.responder\"):60118,S=r?Symbol.for(\"react.scope\"):60119;function w(e){if(\"object\"==typeof e&&null!==e){var t=e.$$typeof;switch(t){case n:switch(e=e.type){case u:case f:case i:case s:case a:case p:return e;default:switch(e=e&&e.$$typeof){case l:case d:case g:case m:case c:return e;default:return t}}case o:return t}}}function k(e){return w(e)===f}t.AsyncMode=u,t.ConcurrentMode=f,t.ContextConsumer=l,t.ContextProvider=c,t.Element=n,t.ForwardRef=d,t.Fragment=i,t.Lazy=g,t.Memo=m,t.Portal=o,t.Profiler=s,t.StrictMode=a,t.Suspense=p,t.isAsyncMode=function(e){return k(e)||w(e)===u},t.isConcurrentMode=k,t.isContextConsumer=function(e){return w(e)===l},t.isContextProvider=function(e){return w(e)===c},t.isElement=function(e){return\"object\"==typeof e&&null!==e&&e.$$typeof===n},t.isForwardRef=function(e){return w(e)===d},t.isFragment=function(e){return w(e)===i},t.isLazy=function(e){return w(e)===g},t.isMemo=function(e){return w(e)===m},t.isPortal=function(e){return w(e)===o},t.isProfiler=function(e){return w(e)===s},t.isStrictMode=function(e){return w(e)===a},t.isSuspense=function(e){return w(e)===p},t.isValidElementType=function(e){return\"string\"==typeof e||\"function\"==typeof e||e===i||e===f||e===s||e===a||e===p||e===h||\"object\"==typeof e&&null!==e&&(e.$$typeof===g||e.$$typeof===m||e.$$typeof===c||e.$$typeof===l||e.$$typeof===d||e.$$typeof===v||e.$$typeof===b||e.$$typeof===S||e.$$typeof===y)},t.typeOf=w},2097:function(e,t,r){\"use strict\";e.exports=r(4173)},8702:function(e,t){\"use strict\";var r=60103,n=60106,o=60107,i=60108,a=60114,s=60109,c=60110,l=60112,u=60113,f=60120,d=60115,p=60116,h=60121,m=60122,g=60117,y=60129,v=60131;\n/** @license React v17.0.2\n * react-is.production.min.js\n *\n * Copyright (c) Facebook, Inc. and its affiliates.\n *\n * This source code is licensed under the MIT license found in the\n * LICENSE file in the root directory of this source tree.\n */if(\"function\"==typeof Symbol&&Symbol.for){var b=Symbol.for;r=b(\"react.element\"),n=b(\"react.portal\"),o=b(\"react.fragment\"),i=b(\"react.strict_mode\"),a=b(\"react.profiler\"),s=b(\"react.provider\"),c=b(\"react.context\"),l=b(\"react.forward_ref\"),u=b(\"react.suspense\"),f=b(\"react.suspense_list\"),d=b(\"react.memo\"),p=b(\"react.lazy\"),h=b(\"react.block\"),m=b(\"react.server.block\"),g=b(\"react.fundamental\"),y=b(\"react.debug_trace_mode\"),v=b(\"react.legacy_hidden\")}function S(e){if(\"object\"==typeof e&&null!==e){var t=e.$$typeof;switch(t){case r:switch(e=e.type){case o:case a:case i:case u:case f:return e;default:switch(e=e&&e.$$typeof){case c:case l:case p:case d:case s:return e;default:return t}}case n:return t}}}t.isValidElementType=function(e){return\"string\"==typeof e||\"function\"==typeof e||e===o||e===a||e===y||e===i||e===u||e===f||e===v||\"object\"==typeof e&&null!==e&&(e.$$typeof===p||e.$$typeof===d||e.$$typeof===s||e.$$typeof===c||e.$$typeof===l||e.$$typeof===g||e.$$typeof===h||e[0]===m)},t.typeOf=S},9185:function(e,t,r){\"use strict\";e.exports=r(8702)},4445:function(e){e.exports=function(e,t,r,n){var o=r?r.call(n,e,t):void 0;if(void 0!==o)return!!o;if(e===t)return!0;if(\"object\"!=typeof e||!e||\"object\"!=typeof t||!t)return!1;var i=Object.keys(e),a=Object.keys(t);if(i.length!==a.length)return!1;for(var s=Object.prototype.hasOwnProperty.bind(t),c=0;c<i.length;c++){var l=i[c];if(!s(l))return!1;var u=e[l],f=t[l];if(!1===(o=r?r.call(n,u,f,l):void 0)||void 0===o&&u!==f)return!1}return!0}},3924:function(e,t,r){\"use strict\";r.r(t),r.d(t,{ServerStyleSheet:function(){return Ge},StyleSheetConsumer:function(){return ae},StyleSheetContext:function(){return ie},StyleSheetManager:function(){return de},ThemeConsumer:function(){return je},ThemeContext:function(){return Te},ThemeProvider:function(){return Ne},__PRIVATE__:function(){return Ye},createGlobalStyle:function(){return Fe},css:function(){return ke},default:function(){return Ue},isStyledComponent:function(){return k},keyframes:function(){return Be},useTheme:function(){return We},version:function(){return A},withTheme:function(){return He}});var n=r(9185),o=r(698),i=r.n(o),a=r(4445),s=r.n(a);var c=function(e){function t(e,n,c,l,d){for(var p,h,m,g,S,k=0,C=0,A=0,x=0,P=0,_=0,j=m=p=0,z=0,M=0,D=0,L=0,F=c.length,B=F-1,G=\"\",H=\"\",W=\"\",Y=\"\";z<F;){if(h=c.charCodeAt(z),z===B&&0!==C+x+A+k&&(0!==C&&(h=47===C?10:47),x=A=k=0,F++,B++),0===C+x+A+k){if(z===B&&(0<M&&(G=G.replace(f,\"\")),0<G.trim().length)){switch(h){case 32:case 9:case 59:case 13:case 10:break;default:G+=c.charAt(z)}h=59}switch(h){case 123:for(p=(G=G.trim()).charCodeAt(0),m=1,L=++z;z<F;){switch(h=c.charCodeAt(z)){case 123:m++;break;case 125:m--;break;case 47:switch(h=c.charCodeAt(z+1)){case 42:case 47:e:{for(j=z+1;j<B;++j)switch(c.charCodeAt(j)){case 47:if(42===h&&42===c.charCodeAt(j-1)&&z+2!==j){z=j+1;break e}break;case 10:if(47===h){z=j+1;break e}}z=j}}break;case 91:h++;case 40:h++;case 34:case 39:for(;z++<B&&c.charCodeAt(z)!==h;);}if(0===m)break;z++}if(m=c.substring(L,z),0===p&&(p=(G=G.replace(u,\"\").trim()).charCodeAt(0)),64===p){switch(0<M&&(G=G.replace(f,\"\")),h=G.charCodeAt(1)){case 100:case 109:case 115:case 45:M=n;break;default:M=$}if(L=(m=t(n,M,m,h,d+1)).length,0<T&&(S=s(3,m,M=r($,G,D),n,O,I,L,h,d,l),G=M.join(\"\"),void 0!==S&&0===(L=(m=S.trim()).length)&&(h=0,m=\"\")),0<L)switch(h){case 115:G=G.replace(w,a);case 100:case 109:case 45:m=G+\"{\"+m+\"}\";break;case 107:m=(G=G.replace(y,\"$1 $2\"))+\"{\"+m+\"}\",m=1===R||2===R&&i(\"@\"+m,3)?\"@-webkit-\"+m+\"@\"+m:\"@\"+m;break;default:m=G+m,112===l&&(H+=m,m=\"\")}else m=\"\"}else m=t(n,r(n,G,D),m,l,d+1);W+=m,m=D=M=j=p=0,G=\"\",h=c.charCodeAt(++z);break;case 125:case 59:if(1<(L=(G=(0<M?G.replace(f,\"\"):G).trim()).length))switch(0===j&&(p=G.charCodeAt(0),45===p||96<p&&123>p)&&(L=(G=G.replace(\" \",\":\")).length),0<T&&void 0!==(S=s(1,G,n,e,O,I,H.length,l,d,l))&&0===(L=(G=S.trim()).length)&&(G=\"\\0\\0\"),p=G.charCodeAt(0),h=G.charCodeAt(1),p){case 0:break;case 64:if(105===h||99===h){Y+=G+c.charAt(z);break}default:58!==G.charCodeAt(L-1)&&(H+=o(G,p,h,G.charCodeAt(2)))}D=M=j=p=0,G=\"\",h=c.charCodeAt(++z)}}switch(h){case 13:case 10:47===C?C=0:0===1+p&&107!==l&&0<G.length&&(M=1,G+=\"\\0\"),0<T*N&&s(0,G,n,e,O,I,H.length,l,d,l),I=1,O++;break;case 59:case 125:if(0===C+x+A+k){I++;break}default:switch(I++,g=c.charAt(z),h){case 9:case 32:if(0===x+k+C)switch(P){case 44:case 58:case 9:case 32:g=\"\";break;default:32!==h&&(g=\" \")}break;case 0:g=\"\\\\0\";break;case 12:g=\"\\\\f\";break;case 11:g=\"\\\\v\";break;case 38:0===x+C+k&&(M=D=1,g=\"\\f\"+g);break;case 108:if(0===x+C+k+E&&0<j)switch(z-j){case 2:112===P&&58===c.charCodeAt(z-3)&&(E=P);case 8:111===_&&(E=_)}break;case 58:0===x+C+k&&(j=z);break;case 44:0===C+A+x+k&&(M=1,g+=\"\\r\");break;case 34:case 39:0===C&&(x=x===h?0:0===x?h:x);break;case 91:0===x+C+A&&k++;break;case 93:0===x+C+A&&k--;break;case 41:0===x+C+k&&A--;break;case 40:if(0===x+C+k){if(0===p)if(2*P+3*_==533);else p=1;A++}break;case 64:0===C+A+x+k+j+m&&(m=1);break;case 42:case 47:if(!(0<x+k+A))switch(C){case 0:switch(2*h+3*c.charCodeAt(z+1)){case 235:C=47;break;case 220:L=z,C=42}break;case 42:47===h&&42===P&&L+2!==z&&(33===c.charCodeAt(L+2)&&(H+=c.substring(L,z+1)),g=\"\",C=0)}}0===C&&(G+=g)}_=P,P=h,z++}if(0<(L=H.length)){if(M=n,0<T&&(void 0!==(S=s(2,H,M,e,O,I,L,l,d,l))&&0===(H=S).length))return Y+H+W;if(H=M.join(\",\")+\"{\"+H+\"}\",0!=R*E){switch(2!==R||i(H,2)||(E=0),E){case 111:H=H.replace(b,\":-moz-$1\")+H;break;case 112:H=H.replace(v,\"::-webkit-input-$1\")+H.replace(v,\"::-moz-$1\")+H.replace(v,\":-ms-input-$1\")+H}E=0}}return Y+H+W}function r(e,t,r){var o=t.trim().split(m);t=o;var i=o.length,a=e.length;switch(a){case 0:case 1:var s=0;for(e=0===a?\"\":e[0]+\" \";s<i;++s)t[s]=n(e,t[s],r).trim();break;default:var c=s=0;for(t=[];s<i;++s)for(var l=0;l<a;++l)t[c++]=n(e[l]+\" \",o[s],r).trim()}return t}function n(e,t,r){var n=t.charCodeAt(0);switch(33>n&&(n=(t=t.trim()).charCodeAt(0)),n){case 38:return t.replace(g,\"$1\"+e.trim());case 58:return e.trim()+t.replace(g,\"$1\"+e.trim());default:if(0<1*r&&0<t.indexOf(\"\\f\"))return t.replace(g,(58===e.charCodeAt(0)?\"\":\"$1\")+e.trim())}return e+t}function o(e,t,r,n){var a=e+\";\",s=2*t+3*r+4*n;if(944===s){e=a.indexOf(\":\",9)+1;var c=a.substring(e,a.length-1).trim();return c=a.substring(0,e).trim()+c+\";\",1===R||2===R&&i(c,1)?\"-webkit-\"+c+c:c}if(0===R||2===R&&!i(a,1))return a;switch(s){case 1015:return 97===a.charCodeAt(10)?\"-webkit-\"+a+a:a;case 951:return 116===a.charCodeAt(3)?\"-webkit-\"+a+a:a;case 963:return 110===a.charCodeAt(5)?\"-webkit-\"+a+a:a;case 1009:if(100!==a.charCodeAt(4))break;case 969:case 942:return\"-webkit-\"+a+a;case 978:return\"-webkit-\"+a+\"-moz-\"+a+a;case 1019:case 983:return\"-webkit-\"+a+\"-moz-\"+a+\"-ms-\"+a+a;case 883:if(45===a.charCodeAt(8))return\"-webkit-\"+a+a;if(0<a.indexOf(\"image-set(\",11))return a.replace(P,\"$1-webkit-$2\")+a;break;case 932:if(45===a.charCodeAt(4))switch(a.charCodeAt(5)){case 103:return\"-webkit-box-\"+a.replace(\"-grow\",\"\")+\"-webkit-\"+a+\"-ms-\"+a.replace(\"grow\",\"positive\")+a;case 115:return\"-webkit-\"+a+\"-ms-\"+a.replace(\"shrink\",\"negative\")+a;case 98:return\"-webkit-\"+a+\"-ms-\"+a.replace(\"basis\",\"preferred-size\")+a}return\"-webkit-\"+a+\"-ms-\"+a+a;case 964:return\"-webkit-\"+a+\"-ms-flex-\"+a+a;case 1023:if(99!==a.charCodeAt(8))break;return\"-webkit-box-pack\"+(c=a.substring(a.indexOf(\":\",15)).replace(\"flex-\",\"\").replace(\"space-between\",\"justify\"))+\"-webkit-\"+a+\"-ms-flex-pack\"+c+a;case 1005:return p.test(a)?a.replace(d,\":-webkit-\")+a.replace(d,\":-moz-\")+a:a;case 1e3:switch(t=(c=a.substring(13).trim()).indexOf(\"-\")+1,c.charCodeAt(0)+c.charCodeAt(t)){case 226:c=a.replace(S,\"tb\");break;case 232:c=a.replace(S,\"tb-rl\");break;case 220:c=a.replace(S,\"lr\");break;default:return a}return\"-webkit-\"+a+\"-ms-\"+c+a;case 1017:if(-1===a.indexOf(\"sticky\",9))break;case 975:switch(t=(a=e).length-10,s=(c=(33===a.charCodeAt(t)?a.substring(0,t):a).substring(e.indexOf(\":\",7)+1).trim()).charCodeAt(0)+(0|c.charCodeAt(7))){case 203:if(111>c.charCodeAt(8))break;case 115:a=a.replace(c,\"-webkit-\"+c)+\";\"+a;break;case 207:case 102:a=a.replace(c,\"-webkit-\"+(102<s?\"inline-\":\"\")+\"box\")+\";\"+a.replace(c,\"-webkit-\"+c)+\";\"+a.replace(c,\"-ms-\"+c+\"box\")+\";\"+a}return a+\";\";case 938:if(45===a.charCodeAt(5))switch(a.charCodeAt(6)){case 105:return c=a.replace(\"-items\",\"\"),\"-webkit-\"+a+\"-webkit-box-\"+c+\"-ms-flex-\"+c+a;case 115:return\"-webkit-\"+a+\"-ms-flex-item-\"+a.replace(C,\"\")+a;default:return\"-webkit-\"+a+\"-ms-flex-line-pack\"+a.replace(\"align-content\",\"\").replace(C,\"\")+a}break;case 973:case 989:if(45!==a.charCodeAt(3)||122===a.charCodeAt(4))break;case 931:case 953:if(!0===x.test(e))return 115===(c=e.substring(e.indexOf(\":\")+1)).charCodeAt(0)?o(e.replace(\"stretch\",\"fill-available\"),t,r,n).replace(\":fill-available\",\":stretch\"):a.replace(c,\"-webkit-\"+c)+a.replace(c,\"-moz-\"+c.replace(\"fill-\",\"\"))+a;break;case 962:if(a=\"-webkit-\"+a+(102===a.charCodeAt(5)?\"-ms-\"+a:\"\")+a,211===r+n&&105===a.charCodeAt(13)&&0<a.indexOf(\"transform\",10))return a.substring(0,a.indexOf(\";\",27)+1).replace(h,\"$1-webkit-$2\")+a}return a}function i(e,t){var r=e.indexOf(1===t?\":\":\"{\"),n=e.substring(0,3!==t?r:10);return r=e.substring(r+1,e.length-1),j(2!==t?n:n.replace(A,\"$1\"),r,t)}function a(e,t){var r=o(t,t.charCodeAt(0),t.charCodeAt(1),t.charCodeAt(2));return r!==t+\";\"?r.replace(k,\" or ($1)\").substring(4):\"(\"+t+\")\"}function s(e,t,r,n,o,i,a,s,c,u){for(var f,d=0,p=t;d<T;++d)switch(f=_[d].call(l,e,p,r,n,o,i,a,s,c,u)){case void 0:case!1:case!0:case null:break;default:p=f}if(p!==t)return p}function c(e){return void 0!==(e=e.prefix)&&(j=null,e?\"function\"!=typeof e?R=1:(R=2,j=e):R=0),c}function l(e,r){var n=e;if(33>n.charCodeAt(0)&&(n=n.trim()),n=[n],0<T){var o=s(-1,r,n,n,O,I,0,0,0,0);void 0!==o&&\"string\"==typeof o&&(r=o)}var i=t($,n,r,0,0);return 0<T&&(void 0!==(o=s(-2,i,n,n,O,I,i.length,0,0,0))&&(i=o)),\"\",E=0,I=O=1,i}var u=/^\\0+/g,f=/[\\0\\r\\f]/g,d=/: */g,p=/zoo|gra/,h=/([,: ])(transform)/g,m=/,\\r+?/g,g=/([\\t\\r\\n ])*\\f?&/g,y=/@(k\\w+)\\s*(\\S*)\\s*/,v=/::(place)/g,b=/:(read-only)/g,S=/[svh]\\w+-[tblr]{2}/,w=/\\(\\s*(.*)\\s*\\)/g,k=/([\\s\\S]*?);/g,C=/-self|flex-/g,A=/[^]*?(:[rp][el]a[\\w-]+)[^]*/,x=/stretch|:\\s*\\w+\\-(?:conte|avail)/,P=/([^-])(image-set\\()/,I=1,O=1,E=0,R=1,$=[],_=[],T=0,j=null,N=0;return l.use=function e(t){switch(t){case void 0:case null:T=_.length=0;break;default:if(\"function\"==typeof t)_[T++]=t;else if(\"object\"==typeof t)for(var r=0,n=t.length;r<n;++r)e(t[r]);else N=0|!!t}return e},l.set=c,void 0!==e&&c(e),l},l={animationIterationCount:1,borderImageOutset:1,borderImageSlice:1,borderImageWidth:1,boxFlex:1,boxFlexGroup:1,boxOrdinalGroup:1,columnCount:1,columns:1,flex:1,flexGrow:1,flexPositive:1,flexShrink:1,flexNegative:1,flexOrder:1,gridRow:1,gridRowEnd:1,gridRowSpan:1,gridRowStart:1,gridColumn:1,gridColumnEnd:1,gridColumnSpan:1,gridColumnStart:1,msGridRow:1,msGridRowSpan:1,msGridColumn:1,msGridColumnSpan:1,fontWeight:1,lineHeight:1,opacity:1,order:1,orphans:1,tabSize:1,widows:1,zIndex:1,zoom:1,WebkitLineClamp:1,fillOpacity:1,floodOpacity:1,stopOpacity:1,strokeDasharray:1,strokeDashoffset:1,strokeMiterlimit:1,strokeOpacity:1,strokeWidth:1};function u(e){var t=Object.create(null);return function(r){return void 0===t[r]&&(t[r]=e(r)),t[r]}}var f=/^((children|dangerouslySetInnerHTML|key|ref|autoFocus|defaultValue|defaultChecked|innerHTML|suppressContentEditableWarning|suppressHydrationWarning|valueLink|abbr|accept|acceptCharset|accessKey|action|allow|allowUserMedia|allowPaymentRequest|allowFullScreen|allowTransparency|alt|async|autoComplete|autoPlay|capture|cellPadding|cellSpacing|challenge|charSet|checked|cite|classID|className|cols|colSpan|content|contentEditable|contextMenu|controls|controlsList|coords|crossOrigin|data|dateTime|decoding|default|defer|dir|disabled|disablePictureInPicture|download|draggable|encType|enterKeyHint|form|formAction|formEncType|formMethod|formNoValidate|formTarget|frameBorder|headers|height|hidden|high|href|hrefLang|htmlFor|httpEquiv|id|inputMode|integrity|is|keyParams|keyType|kind|label|lang|list|loading|loop|low|marginHeight|marginWidth|max|maxLength|media|mediaGroup|method|min|minLength|multiple|muted|name|nonce|noValidate|open|optimum|pattern|placeholder|playsInline|poster|preload|profile|radioGroup|readOnly|referrerPolicy|rel|required|reversed|role|rows|rowSpan|sandbox|scope|scoped|scrolling|seamless|selected|shape|size|sizes|slot|span|spellCheck|src|srcDoc|srcLang|srcSet|start|step|style|summary|tabIndex|target|title|translate|type|useMap|value|width|wmode|wrap|about|datatype|inlist|prefix|property|resource|typeof|vocab|autoCapitalize|autoCorrect|autoSave|color|incremental|fallback|inert|itemProp|itemScope|itemType|itemID|itemRef|on|option|results|security|unselectable|accentHeight|accumulate|additive|alignmentBaseline|allowReorder|alphabetic|amplitude|arabicForm|ascent|attributeName|attributeType|autoReverse|azimuth|baseFrequency|baselineShift|baseProfile|bbox|begin|bias|by|calcMode|capHeight|clip|clipPathUnits|clipPath|clipRule|colorInterpolation|colorInterpolationFilters|colorProfile|colorRendering|contentScriptType|contentStyleType|cursor|cx|cy|d|decelerate|descent|diffuseConstant|direction|display|divisor|dominantBaseline|dur|dx|dy|edgeMode|elevation|enableBackground|end|exponent|externalResourcesRequired|fill|fillOpacity|fillRule|filter|filterRes|filterUnits|floodColor|floodOpacity|focusable|fontFamily|fontSize|fontSizeAdjust|fontStretch|fontStyle|fontVariant|fontWeight|format|from|fr|fx|fy|g1|g2|glyphName|glyphOrientationHorizontal|glyphOrientationVertical|glyphRef|gradientTransform|gradientUnits|hanging|horizAdvX|horizOriginX|ideographic|imageRendering|in|in2|intercept|k|k1|k2|k3|k4|kernelMatrix|kernelUnitLength|kerning|keyPoints|keySplines|keyTimes|lengthAdjust|letterSpacing|lightingColor|limitingConeAngle|local|markerEnd|markerMid|markerStart|markerHeight|markerUnits|markerWidth|mask|maskContentUnits|maskUnits|mathematical|mode|numOctaves|offset|opacity|operator|order|orient|orientation|origin|overflow|overlinePosition|overlineThickness|panose1|paintOrder|pathLength|patternContentUnits|patternTransform|patternUnits|pointerEvents|points|pointsAtX|pointsAtY|pointsAtZ|preserveAlpha|preserveAspectRatio|primitiveUnits|r|radius|refX|refY|renderingIntent|repeatCount|repeatDur|requiredExtensions|requiredFeatures|restart|result|rotate|rx|ry|scale|seed|shapeRendering|slope|spacing|specularConstant|specularExponent|speed|spreadMethod|startOffset|stdDeviation|stemh|stemv|stitchTiles|stopColor|stopOpacity|strikethroughPosition|strikethroughThickness|string|stroke|strokeDasharray|strokeDashoffset|strokeLinecap|strokeLinejoin|strokeMiterlimit|strokeOpacity|strokeWidth|surfaceScale|systemLanguage|tableValues|targetX|targetY|textAnchor|textDecoration|textRendering|textLength|to|transform|u1|u2|underlinePosition|underlineThickness|unicode|unicodeBidi|unicodeRange|unitsPerEm|vAlphabetic|vHanging|vIdeographic|vMathematical|values|vectorEffect|version|vertAdvY|vertOriginX|vertOriginY|viewBox|viewTarget|visibility|widths|wordSpacing|writingMode|x|xHeight|x1|x2|xChannelSelector|xlinkActuate|xlinkArcrole|xlinkHref|xlinkRole|xlinkShow|xlinkTitle|xlinkType|xmlBase|xmlns|xmlnsXlink|xmlLang|xmlSpace|y|y1|y2|yChannelSelector|z|zoomAndPan|for|class|autofocus)|(([Dd][Aa][Tt][Aa]|[Aa][Rr][Ii][Aa]|x)-.*))$/,d=u((function(e){return f.test(e)||111===e.charCodeAt(0)&&110===e.charCodeAt(1)&&e.charCodeAt(2)<91})),p=r(5839),h=r.n(p);function m(){return(m=Object.assign||function(e){for(var t=1;t<arguments.length;t++){var r=arguments[t];for(var n in r)Object.prototype.hasOwnProperty.call(r,n)&&(e[n]=r[n])}return e}).apply(this,arguments)}var g=function(e,t){for(var r=[e[0]],n=0,o=t.length;n<o;n+=1)r.push(t[n],e[n+1]);return r},y=function(e){return null!==e&&\"object\"==typeof e&&\"[object Object]\"===(e.toString?e.toString():Object.prototype.toString.call(e))&&!(0,n.typeOf)(e)},v=Object.freeze([]),b=Object.freeze({});function S(e){return\"function\"==typeof e}function w(e){return e.displayName||e.name||\"Component\"}function k(e){return e&&\"string\"==typeof e.styledComponentId}var C=\"undefined\"!=typeof process&&(process.env.REACT_APP_SC_ATTR||process.env.SC_ATTR)||\"data-styled\",A=\"5.3.5\",x=\"undefined\"!=typeof window&&\"HTMLElement\"in window,P=Boolean(\"boolean\"==typeof SC_DISABLE_SPEEDY?SC_DISABLE_SPEEDY:\"undefined\"!=typeof process&&void 0!==process.env.REACT_APP_SC_DISABLE_SPEEDY&&\"\"!==process.env.REACT_APP_SC_DISABLE_SPEEDY?\"false\"!==process.env.REACT_APP_SC_DISABLE_SPEEDY&&process.env.REACT_APP_SC_DISABLE_SPEEDY:\"undefined\"!=typeof process&&void 0!==process.env.SC_DISABLE_SPEEDY&&\"\"!==process.env.SC_DISABLE_SPEEDY&&(\"false\"!==process.env.SC_DISABLE_SPEEDY&&process.env.SC_DISABLE_SPEEDY)),I={};function O(e){for(var t=arguments.length,r=new Array(t>1?t-1:0),n=1;n<t;n++)r[n-1]=arguments[n];throw new Error(\"An error occurred. See https://git.io/JUIaE#\"+e+\" for more information.\"+(r.length>0?\" Args: \"+r.join(\", \"):\"\"))}var E=function(){function e(e){this.groupSizes=new Uint32Array(512),this.length=512,this.tag=e}var t=e.prototype;return t.indexOfGroup=function(e){for(var t=0,r=0;r<e;r++)t+=this.groupSizes[r];return t},t.insertRules=function(e,t){if(e>=this.groupSizes.length){for(var r=this.groupSizes,n=r.length,o=n;e>=o;)(o<<=1)<0&&O(16,\"\"+e);this.groupSizes=new Uint32Array(o),this.groupSizes.set(r),this.length=o;for(var i=n;i<o;i++)this.groupSizes[i]=0}for(var a=this.indexOfGroup(e+1),s=0,c=t.length;s<c;s++)this.tag.insertRule(a,t[s])&&(this.groupSizes[e]++,a++)},t.clearGroup=function(e){if(e<this.length){var t=this.groupSizes[e],r=this.indexOfGroup(e),n=r+t;this.groupSizes[e]=0;for(var o=r;o<n;o++)this.tag.deleteRule(r)}},t.getGroup=function(e){var t=\"\";if(e>=this.length||0===this.groupSizes[e])return t;for(var r=this.groupSizes[e],n=this.indexOfGroup(e),o=n+r,i=n;i<o;i++)t+=this.tag.getRule(i)+\"/*!sc*/\\n\";return t},e}(),R=new Map,$=new Map,_=1,T=function(e){if(R.has(e))return R.get(e);for(;$.has(_);)_++;var t=_++;return R.set(e,t),$.set(t,e),t},j=function(e){return $.get(e)},N=function(e,t){t>=_&&(_=t+1),R.set(e,t),$.set(t,e)},z=\"style[\"+C+'][data-styled-version=\"5.3.5\"]',M=new RegExp(\"^\"+C+'\\\\.g(\\\\d+)\\\\[id=\"([\\\\w\\\\d-]+)\"\\\\].*?\"([^\"]*)'),D=function(e,t,r){for(var n,o=r.split(\",\"),i=0,a=o.length;i<a;i++)(n=o[i])&&e.registerName(t,n)},L=function(e,t){for(var r=(t.textContent||\"\").split(\"/*!sc*/\\n\"),n=[],o=0,i=r.length;o<i;o++){var a=r[o].trim();if(a){var s=a.match(M);if(s){var c=0|parseInt(s[1],10),l=s[2];0!==c&&(N(l,c),D(e,l,s[3]),e.getTag().insertRules(c,n)),n.length=0}else n.push(a)}}},F=function(){return\"undefined\"!=typeof window&&void 0!==window.__webpack_nonce__?window.__webpack_nonce__:null},B=function(e){var t=document.head,r=e||t,n=document.createElement(\"style\"),o=function(e){for(var t=e.childNodes,r=t.length;r>=0;r--){var n=t[r];if(n&&1===n.nodeType&&n.hasAttribute(C))return n}}(r),i=void 0!==o?o.nextSibling:null;n.setAttribute(C,\"active\"),n.setAttribute(\"data-styled-version\",\"5.3.5\");var a=F();return a&&n.setAttribute(\"nonce\",a),r.insertBefore(n,i),n},G=function(){function e(e){var t=this.element=B(e);t.appendChild(document.createTextNode(\"\")),this.sheet=function(e){if(e.sheet)return e.sheet;for(var t=document.styleSheets,r=0,n=t.length;r<n;r++){var o=t[r];if(o.ownerNode===e)return o}O(17)}(t),this.length=0}var t=e.prototype;return t.insertRule=function(e,t){try{return this.sheet.insertRule(t,e),this.length++,!0}catch(e){return!1}},t.deleteRule=function(e){this.sheet.deleteRule(e),this.length--},t.getRule=function(e){var t=this.sheet.cssRules[e];return void 0!==t&&\"string\"==typeof t.cssText?t.cssText:\"\"},e}(),H=function(){function e(e){var t=this.element=B(e);this.nodes=t.childNodes,this.length=0}var t=e.prototype;return t.insertRule=function(e,t){if(e<=this.length&&e>=0){var r=document.createTextNode(t),n=this.nodes[e];return this.element.insertBefore(r,n||null),this.length++,!0}return!1},t.deleteRule=function(e){this.element.removeChild(this.nodes[e]),this.length--},t.getRule=function(e){return e<this.length?this.nodes[e].textContent:\"\"},e}(),W=function(){function e(e){this.rules=[],this.length=0}var t=e.prototype;return t.insertRule=function(e,t){return e<=this.length&&(this.rules.splice(e,0,t),this.length++,!0)},t.deleteRule=function(e){this.rules.splice(e,1),this.length--},t.getRule=function(e){return e<this.length?this.rules[e]:\"\"},e}(),Y=x,U={isServer:!x,useCSSOMInjection:!P},V=function(){function e(e,t,r){void 0===e&&(e=b),void 0===t&&(t={}),this.options=m({},U,{},e),this.gs=t,this.names=new Map(r),this.server=!!e.isServer,!this.server&&x&&Y&&(Y=!1,function(e){for(var t=document.querySelectorAll(z),r=0,n=t.length;r<n;r++){var o=t[r];o&&\"active\"!==o.getAttribute(C)&&(L(e,o),o.parentNode&&o.parentNode.removeChild(o))}}(this))}e.registerId=function(e){return T(e)};var t=e.prototype;return t.reconstructWithOptions=function(t,r){return void 0===r&&(r=!0),new e(m({},this.options,{},t),this.gs,r&&this.names||void 0)},t.allocateGSInstance=function(e){return this.gs[e]=(this.gs[e]||0)+1},t.getTag=function(){return this.tag||(this.tag=(r=(t=this.options).isServer,n=t.useCSSOMInjection,o=t.target,e=r?new W(o):n?new G(o):new H(o),new E(e)));var e,t,r,n,o},t.hasNameForId=function(e,t){return this.names.has(e)&&this.names.get(e).has(t)},t.registerName=function(e,t){if(T(e),this.names.has(e))this.names.get(e).add(t);else{var r=new Set;r.add(t),this.names.set(e,r)}},t.insertRules=function(e,t,r){this.registerName(e,t),this.getTag().insertRules(T(e),r)},t.clearNames=function(e){this.names.has(e)&&this.names.get(e).clear()},t.clearRules=function(e){this.getTag().clearGroup(T(e)),this.clearNames(e)},t.clearTag=function(){this.tag=void 0},t.toString=function(){return function(e){for(var t=e.getTag(),r=t.length,n=\"\",o=0;o<r;o++){var i=j(o);if(void 0!==i){var a=e.names.get(i),s=t.getGroup(o);if(a&&s&&a.size){var c=C+\".g\"+o+'[id=\"'+i+'\"]',l=\"\";void 0!==a&&a.forEach((function(e){e.length>0&&(l+=e+\",\")})),n+=\"\"+s+c+'{content:\"'+l+'\"}/*!sc*/\\n'}}}return n}(this)},e}(),q=/(a)(d)/gi,X=function(e){return String.fromCharCode(e+(e>25?39:97))};function Z(e){var t,r=\"\";for(t=Math.abs(e);t>52;t=t/52|0)r=X(t%52)+r;return(X(t%52)+r).replace(q,\"$1-$2\")}var J=function(e,t){for(var r=t.length;r;)e=33*e^t.charCodeAt(--r);return e},K=function(e){return J(5381,e)};function Q(e){for(var t=0;t<e.length;t+=1){var r=e[t];if(S(r)&&!k(r))return!1}return!0}var ee=K(\"5.3.5\"),te=function(){function e(e,t,r){this.rules=e,this.staticRulesId=\"\",this.isStatic=(void 0===r||r.isStatic)&&Q(e),this.componentId=t,this.baseHash=J(ee,t),this.baseStyle=r,V.registerId(t)}return e.prototype.generateAndInjectStyles=function(e,t,r){var n=this.componentId,o=[];if(this.baseStyle&&o.push(this.baseStyle.generateAndInjectStyles(e,t,r)),this.isStatic&&!r.hash)if(this.staticRulesId&&t.hasNameForId(n,this.staticRulesId))o.push(this.staticRulesId);else{var i=Se(this.rules,e,t,r).join(\"\"),a=Z(J(this.baseHash,i)>>>0);if(!t.hasNameForId(n,a)){var s=r(i,\".\"+a,void 0,n);t.insertRules(n,a,s)}o.push(a),this.staticRulesId=a}else{for(var c=this.rules.length,l=J(this.baseHash,r.hash),u=\"\",f=0;f<c;f++){var d=this.rules[f];if(\"string\"==typeof d)u+=d;else if(d){var p=Se(d,e,t,r),h=Array.isArray(p)?p.join(\"\"):p;l=J(l,h+f),u+=h}}if(u){var m=Z(l>>>0);if(!t.hasNameForId(n,m)){var g=r(u,\".\"+m,void 0,n);t.insertRules(n,m,g)}o.push(m)}}return o.join(\" \")},e}(),re=/^\\s*\\/\\/.*$/gm,ne=[\":\",\"[\",\".\",\"#\"];function oe(e){var t,r,n,o,i=void 0===e?b:e,a=i.options,s=void 0===a?b:a,l=i.plugins,u=void 0===l?v:l,f=new c(s),d=[],p=function(e){function t(t){if(t)try{e(t+\"}\")}catch(e){}}return function(r,n,o,i,a,s,c,l,u,f){switch(r){case 1:if(0===u&&64===n.charCodeAt(0))return e(n+\";\"),\"\";break;case 2:if(0===l)return n+\"/*|*/\";break;case 3:switch(l){case 102:case 112:return e(o[0]+n),\"\";default:return n+(0===f?\"/*|*/\":\"\")}case-2:n.split(\"/*|*/}\").forEach(t)}}}((function(e){d.push(e)})),h=function(e,n,i){return 0===n&&-1!==ne.indexOf(i[r.length])||i.match(o)?e:\".\"+t};function m(e,i,a,s){void 0===s&&(s=\"&\");var c=e.replace(re,\"\"),l=i&&a?a+\" \"+i+\" { \"+c+\" }\":c;return t=s,r=i,n=new RegExp(\"\\\\\"+r+\"\\\\b\",\"g\"),o=new RegExp(\"(\\\\\"+r+\"\\\\b){2,}\"),f(a||!i?\"\":i,l)}return f.use([].concat(u,[function(e,t,o){2===e&&o.length&&o[0].lastIndexOf(r)>0&&(o[0]=o[0].replace(n,h))},p,function(e){if(-2===e){var t=d;return d=[],t}}])),m.hash=u.length?u.reduce((function(e,t){return t.name||O(15),J(e,t.name)}),5381).toString():\"\",m}var ie=i().createContext(),ae=ie.Consumer,se=i().createContext(),ce=(se.Consumer,new V),le=oe();function ue(){return(0,o.useContext)(ie)||ce}function fe(){return(0,o.useContext)(se)||le}function de(e){var t=(0,o.useState)(e.stylisPlugins),r=t[0],n=t[1],a=ue(),c=(0,o.useMemo)((function(){var t=a;return e.sheet?t=e.sheet:e.target&&(t=t.reconstructWithOptions({target:e.target},!1)),e.disableCSSOMInjection&&(t=t.reconstructWithOptions({useCSSOMInjection:!1})),t}),[e.disableCSSOMInjection,e.sheet,e.target]),l=(0,o.useMemo)((function(){return oe({options:{prefix:!e.disableVendorPrefixes},plugins:r})}),[e.disableVendorPrefixes,r]);return(0,o.useEffect)((function(){s()(r,e.stylisPlugins)||n(e.stylisPlugins)}),[e.stylisPlugins]),i().createElement(ie.Provider,{value:c},i().createElement(se.Provider,{value:l},e.children))}var pe=function(){function e(e,t){var r=this;this.inject=function(e,t){void 0===t&&(t=le);var n=r.name+t.hash;e.hasNameForId(r.id,n)||e.insertRules(r.id,n,t(r.rules,n,\"@keyframes\"))},this.toString=function(){return O(12,String(r.name))},this.name=e,this.id=\"sc-keyframes-\"+e,this.rules=t}return e.prototype.getName=function(e){return void 0===e&&(e=le),this.name+e.hash},e}(),he=/([A-Z])/,me=/([A-Z])/g,ge=/^ms-/,ye=function(e){return\"-\"+e.toLowerCase()};function ve(e){return he.test(e)?e.replace(me,ye).replace(ge,\"-ms-\"):e}var be=function(e){return null==e||!1===e||\"\"===e};function Se(e,t,r,n){if(Array.isArray(e)){for(var o,i=[],a=0,s=e.length;a<s;a+=1)\"\"!==(o=Se(e[a],t,r,n))&&(Array.isArray(o)?i.push.apply(i,o):i.push(o));return i}return be(e)?\"\":k(e)?\".\"+e.styledComponentId:S(e)?\"function\"!=typeof(c=e)||c.prototype&&c.prototype.isReactComponent||!t?e:Se(e(t),t,r,n):e instanceof pe?r?(e.inject(r,n),e.getName(n)):e:y(e)?function e(t,r){var n,o,i=[];for(var a in t)t.hasOwnProperty(a)&&!be(t[a])&&(Array.isArray(t[a])&&t[a].isCss||S(t[a])?i.push(ve(a)+\":\",t[a],\";\"):y(t[a])?i.push.apply(i,e(t[a],a)):i.push(ve(a)+\": \"+(n=a,(null==(o=t[a])||\"boolean\"==typeof o||\"\"===o?\"\":\"number\"!=typeof o||0===o||n in l?String(o).trim():o+\"px\")+\";\")));return r?[r+\" {\"].concat(i,[\"}\"]):i}(e):e.toString();var c}var we=function(e){return Array.isArray(e)&&(e.isCss=!0),e};function ke(e){for(var t=arguments.length,r=new Array(t>1?t-1:0),n=1;n<t;n++)r[n-1]=arguments[n];return S(e)||y(e)?we(Se(g(v,[e].concat(r)))):0===r.length&&1===e.length&&\"string\"==typeof e[0]?e:we(Se(g(e,r)))}new Set;var Ce=function(e,t,r){return void 0===r&&(r=b),e.theme!==r.theme&&e.theme||t||r.theme},Ae=/[!\"#$%&'()*+,./:;<=>?@[\\\\\\]^`{|}~-]+/g,xe=/(^-|-$)/g;function Pe(e){return e.replace(Ae,\"-\").replace(xe,\"\")}var Ie=function(e){return Z(K(e)>>>0)};function Oe(e){return\"string\"==typeof e&&!0}var Ee=function(e){return\"function\"==typeof e||\"object\"==typeof e&&null!==e&&!Array.isArray(e)},Re=function(e){return\"__proto__\"!==e&&\"constructor\"!==e&&\"prototype\"!==e};function $e(e,t,r){var n=e[r];Ee(t)&&Ee(n)?_e(n,t):e[r]=t}function _e(e){for(var t=arguments.length,r=new Array(t>1?t-1:0),n=1;n<t;n++)r[n-1]=arguments[n];for(var o=0,i=r;o<i.length;o++){var a=i[o];if(Ee(a))for(var s in a)Re(s)&&$e(e,a[s],s)}return e}var Te=i().createContext(),je=Te.Consumer;function Ne(e){var t=(0,o.useContext)(Te),r=(0,o.useMemo)((function(){return function(e,t){return e?S(e)?e(t):Array.isArray(e)||\"object\"!=typeof e?O(8):t?m({},t,{},e):e:O(14)}(e.theme,t)}),[e.theme,t]);return e.children?i().createElement(Te.Provider,{value:r},e.children):null}var ze={};function Me(e,t,r){var n=k(e),a=!Oe(e),s=t.attrs,c=void 0===s?v:s,l=t.componentId,u=void 0===l?function(e,t){var r=\"string\"!=typeof e?\"sc\":Pe(e);ze[r]=(ze[r]||0)+1;var n=r+\"-\"+Ie(\"5.3.5\"+r+ze[r]);return t?t+\"-\"+n:n}(t.displayName,t.parentComponentId):l,f=t.displayName,p=void 0===f?function(e){return Oe(e)?\"styled.\"+e:\"Styled(\"+w(e)+\")\"}(e):f,g=t.displayName&&t.componentId?Pe(t.displayName)+\"-\"+t.componentId:t.componentId||u,y=n&&e.attrs?Array.prototype.concat(e.attrs,c).filter(Boolean):c,C=t.shouldForwardProp;n&&e.shouldForwardProp&&(C=t.shouldForwardProp?function(r,n,o){return e.shouldForwardProp(r,n,o)&&t.shouldForwardProp(r,n,o)}:e.shouldForwardProp);var A,x=new te(r,g,n?e.componentStyle:void 0),P=x.isStatic&&0===c.length,I=function(e,t){return function(e,t,r,n){var i=e.attrs,a=e.componentStyle,s=e.defaultProps,c=e.foldedComponentIds,l=e.shouldForwardProp,u=e.styledComponentId,f=e.target,p=function(e,t,r){void 0===e&&(e=b);var n=m({},t,{theme:e}),o={};return r.forEach((function(e){var t,r,i,a=e;for(t in S(a)&&(a=a(n)),a)n[t]=o[t]=\"className\"===t?(r=o[t],i=a[t],r&&i?r+\" \"+i:r||i):a[t]})),[n,o]}(Ce(t,(0,o.useContext)(Te),s)||b,t,i),h=p[0],g=p[1],y=function(e,t,r,n){var o=ue(),i=fe();return t?e.generateAndInjectStyles(b,o,i):e.generateAndInjectStyles(r,o,i)}(a,n,h),v=r,w=g.$as||t.$as||g.as||t.as||f,k=Oe(w),C=g!==t?m({},t,{},g):t,A={};for(var x in C)\"$\"!==x[0]&&\"as\"!==x&&(\"forwardedAs\"===x?A.as=C[x]:(l?l(x,d,w):!k||d(x))&&(A[x]=C[x]));return t.style&&g.style!==t.style&&(A.style=m({},t.style,{},g.style)),A.className=Array.prototype.concat(c,u,y!==u?y:null,t.className,g.className).filter(Boolean).join(\" \"),A.ref=v,(0,o.createElement)(w,A)}(A,e,t,P)};return I.displayName=p,(A=i().forwardRef(I)).attrs=y,A.componentStyle=x,A.displayName=p,A.shouldForwardProp=C,A.foldedComponentIds=n?Array.prototype.concat(e.foldedComponentIds,e.styledComponentId):v,A.styledComponentId=g,A.target=n?e.target:e,A.withComponent=function(e){var n=t.componentId,o=function(e,t){if(null==e)return{};var r,n,o={},i=Object.keys(e);for(n=0;n<i.length;n++)r=i[n],t.indexOf(r)>=0||(o[r]=e[r]);return o}(t,[\"componentId\"]),i=n&&n+\"-\"+(Oe(e)?e:Pe(w(e)));return Me(e,m({},o,{attrs:y,componentId:i}),r)},Object.defineProperty(A,\"defaultProps\",{get:function(){return this._foldedDefaultProps},set:function(t){this._foldedDefaultProps=n?_e({},e.defaultProps,t):t}}),A.toString=function(){return\".\"+A.styledComponentId},a&&h()(A,e,{attrs:!0,componentStyle:!0,displayName:!0,foldedComponentIds:!0,shouldForwardProp:!0,styledComponentId:!0,target:!0,withComponent:!0}),A}var De=function(e){return function e(t,r,o){if(void 0===o&&(o=b),!(0,n.isValidElementType)(r))return O(1,String(r));var i=function(){return t(r,o,ke.apply(void 0,arguments))};return i.withConfig=function(n){return e(t,r,m({},o,{},n))},i.attrs=function(n){return e(t,r,m({},o,{attrs:Array.prototype.concat(o.attrs,n).filter(Boolean)}))},i}(Me,e)};[\"a\",\"abbr\",\"address\",\"area\",\"article\",\"aside\",\"audio\",\"b\",\"base\",\"bdi\",\"bdo\",\"big\",\"blockquote\",\"body\",\"br\",\"button\",\"canvas\",\"caption\",\"cite\",\"code\",\"col\",\"colgroup\",\"data\",\"datalist\",\"dd\",\"del\",\"details\",\"dfn\",\"dialog\",\"div\",\"dl\",\"dt\",\"em\",\"embed\",\"fieldset\",\"figcaption\",\"figure\",\"footer\",\"form\",\"h1\",\"h2\",\"h3\",\"h4\",\"h5\",\"h6\",\"head\",\"header\",\"hgroup\",\"hr\",\"html\",\"i\",\"iframe\",\"img\",\"input\",\"ins\",\"kbd\",\"keygen\",\"label\",\"legend\",\"li\",\"link\",\"main\",\"map\",\"mark\",\"marquee\",\"menu\",\"menuitem\",\"meta\",\"meter\",\"nav\",\"noscript\",\"object\",\"ol\",\"optgroup\",\"option\",\"output\",\"p\",\"param\",\"picture\",\"pre\",\"progress\",\"q\",\"rp\",\"rt\",\"ruby\",\"s\",\"samp\",\"script\",\"section\",\"select\",\"small\",\"source\",\"span\",\"strong\",\"style\",\"sub\",\"summary\",\"sup\",\"table\",\"tbody\",\"td\",\"textarea\",\"tfoot\",\"th\",\"thead\",\"time\",\"title\",\"tr\",\"track\",\"u\",\"ul\",\"var\",\"video\",\"wbr\",\"circle\",\"clipPath\",\"defs\",\"ellipse\",\"foreignObject\",\"g\",\"image\",\"line\",\"linearGradient\",\"marker\",\"mask\",\"path\",\"pattern\",\"polygon\",\"polyline\",\"radialGradient\",\"rect\",\"stop\",\"svg\",\"text\",\"textPath\",\"tspan\"].forEach((function(e){De[e]=De(e)}));var Le=function(){function e(e,t){this.rules=e,this.componentId=t,this.isStatic=Q(e),V.registerId(this.componentId+1)}var t=e.prototype;return t.createStyles=function(e,t,r,n){var o=n(Se(this.rules,t,r,n).join(\"\"),\"\"),i=this.componentId+e;r.insertRules(i,i,o)},t.removeStyles=function(e,t){t.clearRules(this.componentId+e)},t.renderStyles=function(e,t,r,n){e>2&&V.registerId(this.componentId+e),this.removeStyles(e,r),this.createStyles(e,t,r,n)},e}();function Fe(e){for(var t=arguments.length,r=new Array(t>1?t-1:0),n=1;n<t;n++)r[n-1]=arguments[n];var a=ke.apply(void 0,[e].concat(r)),s=\"sc-global-\"+Ie(JSON.stringify(a)),c=new Le(a,s);function l(e){var t=ue(),r=fe(),n=(0,o.useContext)(Te),i=(0,o.useRef)(t.allocateGSInstance(s)).current;return t.server&&u(i,e,t,n,r),(0,o.useLayoutEffect)((function(){if(!t.server)return u(i,e,t,n,r),function(){return c.removeStyles(i,t)}}),[i,e,t,n,r]),null}function u(e,t,r,n,o){if(c.isStatic)c.renderStyles(e,I,r,o);else{var i=m({},t,{theme:Ce(t,n,l.defaultProps)});c.renderStyles(e,i,r,o)}}return i().memo(l)}function Be(e){for(var t=arguments.length,r=new Array(t>1?t-1:0),n=1;n<t;n++)r[n-1]=arguments[n];var o=ke.apply(void 0,[e].concat(r)).join(\"\"),i=Ie(o);return new pe(i,o)}var Ge=function(){function e(){var e=this;this._emitSheetCSS=function(){var t=e.instance.toString();if(!t)return\"\";var r=F();return\"<style \"+[r&&'nonce=\"'+r+'\"',C+'=\"true\"','data-styled-version=\"5.3.5\"'].filter(Boolean).join(\" \")+\">\"+t+\"</style>\"},this.getStyleTags=function(){return e.sealed?O(2):e._emitSheetCSS()},this.getStyleElement=function(){var t;if(e.sealed)return O(2);var r=((t={})[C]=\"\",t[\"data-styled-version\"]=\"5.3.5\",t.dangerouslySetInnerHTML={__html:e.instance.toString()},t),n=F();return n&&(r.nonce=n),[i().createElement(\"style\",m({},r,{key:\"sc-0-0\"}))]},this.seal=function(){e.sealed=!0},this.instance=new V({isServer:!0}),this.sealed=!1}var t=e.prototype;return t.collectStyles=function(e){return this.sealed?O(2):i().createElement(de,{sheet:this.instance},e)},t.interleaveWithNodeStream=function(e){return O(3)},e}(),He=function(e){var t=i().forwardRef((function(t,r){var n=(0,o.useContext)(Te),a=e.defaultProps,s=Ce(t,n,a);return i().createElement(e,m({},t,{theme:s,ref:r}))}));return h()(t,e),t.displayName=\"WithTheme(\"+w(e)+\")\",t},We=function(){return(0,o.useContext)(Te)},Ye={StyleSheet:V,masterSheet:ce},Ue=De}}]);"
  }
}