{
  "metadata": {
    "timestamps": {
      "start": "2026-02-18T19:59:04.078135",
      "end": "2026-02-18T19:59:04.326265",
      "duration_ms": 248
    },
    "url": {
      "full": "https://content-autofill.googleapis.com/v1/pages/ChRDaHJvbWUvMTQ0LjAuNzU1OS45MBIgCTWX_o3cXUGYEgUNkWGVThIFDZFhlU4hbKhLjS6CdQA=?alt=proto",
      "protocol": "https",
      "domain": "content-autofill.googleapis.com",
      "path": "/v1/pages/ChRDaHJvbWUvMTQ0LjAuNzU1OS45MBIgCTWX_o3cXUGYEgUNkWGVThIFDZFhlU4hbKhLjS6CdQA=",
      "normalized_path": "/{slug}/pages/ChRDaHJvbWUvMTQ0LjAuNzU1OS45MBIgCTWX_o3cXUGYEgUNkWGVThIFDZFhlU4hbKhLjS6CdQA=",
      "query": {
        "alt": [
          "proto"
        ]
      }
    },
    "method": "GET",
    "status_code": 200,
    "size": {
      "request_bytes": 0,
      "response_bytes": 38,
      "compressed": true
    },
    "content_type": "text/plain",
    "cache_status": "private,max-age=604800"
  },
  "request": {
    "headers": {
      "x-goog-encode-response-if-executable": "base64",
      "x-goog-api-key": "AIzaSyDlUur5xXJ0gBeLFW_D2PtjduqOFQMsqEY",
      "x-client-data": "CKS1yQEIibbJAQiitskBCKmdygEI6eHKAQiTocsBCIqgzQEIlYzPAQjIos8BCNajzwEItavPAQj8q88BCNKtzwEIya/PAQj+r88BGNqszwE=",
      "sec-fetch-site": "none",
      "sec-fetch-mode": "no-cors",
      "sec-fetch-dest": "empty",
      "user-agent": "Mozilla/5.0 (Linux; Android 10; K) AppleWebKit/537.36 (KHTML, like Gecko) Chrome/144.0.0.0 Mobile Safari/537.36",
      "accept-encoding": "gzip, deflate, br, zstd",
      "accept-language": "en-US,en;q=0.9,fil;q=0.8",
      "priority": "u=4, i"
    },
    "payload": null
  },
  "response": {
    "headers": {
      "cache-control": "private,max-age=604800",
      "content-type": "text/plain",
      "x-goog-safety-encoding": "base64",
      "x-goog-safety-content-type": "application/x-protobuf",
      "vary": "Origin, X-Origin, Referer",
      "content-encoding": "gzip",
      "date": "Wed, 18 Feb 2026 11:59:05 GMT",
      "server": "ESF",
      "content-length": "38",
      "x-xss-protection": "0",
      "x-frame-options": "SAMEORIGIN",
      "x-content-type-options": "nosniff",
      "alt-svc": "h3=\":443\"; ma=2592000,h3-29=\":443\"; ma=2592000"
    },
    "body": "ChIKBw2RYZVOGgAKBw2RYZVOGgA="
  }
}