{
  "metadata": {
    "timestamps": {
      "start": "2026-02-18T19:58:49.334710",
      "end": "2026-02-18T19:58:49.559237",
      "duration_ms": 224
    },
    "url": {
      "full": "https://js.rbxcdn.com/0aab0e9e34dcbd9323502c019c397e8dad603e17dadf7c822f15941d288c4780.js",
      "protocol": "https",
      "domain": "js.rbxcdn.com",
      "path": "/0aab0e9e34dcbd9323502c019c397e8dad603e17dadf7c822f15941d288c4780.js",
      "normalized_path": "/0aab0e9e34dcbd9323502c019c397e8dad603e17dadf7c822f15941d288c4780.js",
      "query": {}
    },
    "method": "GET",
    "status_code": 200,
    "size": {
      "request_bytes": 0,
      "response_bytes": 9381,
      "compressed": true
    },
    "content_type": "application/javascript",
    "cache_status": "public, max-age=20692398"
  },
  "request": {
    "headers": {
      "sec-ch-ua-platform": "\"Linux\"",
      "user-agent": "Mozilla/5.0 (X11; Linux x86_64) AppleWebKit/537.36 (KHTML, like Gecko) Chrome/144.0.0.0 Safari/537.36",
      "sec-ch-ua": "\"Not(A:Brand\";v=\"8\", \"Chromium\";v=\"144\", \"Google Chrome\";v=\"144\"",
      "sec-ch-ua-mobile": "?0",
      "accept": "*/*",
      "sec-fetch-site": "cross-site",
      "sec-fetch-mode": "no-cors",
      "sec-fetch-dest": "script",
      "sec-fetch-storage-access": "none",
      "referer": "https://www.roblox.com/",
      "accept-encoding": "gzip, deflate, br, zstd",
      "accept-language": "en-US,en;q=0.9,fil;q=0.8",
      "priority": "u=2"
    },
    "payload": null
  },
  "response": {
    "headers": {
      "x-amz-id-2": "VsQNFr1NA1OFf9Zj1tHqEeeTQ4UpqbnAArh5NPlbt3z4Y5mR73LMKpg6wC9muL7iztGBBvP5L9Q=",
      "x-amz-request-id": "7XZGN05TAEBF6QWX",
      "last-modified": "Wed, 15 Oct 2025 21:38:21 GMT",
      "etag": "\"aa8c20a48d500daad53297840c998b15\"",
      "x-amz-server-side-encryption": "AES256",
      "x-amz-version-id": "xkm4RU6JGArPgb8Fow3DPlAouWZrpHg3",
      "accept-ranges": "bytes",
      "content-type": "application/javascript",
      "server": "AmazonS3",
      "vary": "Accept-Encoding",
      "content-encoding": "gzip",
      "cache-control": "public, max-age=20692398",
      "date": "Wed, 18 Feb 2026 11:58:50 GMT",
      "content-length": "9381",
      "akamai-request-bc": "[a=120.28.35.55,b=129033761,c=g,n=PH_00_MANDALUYONG,o=4775]",
      "nel": "{\"report_to\":\"network-errors\",\"max_age\":604800,\"success_fraction\":0,\"failure_fraction\":0.05}",
      "report-to": "{\"group\":\"network-errors\",\"max_age\":604800,\"endpoints\":[{\"url\":\"https://ncs.roblox.com/upload\"}]}",
      "rbx-cdn-provider": "ak",
      "access-control-expose-headers": "Rbx-Cdn-Provider,Akamai-Request-BC",
      "access-control-allow-origin": "*"
    },
    "body": "!function(){var t={28:function(e,s,t){var a={\"./messagesConstants.js\":55,\"./moduleState.js\":435};function n(e){e=i(e);return t(e)}function i(e){if(t.o(a,e))return a[e];e=new Error(\"Cannot find module '\"+e+\"'\");throw e.code=\"MODULE_NOT_FOUND\",e}n.keys=function(){return Object.keys(a)},n.resolve=i,(e.exports=n).id=28},608:function(e,s,t){var a={\"./messagesContentController.js\":387,\"./messagesController.js\":252};function n(e){e=i(e);return t(e)}function i(e){if(t.o(a,e))return a[e];e=new Error(\"Cannot find module '\"+e+\"'\");throw e.code=\"MODULE_NOT_FOUND\",e}n.keys=function(){return Object.keys(a)},n.resolve=i,(e.exports=n).id=608},757:function(e,s,t){var a={\"./messagesDetailDirective.js\":921,\"./messagesListDirective.js\":358,\"./messagesNavDirective.js\":85,\"./privateMessageBaseDirective.js\":487,\"./tabsHeaderDirective.js\":733};function n(e){e=i(e);return t(e)}function i(e){if(t.o(a,e))return a[e];e=new Error(\"Cannot find module '\"+e+\"'\");throw e.code=\"MODULE_NOT_FOUND\",e}n.keys=function(){return Object.keys(a)},n.resolve=i,(e.exports=n).id=757},247:function(e,s,t){var a={\"./announcementsService.js\":618,\"./messageLanguageService.js\":977,\"./messageUtility.js\":640,\"./messagesService.js\":658};function n(e){e=i(e);return t(e)}function i(e){if(t.o(a,e))return a[e];e=new Error(\"Cannot find module '\"+e+\"'\");throw e.code=\"MODULE_NOT_FOUND\",e}n.keys=function(){return Object.keys(a)},n.resolve=i,(e.exports=n).id=247},248:function(e,s,t){var a={\"./directives/templates/messageTab.html\":677,\"./directives/templates/messagesDetail.html\":306,\"./directives/templates/messagesList.html\":163,\"./directives/templates/messagesNav.html\":594,\"./directives/templates/notificationTab.html\":717,\"./directives/templates/privateMessageBase.html\":172,\"./directives/templates/tabsHeader.html\":570};function n(e){e=i(e);return t(e)}function i(e){if(t.o(a,e))return a[e];e=new Error(\"Cannot find module '\"+e+\"'\");throw e.code=\"MODULE_NOT_FOUND\",e}n.keys=function(){return Object.keys(a)},n.resolve=i,(e.exports=n).id=248},525:function(e){function i(e){return e.replace(/([a-z])([A-Z])/g,\"$1-$2\").toLowerCase()}function r(e){return e.split(\"/\").pop().replace(\".html\",\"\")}var s={importFilesUnderPath:function(e){e.keys().forEach(e)},templateCacheGenerator:function(e,s,a,n){return e.module(s,[]).run([\"$templateCache\",function(t){a&&a.keys().forEach(function(e){var s=i(r(e));t.put(s,a(e))}),n&&n.keys().forEach(function(e){var s=i(r(e));t.put(s,n(e).replace(/<\\/?script[^>]*>/gi,\"\"))})}])}};e.exports=s},55:function(e,s,t){\"use strict\";t.r(s);var a=t(577),t=t(406),a={endpoints:{getMessages:{url:\"\".concat(a.EnvironmentUrls.privateMessagesApi,\"/v1/messages\"),noCache:!0,retryable:!0,withCredentials:!0},archiveMessages:{url:\"\".concat(a.EnvironmentUrls.privateMessagesApi,\"/v1/messages/archive\"),retryable:!1,withCredentials:!0},unarchiveMessages:{url:\"\".concat(a.EnvironmentUrls.privateMessagesApi,\"/v1/messages/unarchive\"),retryable:!1,withCredentials:!0},markMessagesRead:{url:\"\".concat(a.EnvironmentUrls.privateMessagesApi,\"/v1/messages/mark-read\"),retryable:!1,withCredentials:!0},markMessagesUnread:{url:\"\".concat(a.EnvironmentUrls.privateMessagesApi,\"/v1/messages/mark-unread\"),retryable:!1,withCredentials:!0},sendMessage:{url:\"\".concat(a.EnvironmentUrls.privateMessagesApi,\"/v1/messages/send\"),retryable:!1,withCredentials:!0},getMessageDetailById:{url:\"\".concat(a.EnvironmentUrls.privateMessagesApi,\"/v1/messages/{messageId}\"),noCache:!0,retryable:!0,withCredentials:!0},getAnnouncements:{url:\"\".concat(a.EnvironmentUrls.privateMessagesApi,\"/v1/announcements\"),noCache:!0,retryable:!0,withCredentials:!0},getAnnouncementsMetadata:{url:\"\".concat(a.EnvironmentUrls.privateMessagesApi,\"/v1/announcements/metadata\"),noCache:!0,retryable:!0,withCredentials:!0}},templates:{privateMessageBaseTemplate:\"private-message-base\",messageThumbnailTemplate:\"message-thumbnail\",tabsHeaderTemplate:\"tabs-header\",messagesNavTemplate:\"messages-nav\",messagesListTemplate:\"messages-list\",messagesBodyTemplate:\"messages-detail\",messageTemplate:\"messages-tab\",notificationTemplate:\"notification-tab\"},defaultMessageInfo:{robloxUserId:1,robloxUserName:\"Roblox\",robloxUserAbsoluteUrl:a.Endpoints.getAbsoluteUrl(\"/users/1/profile/\")},maxRowsOfMessages:20,lastAdRefresh:new Date,messageContentInitializedData:{messages:{},selectedMessageIndexes:[],selectedMessage:null,selectedAll:!1,loadingComplete:!1,messageDict:{}},layoutInitializedData:{maxRowsOfMessages:20},eventstreamParams:{newsOpenContentEvent:\"newsOpenContent\",ctx:\"click\"}};t.A.constant(\"messagesConstants\",a),s.default=a},435:function(e,s,t){\"use strict\";t.r(s);var a={list:\"list\",detail:\"detail\"};t(406).A.constant(\"moduleState\",a),s.default=a},387:function(e,s,t){\"use strict\";t.r(s);var o=t(577),a=t(127),l=t.n(a),t=t(406);n.$inject=[\"$scope\",\"messagesService\",\"$document\",\"$location\",\"$log\",\"messageLanguageService\",\"messagesConstants\"];var c=o.Intl&&new o.Intl;function n(a,n,i,r,e,s,t){a.toggleMessagesBox=function(e,s,t){a.resetCurrentStatus(),e===a.moduleState.detail?(a.currentStatus.loadMessages=!1,s.IsRead||(s.IsRead=!0,n.beginMarkMessagesRead([s.Id],!0,!1).then(function(){i.triggerHandler(\"Roblox.Messages.CountChanged\")})),a.toggleSelection(t),a.messageContent.selectedMessage=s,void 0===o.Linkify||s.IsSystemMessage||(s.Body=o.Linkify.String(s.Body)),(s=r.search()).messageIdx=t,r.search(s)):(a.messageContent.selectedMessageIndexes=[],a.messageContent.selectedMessage=null),a.currentStatus.moduleState=e},a.messageContent.selectedAll=!1,a.messageContent.selectedMessageIndexes=[],a.resetCheckboxStatusByMessageIndexes=function(){l().forEach(a.messageContent.selectedMessageIndexes,function(e){a.messageContent.messages.data.Collection[e].checked=!1}),a.messageContent.selectedMessageIndexes=[],a.messageContent.selectedAll&&(a.messageContent.selectedAll=!1)},a.toggleSelection=function(e){var s=a.messageContent.selectedMessageIndexes.indexOf(e);-1<s?a.messageContent.selectedMessageIndexes.splice(s,1):a.messageContent.selectedMessageIndexes.push(e),a.messageContent.selectedMessageIndexes.length===a.messageContent.messages.data.Collection.length?a.messageContent.selectedAll=!0:a.messageContent.selectedAll&&(a.messageContent.selectedAll=!1)},a.checkAll=function(){a.messageContent.selectedAll=!a.messageContent.selectedAll,l().forEach(a.messageContent.messages.data.Collection,function(e,s){e.checked=a.messageContent.selectedAll,a.messageContent.selectedAll&&a.messageContent.selectedMessageIndexes.push(s)}),a.messageContent.selectedAll||(a.messageContent.selectedMessageIndexes=[])},a.sendMessage={disableReplyBtn:!1,disableSendBtn:!1,replyContent:\"\",sendComplete:!1,sendResult:{},includePreviousMessage:!0},a.shouldShowSystemUser=function(e){return a.currentStatus.activeTab!==s.tabDict.sent.name&&e.sender.id===t.defaultMessageInfo.robloxUserId},a.formatAndLocalizeDate=function(e){var s=c.getDateTimeFormatter(),e=new Date(e.Created);return(e.getFullYear()===(new Date).getFullYear()?s.getCustomDateTime(e,{month:\"short\",day:\"numeric\"}):s.getShortDate(e))+\" | \"+s.getCustomDateTime(e,{hour:\"numeric\",minute:\"numeric\"})}}t.A.controller(\"messagesContentController\",n),s.default=n},252:function(e,s,t){\"use strict\";t.r(s);var a=t(127),d=t.n(a),t=t(406);function n(o,t,a,n,l,i,r,c,e){o.initializeData=function(){var e=c.thumbnailTypes;o.thumbnailTypes=e,l.debug(\"scope from messagesController \");var s=d().copy(a.tabList),e=s.map(function(e){return e.name}).indexOf(\"notifications\");s.splice(e,1);e=d().copy(a.tabDict);delete e.notificationsTab,o.tabList=d().copy(s),o.tabDict=d().copy(e),o.moduleState=n,o.MESSAGEDEFAULTS=d().copy(r.defaultMessageInfo),o.currentStatus=o.currentStatus||a.currentStatusInitializedData,o.messageContent=d().copy(r.messageContentInitializedData),o.layout=d().copy(r.layoutInitializedData)},o.initializeTabs=function(e){1==e&&(o.tabList=d().copy(a.tabList),o.tabDict=d().copy(a.tabDict))},o.resetCurrentStatus=function(){o.currentStatus.isSingleMessageDetail&&(o.currentStatus.isSingleMessageDetail=!1)},o.resetMessageContent=function(){o.messageContent&&(o.messageContent.messages={},o.messageContent.selectedMessageIndexes=[],o.messageContent.selectedMessage=null),o.resetCurrentStatus()},o.getMessageDetailById=function(){o.resetMessageContent(),o.messageContent.loadingComplete=!1,o.currentStatus.loadMessages=!1,o.currentStatus.isSingleMessageDetail=!0,t.getMessageDetailById(o.currentStatus.conversationId).then(function(e){e&&(o.messageContent.loadingComplete=!0,o.currentStatus.loadMessages=!0,o.currentStatus.conversationId=null,o.currentStatus.moduleState=n.detail,o.messageContent.selectedMessage=e,o.messageContent.selectedMessage.IsRead||t.beginMarkMessagesRead([o.messageContent.selectedMessage.Id],!0,!1),i.triggerHandler(\"Roblox.Messages.CountChanged\"))},function(e){o.currentStatus.currentPage=1,o.currentStatus.totalPages=1,o.messageContent.loadingComplete=!0,o.messageContent.messages={data:e,hasError:!0}})},o.updateMessages=function(e,s){t.beginUpdateMessages(e,s-1).then(function(e){var s=e.PageNumber?+e.PageNumber+1:1;o.currentStatus.currentPage=s,o.currentStatus.totalPages=e.TotalPages||1,o.messageContent.loadingComplete=!0,o.messageContent.messages={data:e,hasError:!1},d().forEach(e.Collection,function(e){o.messageContent.messageDict[e.Id]=e});s=o.currentStatus.messageIdx;null!=s?(o.currentStatus.moduleState=n.detail,o.messageContent.selectedMessage=e.Collection[s],o.messageContent.selectedMessage.IsRead||t.beginMarkMessagesRead([o.messageContent.selectedMessage.Id],!0,!1)):o.currentStatus.moduleState=n.list,i.triggerHandler(\"Roblox.Messages.CountChanged\")},function(e){o.currentStatus.currentPage=1,o.currentStatus.totalPages=1,o.messageContent.loadingComplete=!0,o.messageContent.messages={data:e,hasError:!0}})},o.getMessages=function(e,s){o.messageContent.loadingComplete=!1,o.updateMessages(e,s)},o.$on(\"$stateChangeSuccess\",function(e,s,t,a,n){var i,r;l.debug(\" --- receiving route is changing --- \"),o.currentStatus.loadMessages?(i=t.page||1,r=d().isDefined(t.messageIdx)?t.messageIdx:null,o.currentStatus.activeTab=s.name,o.currentStatus.activeTabLabel=o.tabDict[s.name].label,o.currentStatus.messageIdx=r,d().isDefined(t.conversationId)?(o.currentStatus.conversationId=t.conversationId,o.getMessageDetailById(s.name,i)):o.getMessages(s.name,i)):o.currentStatus.loadMessages=!0}),o.init=function(){o.initializeData(),t.getPrivateMessagesRules().then(function(e){o.initializeTabs(e.displayNewsTab),o.displayInboxDeprecationBanner=e.displayInboxDeprecationBanner,o.displayInboxDeprecationBannerV2=e.displayInboxDeprecationBannerV2,o.displayInboxDeprecationBannerV3=e.displayInboxDeprecationBannerV3,o.displayInboxDeprecationBannerV4=e.displayInboxDeprecationBannerV4,o.hideInboxMessagingElements=e.hideInboxMessagingElements},function(){l.debug(\"call to universal app configuration failed\")}),e.getMetadata().then(function(s){o.tabList.some(function(e){e.name===a.tabDict.notifications.name&&(e.count=s?s.numOfAnnouncements:0)})})},o.init()}n.$inject=[\"$scope\",\"messagesService\",\"messageLanguageService\",\"moduleState\",\"$log\",\"$document\",\"messagesConstants\",\"thumbnailConstants\",\"announcementsService\"],t.A.controller(\"messagesController\",n),s.default=n},921:function(e,s,t){\"use strict\";t.r(s);var a=t(127),g=t.n(a),u=t(633),t=t(406);function n(i,r,o,e,l,s,c,d){return{restrict:\"A\",scope:{toggleMessagesBox:\"&\",shouldShowSystemUser:\"&\",selectedMessage:\"=\",sendMessage:\"=\",currentStatus:\"=\",messageDefaults:\"=\"},replace:!0,templateUrl:e.templates.messagesBodyTemplate,link:function(n){o.debug(\"============== message detail ==============\"),n.sendMessage.disableSendBtn=!1,n.sendMessage.disableReplyBtn=!1,n.sendMessage.sendComplete=!1,n.sendMessage.sendResult={},n.sendMessage.replyContent=\"\";var e=s.thumbnailTypes;n.thumbnailTypes=e,n.tabDict=g().copy(d.tabDict),n.sendReply=function(){o.debug(\"inside send reply function\"),n.sendMessage.disableSendBtn=!0;var e=r.trustAsHtml(n.sendMessage.replyContent).$$unwrapTrustedValue(),s=d.messages,t=s.sendSuccessfully,a=s.unknownError;i.beginSendMessage(n.selectedMessage.subject,e,n.selectedMessage.sender.id,n.selectedMessage.id,n.sendMessage.includePreviousMessage).then(function(){n.sendMessage.disableReplyBtn=!1,n.sendMessage.replyContent=\"\",l.triggerHandler(\"Roblox.Messages.MessageSent\"),c.openBanner(t,{type:c.bannerTypes.SUCCESS})},function(e){var s,t=a;null!=e&&e.message?t=e.message:0<(null==e||null===(s=e.errors)||void 0===s?void 0:s.length)&&(t=e.errors[0].message),c.openBanner(t,{type:c.bannerTypes.WARNING,isHtmlAllowed:!0})}).finally(function(){n.sendMessage.sendComplete=!0,n.sendMessage.disableSendBtn=!1})},n.presetMessage=function(e){n.sendMessage.replyContent=e.Message};try{(0,u.initRobloxBadgesFrameworkAgnostic)({overrideIconClass:\"verified-badge-icon-message-sender\"})}catch(e){}}}}n.$inject=[\"messagesService\",\"$sce\",\"$log\",\"messagesConstants\",\"$document\",\"thumbnailConstants\",\"systemFeedbackService\",\"messageLanguageService\"],t.A.directive(\"messagesDetail\",n),s.default=n},358:function(e,s,t){\"use strict\";t.r(s);var r=t(633),t=t(406);function a(e,n,i,s){return{restrict:\"A\",scope:!0,replace:!0,templateUrl:s.templates.messagesListTemplate,link:function(a){i.debug(\"============== message list ==============\"),a.$watch(function(){return a.messageContent.messages},function(e,s){var t;!e.hasError&&a.messageContent.loadingComplete&&(i.debug(\"  ========== roblox message page =========== \"),t=e.data?+e.data.PageNumber+1:1,\"notifications\"==a.currentStatus.activeTab?a.notifications=e.data:a.messages=e.data,n.search().page!=t&&(t=1<t?{page:t}:{},n.search(t)));try{(0,r.initRobloxBadgesFrameworkAgnostic)({overrideIconClass:\"verified-badge-icon-message-sender\"})}catch(e){}},!1)}}}a.$inject=[\"messagesService\",\"$location\",\"$log\",\"messagesConstants\"],t.A.directive(\"messagesList\",a),s.default=a},85:function(e,s,t){\"use strict\";t.r(s);t=t(406);function a(n,t,i,r,e){return{restrict:\"A\",scope:!0,replace:!0,templateUrl:e.templates.messagesNavTemplate,link:function(a){i.debug(\"message navigation\"),a.markRead=function(s){var t;i.debug(\"========Read=======\"),0<a.messageContent.selectedMessageIndexes.length&&(t=[],angular.forEach(a.messageContent.selectedMessageIndexes,function(e){a.messageContent.messages.data.Collection[e].IsRead=s,t.push(a.messageContent.messages.data.Collection[e].Id)}),a.resetCheckboxStatusByMessageIndexes(),n.beginMarkMessagesRead(t,s).then(function(){r.triggerHandler(\"Roblox.Messages.CountChanged\")}))},a.markArchive=function(e){i.debug(\"======= Archive========\");var s=[];0<a.messageContent.selectedMessageIndexes.length?(angular.forEach(a.messageContent.selectedMessageIndexes,function(e){s.push(a.messageContent.messages.data.Collection[e].Id)}),a.resetCheckboxStatusByMessageIndexes(),n.beginSetArchiveMessages(s,e).then(function(){a.getMessages(a.currentStatus.activeTab,a.currentStatus.currentPage),a.toggleMessagesBox(\"list\"),r.triggerHandler(\"Roblox.Messages.CountChanged\")})):null!==a.messageContent.selectedMessage&&(s.push(a.messageContent.selectedMessage.Id),n.beginSetArchiveMessages(s,e).then(function(){a.toggleMessagesBox(a.moduleState.list)}))},a.pagination=function(e){var s;switch(e){case\"prev\":s=a.currentStatus.currentPage-1;break;case\"next\":s=a.currentStatus.currentPage+1;break;case\"end\":s=a.currentStatus.totalPages;break;case\"start\":s=1;break;default:s=1}e=1<s?{page:s}:{},t.search(e)},a.requestReply=function(){a.sendMessage.disableReplyBtn=!0,a.sendMessage.disableSendBtn=!1,a.sendMessage.sendComplete=!1,a.sendMessage.sendResult={}}}}}a.$inject=[\"messagesService\",\"$location\",\"$log\",\"$document\",\"messagesConstants\"],t.A.directive(\"messagesNav\",a),s.default=a},487:function(e,s,t){\"use strict\";t.r(s);var a=t(577),t=t(406);function n(e,s){return{restrict:\"A\",scope:!0,replace:!0,templateUrl:s.templates.privateMessageBaseTemplate,link:function(e){var s=a.DeviceMeta&&new a.DeviceMeta;e.messageBaseLayout={isApp:s.isInApp}}}}n.$inject=[\"$log\",\"messagesConstants\"],t.A.directive(\"privateMessageBase\",n),s.default=n},733:function(e,s,t){\"use strict\";t.r(s);var a=t(406),i=t(577);function n(t,a,n){return{restrict:\"A\",scope:!0,replace:!0,templateUrl:a.templates.tabsHeaderTemplate,link:function(s){t.debug(\"..start roblox tabs ..\"),s.currentStatus.moduleState=s.moduleState.list,s.onClickTab=function(e){s.currentStatus.moduleState===s.moduleState.detail&&(s.currentStatus.isSingleMessageDetail||(s.currentStatus.loadMessages=!1),s.currentStatus.moduleState=s.moduleState.list),e.name!==s.currentStatus.activeTab&&s.resetMessageContent();try{i.EventStream&&e.name==n.tabDict.notifications.name&&i.EventStream.SendEventWithTarget(a.eventstreamParams.newsOpenContentEvent,a.eventstreamParams.ctx,{property:e.count},i.EventStream.TargetTypes.WWW)}catch(e){t.error(\"Failed to send event stream.\",e)}}}}}n.$inject=[\"$log\",\"messagesConstants\",\"messageLanguageService\"],a.A.directive(\"tabsHeader\",n),s.default=n},406:function(e,s,t){\"use strict\";var l=t(577),a=t(127),a=t.n(a)().module(\"messages\",[\"robloxApp\",\"ui.router\",\"thumbnails\",\"systemFeedback\"]).config([\"$stateProvider\",\"$urlRouterProvider\",\"$locationProvider\",\"$compileProvider\",\"languageResourceProvider\",function(e,s,t,a,n){var i=\"message-tab\",r=\"notification-tab\",o=window.location.href;-1!=o.indexOf(\"#\")&&-1==o.indexOf(\"#!\")&&(window.location.href=o.replace(\"#\",\"#!\")),t.html5Mode(!1),t.hashPrefix(\"!\"),s.otherwise(\"/inbox\"),e.state(\"inbox\",{url:\"/inbox?page&messageIdx&conversationId\",templateUrl:i,controller:\"messagesContentController\"}).state(\"sent\",{url:\"/sent?page&messageIdx\",templateUrl:i,controller:\"messagesContentController\"}).state(\"notifications\",{url:\"/notifications\",templateUrl:r,controller:\"messagesContentController\"}).state(\"archive\",{url:\"/archive?page&messageIdx\",templateUrl:i,controller:\"messagesContentController\"}),a.aHrefSanitizationWhitelist(/^\\s*(https?|ftp|mailto|robloxmobile|roblox):/),l.TranslationResourceProvider&&(a=(new l.TranslationResourceProvider).getTranslationResource(\"Feature.Messages\"),n.setTranslationResources([a]))}]);s.A=a},618:function(e,s,t){\"use strict\";t.r(s);var a=t(127),n=t.n(a),t=t(406);function i(e,s,t,a){return{getMetadata:function(){return e.httpGet(t.endpoints.getAnnouncementsMetadata)},getAnnouncements:function(){return e.httpGet(t.endpoints.getAnnouncements,null).then(function(e){return e&&e.collection&&(n().forEach(e.collection,function(e){a.processUserData(e.sender),a.convertResponseToPascalCase(e)}),a.convertResponseToPascalCase(e)),e})}}}i.$inject=[\"httpService\",\"$log\",\"messagesConstants\",\"messageUtility\"],t.A.factory(\"announcementsService\",i),s.default=i},977:function(e,s,t){\"use strict\";t.r(s);t=t(406);function a(e,s,t){var a=s,n={name:\"inbox\",label:a.get(\"Label.Inbox\")},i={name:\"sent\",label:a.get(\"Label.Sent\")},r={name:\"notifications\",label:a.get(\"Label.News\"),count:0},o={name:\"archive\",label:a.get(\"Label.Archive\")},s=[n,i,r,o],o={inbox:n,sent:i,notifications:r,archive:o};return{messages:{sendSuccessfully:a.get(\"Message.SendSuccessfully\"),unknownError:a.get(\"Message.UnknownError\")},tabList:s,tabDict:o,currentStatusInitializedData:{activeTabLabel:n.label,activeTab:n.name,currentPage:1,totalPages:1,moduleState:t.list,messageIdx:null,conversationId:null,loadMessages:!0,isSingleMessageDetail:!1}}}a.$inject=[\"$log\",\"languageResource\",\"moduleState\"],t.A.factory(\"messageLanguageService\",a),s.default=a},640:function(e,s,t){\"use strict\";t.r(s),t.d(s,{default:function(){return r}});var n=t(577),i=CoreUtilities,t=t(406);function a(e,a){return{appendAbuseReportUrl:function(e){var s;e&&(e.abuseReportUrl=(s=e.id,e=n.Endpoints.getAbsoluteUrl(\"/my/messages/\"),e=\"/AbuseReport/message?ID=\".concat(s,\"&RedirectUrl=\").concat(e),n.Endpoints.getAbsoluteUrl(e)))},convertResponseToPascalCase:function(t){t&&Object.keys(t).forEach(function(e){var s=e.charAt(0).toUpperCase()+e.substr(1);t[s]=t[e]})},processUserData:function(e){var s=e.name,t=e.id;e.UserName=i.concatTexts.concat([\"\",a(\"escapeHtml\")(s)],null,!1),e.UserId=t,e.profileLink=n.Endpoints.getAbsoluteUrl(\"/users/\".concat(e.id,\"/profile\"))}}}a.$inject=[\"$log\",\"$filter\"],t.A.factory(\"messageUtility\",a);var r=a},658:function(e,s,t){\"use strict\";t.r(s);var c=t(577),a=t(127),d=t.n(a),t=t(406);function n(r,e,o,a,t,n,i,l){return{getPrivateMessagesRules:function(){var e=new URLSearchParams;return e.append(\"version\",1),c.Guac.callBehaviour(\"private-messages-ui\",e)},beginUpdateMessages:function(e,s){return e===i.tabDict.notifications.name?n.getAnnouncements():(e=e,e={pageNumber:s,pageSize:o.maxRowsOfMessages,messageTab:e},r.httpGet(o.endpoints.getMessages,e).then(function(e){return e&&e.collection&&(d().forEach(e.collection,function(e){var s=e.recipient,t=e.sender;e.isSystemMessage;a.processUserData(s),a.processUserData(t),a.convertResponseToPascalCase(e),a.appendAbuseReportUrl(e)}),a.convertResponseToPascalCase(e)),e}))},getMessageDetailById:function(e){var s=o.endpoints.getMessageDetailById;return s.url=t(\"formatString\")(s.url,{messageId:e}),r.httpGet(s).then(function(e){return e&&(a.processUserData(e.recipient),a.processUserData(e.sender),a.convertResponseToPascalCase(e),a.appendAbuseReportUrl(e)),e})},beginMarkMessagesRead:function(e,s){s=s?o.endpoints.markMessagesRead:o.endpoints.markMessagesUnread,e={messageIds:e};return r.httpPost(s,e)},beginSetArchiveMessages:function(e,s){s=s?o.endpoints.archiveMessages:o.endpoints.unarchiveMessages,e={messageIds:e};return r.httpPost(s,e)},beginSendMessage:function(e,s,t,a,n){var i=o.endpoints.sendMessage,n={userId:parseInt(c.CurrentUser.userId,10),subject:e,body:s,recipientId:t,replyMessageId:a,includePreviousMessage:n};return r.httpPost(i,n).then(function(e){return e&&!e.success?l.reject(e):e})}}}n.$inject=[\"httpService\",\"$log\",\"messagesConstants\",\"messageUtility\",\"$filter\",\"announcementsService\",\"messageLanguageService\",\"$q\"],t.A.factory(\"messagesService\",n),s.default=n},677:function(e){e.exports='<div ng-switch=\"currentStatus.moduleState\" class=\"tab-content rbx-tab-content\"> <div messages-nav class=\"top-nav\"></div> <div ng-switch-when=\"list\"> <div messages-list></div> </div> <div ng-switch-when=\"detail\" class=\"roblox-message-body\"> <div messages-detail selected-message=\"messageContent.selectedMessage\" send-message=\"sendMessage\" current-status=\"currentStatus\" toggle-messages-box=\"toggleMessagesBox(\\'list\\')\" message-defaults=\"MESSAGEDEFAULTS\" should-show-system-user=\"shouldShowSystemUser(messageContent.selectedMessage)\" format-and-localize-date=\"formatAndLocalizeDate(messageContent.selectedMessage)\"></div> </div> <div ng-switch-when=\"list\" messages-nav class=\"bottom-nav\"></div> </div> '},306:function(e){e.exports='<div class=\"messages message-detail section-content\"> <system-feedback id=\"message-system-feedback\"></system-feedback> <div class=\"clearfix\"> <div class=\"subject roblox-send-message-subject\"> <h2 id=\"rbx-message-detail-subject\" class=\"message-detail-subject\"> {{ selectedMessage.Subject }} </h2> <div class=\"roblox-send-message-content\"> <div class=\"sender\"> <div class=\"roblox-avatar-image message-detail-image roblox-message-avatar\" ng-class=\"{\\'avatar\\': selectedMessage.Sender.UserId != messageDefaults.robloxUserId,\\'avatar-headshot-sm\\': selectedMessage.Sender.UserId != messageDefaults.robloxUserId }\"> <a ng-if=\"shouldShowSystemUser(selectedMessage)\" ng-href=\"{{ selectedMessage.SenderAbsoluteUrl }}\" class=\"avatar-card-link icon-logo-r icon-logo-notification system-card-image\"> </a> <a ng-if=\"!shouldShowSystemUser(selectedMessage)\" ng-href=\"{{ currentStatus.activeTab === tabDict.sent.name ? selectedMessage.recipient.profileLink : selectedMessage.sender.profileLink }}\" class=\"avatar-card-link\"> <thumbnail-2d class=\"avatar-card-image\" thumbnail-type=\"thumbnailTypes.avatarHeadshot\" thumbnail-target-id=\"selectedMessage.sender.id\" ng-if=\"currentStatus.activeTab !== tabDict.sent.name\"> </thumbnail-2d> <thumbnail-2d class=\"avatar-card-image\" thumbnail-type=\"thumbnailTypes.avatarHeadshot\" thumbnail-target-id=\"selectedMessage.recipient.id\" ng-if=\"currentStatus.activeTab === tabDict.sent.name\"> </thumbnail-2d> </a> </div> <div class=\"roblox-sender-link\" ng-if=\"currentStatus.activeTab !== tabDict.sent.name\"> <a class=\"paired-name text-name font-header-2 username-container\" ng-href=\"{{ selectedMessage.sender.profileLink }}\"> <span class=\"verified-badge-container\"> <span ng-bind=\"selectedMessage.sender.displayName\"></span> <span ng-if=\"selectedMessage.sender.hasVerifiedBadge\" class=\"verified-badge-icon-message-sender\" data-size=\"CaptionHeader\" data-overrideimgclass=\"verified-badge-icon-message-sender-rendered\" data-disablemodal></span> </span> <span class=\"text-label username-handle-container\" ng-bind=\"selectedMessage.sender.UserName\"></span> </a> <span class=\"date-detail text-date-hint\">{{ selectedMessage.Created | datetime: \\'full\\'}}</span> </div> <div class=\"roblox-sender-link\" ng-if=\"currentStatus.activeTab === tabDict.sent.name\"> <a class=\"paired-name text-name username-container font-header-2\" ng-href=\"{{ selectedMessage.recipient.profileLink }}\"> <span class=\"verified-badge-container\"> <span ng-bind=\"selectedMessage.recipient.displayName\"></span> <span ng-if=\"selectedMessage.recipient.hasVerifiedBadge\" class=\"verified-badge-icon-message-sender\" data-size=\"CaptionHeader\" data-overrideimgclass=\"verified-badge-icon-message-sender-rendered\" data-disablemodal></span> </span> <span class=\"text-label username-handle-container\" ng-bind=\"selectedMessage.recipient.UserName\"></span> </a> <span class=\"date-detail text-label xsmall\">{{ selectedMessage.Created | datetime: \\'full\\'}}</span> </div> </div> <a ng-if=\"selectedMessage.IsReportAbuseDisplayed == true\" ng-href=\"{{ selectedMessage.abuseReportUrl }}\" ng-bind=\"\\'Action.ReportAbuse\\' | translate\" class=\"abuse-button text-report roblox-abuse-btn roblox-abuse-btn abuse-report-modal\"></a> </div> </div> </div> <div class=\"body text clearfix message-detail-body\"> <div ng-bind-html=\"selectedMessage.Body\"></div> </div> <div class=\"message-reply\" ng-hide=\"sendMessage.disableReplyBtn == false || sendMessage.sendResult.hasError == false\"> <textarea rows=\"2\" cols=\"20\" class=\"border messages-reply-box text-box\" placeholder=\"{{ \\'Message.ReplyHere\\' | translate }}\" ng-model=\"sendMessage.replyContent\" ng-disabled=\"sendMessage.disableSendBtn == true\" focus-me=\"{{ sendMessage.disableReplyBtn }}\"></textarea> <div class=\"message-reply-footer\"> <div class=\"roblox-sendMessage-action\"> <button class=\"roblox-sendMessage btn-primary-sm\" ng-bind=\"\\'Action.SendReply\\' | translate\" ng-click=\"sendReply()\" ng-disabled=\"sendMessage.disableSendBtn == true || sendMessage.replyContent.length == 0\"></button> </div> <div class=\"include-previous-message\"> <div class=\"checkbox messageCheckbox\"> <input id=\"includePreviousMessage\" type=\"checkbox\" ng-checked=\"sendMessage.includePreviousMessage\" ng-model=\"sendMessage.includePreviousMessage\"/> <label id=\"includePreviousMessage\" for=\"includePreviousMessage\" ng-bind=\"\\'Label.IncludeMessage\\'| translate\"></label> </div> </div> <div ng-bind=\"\\'Message.IdTheftWarning\\' | translate\" class=\"text-warning xsmall\"></div> </div> </div> </div>'},163:function(e){e.exports='<div ng-switch=\"currentStatus.activeTab\"> <div ng-switch-when=\"notifications\" class=\"notifications\"> <div id=\"Notifications\" class=\"messages notifications-list\"> <div ng-show=\"notifications.TotalCollectionSize == 0\" class=\"section-content-off\"> <span ng-bind=\"\\'Message.NoNews\\' | translate\"></span> </div> <div class=\"border-top message-news sub-divider-bottom messageDivider\" ng-repeat=\"notification in notifications.Collection\" ng-click=\"showBody = !showBody\" ng-class=\"{\\'opened\\': showBody}\"> <div class=\"clearfix\"> <div class=\"roblox-avatar-image\" ng-class=\"{\\'roblox-system-image\\': notification.Sender.UserId == MESSAGEDEFAULTS.robloxUserId, \\'avatar\\': notification.Sender.UserId != MESSAGEDEFAULTS.robloxUserId, \\'avatar-headshot-sm\\': notification.Sender.UserId != MESSAGEDEFAULTS.robloxUserId}\"> <a ng-if=\"notification.Sender.UserId === MESSAGEDEFAULTS.robloxUserId\" class=\"icon-logo-r icon-logo-notification\"> </a> <a class=\"avatar-card-link\" ng-if=\"notification.Sender.UserId !== MESSAGEDEFAULTS.robloxUserId\"> <thumbnail-2d class=\"avatar-card-image\" thumbnail-type=\"thumbnailTypes.avatarHeadshot\" thumbnail-target-id=\"notification.sender.id\"></thumbnail-2d> </a> </div> <div class=\"roblox-message-title clearfix roblox-message-summary\"> <span class=\"roblox-message-subject\"> <a class=\"paired-name username-container font-header-2\" ng-hide=\"showBody\"> <span class=\"verified-badge-container\"> <span ng-bind=\"notification.sender.displayName\"></span> <span ng-if=\"notification.sender.hasVerifiedBadge\" class=\"verified-badge-icon-message-sender\" data-size=\"CaptionHeader\" data-overrideimgclass=\"verified-badge-icon-message-sender-rendered\" data-disablemodal></span> </span> <span ng-bind=\"notification.sender.UserName\"></span> </a> <a class=\"paired-name username-container font-header-2\" ng-show=\"showBody\" ng-click=\"showBody = false\" ng-href=\"{{ notification.sender.profileLink }}\"> <span class=\"verified-badge-container\"> <span ng-bind=\"notification.sender.displayName\"></span> <span ng-if=\"notification.sender.hasVerifiedBadge\" class=\"verified-badge-icon-message-sender\" data-size=\"CaptionHeader\" data-overrideimgclass=\"verified-badge-icon-message-sender-rendered\" data-disablemodal></span> </span> <span ng-bind=\"notification.sender.UserName\"></span> </a> <div class=\"text-subject\">{{ notification.Subject }}</div> </span> <span class=\"text-date-hint message-summary-date greyedout\" style=\"float:right\" ng-bind=\"formatAndLocalizeDate(notification)\"></span> </div> </div> <div class=\"font-caption-body message-body news-body\" ng-class=\"{\\'opened\\': showBody}\" ng-hide=\"!showBody\"> <span ng-bind-html=\"notification.Body\"><br/></span> </div> </div> </div> </div> <div ng-switch-default> <div id=\"MessagesInbox\" class=\"messages\"> <div ng-show=\"messages.TotalCollectionSize == 0\" ng-switch=\"currentStatus.activeTab\" class=\"section-content-off\"> <span ng-switch-when=\"archive\" ng-bind=\"\\'Label.NoMessagesInArchive\\' | translate\"></span> <span ng-switch-when=\"inbox\" ng-bind=\"\\'Label.NoMessagesInInbox\\' | translate\"></span> <span ng-switch-when=\"sent\" ng-bind=\"\\'Label.NoSentMessages\\' | translate\"></span> </div> <div class=\"border-top sub-divider-bottom messageDivider roblox-message-row\" ng-class=\"{\\'unread\\': message.IsRead === false && currentStatus.activeTab !== tabDict.sent.name,\\'read\\': message.IsRead === true && currentStatus.activeTab !== tabDict.sent.name}\" ng-repeat=\"message in messages.Collection\"> <a class=\"messageRowAnchor\"></a> <div class=\"checkbox messageCheckbox roblox-inboxCheckbox\" ng-class=\"{robloxInvisibility: currentStatus.activeTab === tabDict.sent.name}\"> <input type=\"checkbox\" id=\"inbox{{ $index }}\" ng-checked=\"message.checked\" ng-model=\"message.checked\" class=\"inbox-check userCheckbox\"/> <label for=\"inbox{{ $index }}\" id=\"userCheckbox\" ng-click=\"toggleSelection($index)\"></label> </div> <div class=\"roblox-avatar-image\" ng-class=\"{\\'roblox-system-image\\': message.Sender.UserId == MESSAGEDEFAULTS.robloxUserId, \\'avatar\\':message.Sender.UserId != MESSAGEDEFAULTS.robloxUserId, \\'avatar-headshot-sm\\': message.Sender.UserId != MESSAGEDEFAULTS.robloxUserId}\"> <a ng-if=\"shouldShowSystemUser(message)\" ng-click=\"toggleMessagesBox(\\'detail\\', message, $index)\" class=\"avatar-card-link icon-logo-r icon-logo-notification\"> </a> <a ng-if=\"!shouldShowSystemUser(message)\" ng-click=\"toggleMessagesBox(\\'detail\\', message, $index)\" class=\"avatar-card-link\"> <thumbnail-2d class=\"avatar-card-image\" thumbnail-type=\"thumbnailTypes.avatarHeadshot\" thumbnail-target-id=\"message.sender.id\" ng-if=\"currentStatus.activeTab !== tabDict.sent.name\"> </thumbnail-2d> <thumbnail-2d class=\"avatar-card-image\" thumbnail-type=\"thumbnailTypes.avatarHeadshot\" thumbnail-target-id=\"message.recipient.id\" ng-if=\"currentStatus.activeTab === tabDict.sent.name\"> </thumbnail-2d> </a> </div> <div class=\"roblox-messageRow roblox-message-summary\" ng-click=\"toggleMessagesBox(\\'detail\\', message, $index)\"> <div class=\"wrapped-text message-summary-body\"> <span class=\"paired-name message-summary-username-block positionAboveLink font-header-2\" ng-if=\"currentStatus.activeTab !== tabDict.sent.name\"> <span class=\"verified-badge-container\"> <span ng-bind=\"message.sender.displayName\"></span> <span ng-if=\"message.sender.hasVerifiedBadge\" class=\"verified-badge-icon-message-sender\" data-size=\"CaptionHeader\" data-overrideimgclass=\"verified-badge-icon-message-sender-rendered\" data-disablemodal></span> </span> <span class=\"message-summary-username\" ng-bind=\"message.sender.UserName\"></span> </span> <span class=\"paired-name message-summary-username-block positionAboveLink font-header-2\" ng-if=\"currentStatus.activeTab === tabDict.sent.name\"> <span class=\"verified-badge-container\"> <span ng-bind=\"message.recipient.displayName\"></span> <span ng-if=\"message.recipient.hasVerifiedBadge\" class=\"verified-badge-icon-message-sender\" data-size=\"CaptionHeader\" data-overrideimgclass=\"verified-badge-icon-message-sender-rendered\" data-disablemodal></span> </span> <span ng-bind=\"message.recipient.UserName\"></span> </span> <div class=\"text-label text-overflow message-summary-content\"> <span class=\"font-subheader-2 text-subheader subject\" ng-bind=\"message.Subject\">-</span> <span ng-bind-html=\"message.Body | htmlToPlaintext\" class=\"text-preview\"></span> </div> </div> <span class=\"font-caption-body text-date-hint text message-summary-date text-messageDate read\" ng-bind=\"formatAndLocalizeDate(message)\"></span> </div> </div> </div> </div> </div>'},594:function(e){e.exports='<div id=\"inbox-general-buttons\" class=\"inbox-buttons\" ng-switch=\"currentStatus.moduleState\" ng-class=\"{\\'invisible\\': !messageContent.loadingComplete}\"> <div ng-switch-when=\"list\"> <div class=\"roblox-messages-btns\" ng-show=\"messageContent.messages.data.TotalCollectionSize > 0\"> <div ng-if=\"currentStatus.activeTab === tabDict.inbox.name\" class=\"message-actions\"> <div class=\"checkbox messageCheckbox\"> <input id=\"messageCheckbox\" type=\"checkbox\" ng-checked=\"messageContent.selectedAll\" ng-click=\"checkAll()\"/> <label id=\"messageCheckbox\" ng-bind=\"\\'Label.All\\' | translate\" for=\"messageCheckbox\"></label> </div> <span class=\"action-buttons hidden-xs\"> <button class=\"btn-control-sm roblox-archiveButton\" ng-bind=\"\\'Action.Archive\\' | translate\" ng-click=\"markArchive(true)\"></button> <button class=\"btn-control-sm roblox-markAsReadInbox\" ng-bind=\"\\'Action.MarkAsRead\\' | translate\" ng-click=\"markRead(true)\"></button> <button class=\"btn-control-sm roblox-markAsUnreadInbox\" ng-bind=\"\\'Action.MarkAsUnread\\' | translate\" ng-click=\"markRead(false)\"></button> </span> <span class=\"action-buttons hidden-sm hidden-md hidden-lg\" ng-show=\"messageContent.selectedMessageIndexes.length > 0\"> <button class=\"btn-control-sm roblox-archiveButton\" ng-bind=\"\\'Action.Archive\\' | translate\" ng-click=\"markArchive(true)\"></button> <button class=\"btn-control-sm roblox-markAsReadInbox\" ng-bind=\"\\'Action.MarkAsRead\\' | translate\" ng-click=\"markRead(true)\"></button> <button class=\"btn-control-sm roblox-markAsUnreadInbox\" ng-bind=\"\\'Action.MarkAsUnread\\' | translate\" ng-click=\"markRead(false)\"></button> </span> </div> <div id=\"pagingInbox\"> <ul id=\"pagingInbox\" class=\"pagingDiv pagination-container clearfix pager\" data-toggle=\"pager\" ng-if=\"currentStatus.totalPages > 1\" ng-cloak> <li class=\"first\"> <button class=\"btn-generic-first-page-sm\" ng-click=\"pagination(\\'start\\')\" ng-disabled=\"currentStatus.currentPage == 1\"> <span class=\"icon-first-page\"></span> </button> </li> <li id=\"previous\" class=\"pager-prev\"> <button class=\"btn-generic-left-sm\" ng-click=\"pagination(\\'prev\\')\" ng-disabled=\"currentStatus.currentPage == 1\"> <span class=\"icon-left\"></span> </button> </li> <li class=\"pager-cur\"> <span id=\"rbx-current-page\" class=\"CurrentPage\" ng-bind=\"currentStatus.currentPage\">1</span> </li> <li class=\"pager-total\"> <span>/</span> <span ng-bind=\"currentStatus.totalPages\" class=\"TotalPages\">35</span> </li> <li id=\"next\" class=\"pager-next\"> <button class=\"btn-generic-right-sm\" ng-click=\"pagination(\\'next\\')\" ng-disabled=\"currentStatus.currentPage == currentStatus.totalPages\"> <span class=\"icon-right\"></span> </button> </li> <li class=\"last\"> <button class=\"btn-generic-last-page-sm\" ng-click=\"pagination(\\'end\\')\" ng-disabled=\"currentStatus.currentPage == currentStatus.totalPages\"> <span class=\"icon-last-page\"></span> </button> </li> </ul> </div> <div ng-if=\"currentStatus.activeTab === tabDict.archive.name\" class=\"message-actions\"> <div class=\"checkbox messageCheckbox\"> <input id=\"messageCheckbox\" type=\"checkbox\" ng-checked=\"messageContent.selectedAll\" ng-click=\"checkAll()\"/> <label id=\"messageCheckbox\" for=\"messageCheckbox\" ng-bind=\"\\'Label.All\\' | translate\"></label> </div> <span class=\"action-buttons hidden-xs\"> <button class=\"roblox-moveToInboxButton btn-control btn-control-sm\" ng-bind=\"\\'Action.MoveToInbox\\' | translate\" ng-click=\"markArchive(false)\"></button> <button class=\"roblox-markAsReadInbox btn-control btn-control-sm\" ng-bind=\"\\'Action.MarkAsRead\\' | translate\" ng-click=\"markRead(true)\"></button> <button class=\"roblox-markAsUnreadInbox btn-control btn-control-sm\" ng-bind=\"\\'Action.MarkAsUnread\\' | translate\" ng-click=\"markRead(false)\"></button> </span> <span class=\"action-buttons hidden-sm hidden-md hidden-lg\" ng-show=\"messageContent.selectedMessageIndexes.length > 0\"> <button class=\"roblox-moveToInboxButton btn-control btn-control-sm\" ng-bind=\"\\'Action.MoveToInbox\\' | translate\" ng-click=\"markArchive(false)\"></button> <button class=\"roblox-markAsReadInbox btn-control btn-control-sm\" ng-bind=\"\\'Action.MarkAsRead\\' | translate\" ng-click=\"markRead(true)\"></button> <button class=\"roblox-markAsUnreadInbox btn-control btn-control-sm\" ng-bind=\"\\'Action.MarkAsUnread\\' | translate\" ng-click=\"markRead(false)\"></button> </span> </div> </div> </div> <div ng-switch-when=\"detail\"> <div class=\"roblox-messages-btns\"> <button class=\"roblox-message-back-btn btn-generic-back-sm\" ng-click=\"toggleMessagesBox(\\'list\\')\"> <span class=\"icon-back\"></span> </button> <div ng-if=\"currentStatus.activeTab === tabDict.inbox.name && !currentStatus.isSingleMessageDetail\"> <button class=\"btn-control roblox-message-large-btn message-detail-mark-archive btn-control-sm\" ng-bind=\"\\'Action.Archive\\' | translate\" ng-click=\"markArchive(true)\"></button> </div> <div ng-if=\"currentStatus.activeTab === tabDict.archive.name && !currentStatus.isSingleMessageDetail\"> <button id=\"roblox-archive-btn\" class=\"btn-control roblox-message-large-btn btn-control-sm\" ng-bind=\"\\'Action.MoveToInbox\\' | translate\" ng-click=\"markArchive(false)\"></button> </div> </div> </div> </div> '},717:function(e){e.exports=\"<div messages-list> </div>\"},172:function(e){e.exports='<div> <h1 ng-bind=\"\\'Heading.Message\\'|translate\" ng-hide=\"messageBaseLayout.isApp\"></h1> <div class=\"rbx-tabs-horizontal rbx-scrollable-tabs-horizontal roblox-messages-container\" ng-controller=\"messagesController\"> <div tabs-header></div> <ui-view class=\"tab-content rbx-tab-content tab-active\"></ui-view> </div> </div> '},570:function(e){e.exports='<ul class=\"nav nav-tabs\" ng-init=\"currentStatus.activeTab\"> <li class=\"rbx-tab\" ng-repeat=\"tab in tabList\" ng-class=\"{\\'active\\': currentStatus.activeTab == tab.name}\" ng-click=\"onClickTab(tab)\"> <a class=\"rbx-tab-heading\" ui-sref=\"{{tab.name}}\"> <span class=\"text-lead\">{{tab.label}}</span> <span class=\"notification-red notification\" ng-show=\"tab.count\">{{tab.count}}</span> </a> </li> </ul> '},577:function(e){\"use strict\";e.exports=Roblox},633:function(e){\"use strict\";e.exports=RobloxBadges},127:function(e){\"use strict\";e.exports=angular}},a={};function r(e){var s=a[e];if(void 0!==s)return s.exports;s=a[e]={exports:{}};return t[e](s,s.exports,r),s.exports}r.n=function(e){var s=e&&e.__esModule?function(){return e.default}:function(){return e};return r.d(s,{a:s}),s},r.d=function(e,s){for(var t in s)r.o(s,t)&&!r.o(e,t)&&Object.defineProperty(e,t,{enumerable:!0,get:s[t]})},r.o=function(e,s){return Object.prototype.hasOwnProperty.call(e,s)},r.r=function(e){\"undefined\"!=typeof Symbol&&Symbol.toStringTag&&Object.defineProperty(e,Symbol.toStringTag,{value:\"Module\"}),Object.defineProperty(e,\"__esModule\",{value:!0})},function(){\"use strict\";var e=r(127),s=r.n(e),t=r(525),a=r(406);(0,t.importFilesUnderPath)(r(757)),(0,t.importFilesUnderPath)(r(28)),(0,t.importFilesUnderPath)(r(608)),(0,t.importFilesUnderPath)(r(247));var e=r(248),n=(0,t.templateCacheGenerator)(s(),\"messagesHtmlTemplate\",e),i=document.getElementById(\"private-message\")||document.getElementById(\"private-message-web-app\");i&&\"private-message-web-app\"==i.id&&(i.classList.add(\"messages-container\"),(e=document.createElement(\"div\")).setAttribute(\"private-message-base\",\"\"),i.appendChild(e)),s().element(function(){s().bootstrap(i,[a.A.name,n.name])})}()}();\n//# sourceMappingURL=https://sourcemaps.rbxcdn.com/dd2886d24ca4c8a4364a541226379806-privateMessage.bundle.min.js.map\n\n/* Bundle detector */\nwindow.Roblox && window.Roblox.BundleDetector && window.Roblox.BundleDetector.bundleDetected(\"PrivateMessage\");"
  }
}